_id	data	hora	natureza_acidente	situacao	bairro	endereco	numero	detalhe_endereco_acidente	complemento	bairro_cruzamento	num_semaforo	sentido_via	tipo	auto	moto	ciclom	ciclista	pedestre	onibus	caminhao	viatura	outros	vitimas	vitimasfatais	acidente_verificado	tempo_clima	situacao_semaforo	sinalizacao	condicao_via	conservacao_via	ponto_controle	situacao_placa	velocidade_max_via	mao_direcao	divisao_via1	divisao_via2	divisao_via3
135	2021-01-21T00:00:00	21:49:40	COM VÍTIMA	FINALIZADA	CASA FORTE	AV DEZESSETE DE AGOSTO	""	""	EM FRENTE AO BURGUER KING, PROXIMO DO SHOPPING PLAZA	CASA FORTE	""	""	COLISÃO LATERAL	1	1	0	0	0	0	0	0	0	1	0	Esquina	Chuvoso	Sem defeito	Perfeito estado	Seca	Perfeito estado	Faixa de pedestre	R-6a	""	Dupla	Faixa contínua	Faixa seccionada	""
136	2021-01-22T00:00:00	08:15:00	COM VÍTIMA	CANCELADA	PARNAMIRIM	RUA SEBASTIAO ALVES	""	EST DO ARRAIAL	EM   BAIXO  DO  SEMAFORO  421    EM  FRENTE  A  FARMACIA  DO TRABALHADOR	PARNAMIRIM	""	""	COLISÃO	2	0	0	0	0	0	0	0	0	1	0	""	""	""	""	""	""	""	""	""	""	""	""	""
137	2021-01-22T00:00:00	12:02:00	COM VÍTIMA	FINALIZADA	CASA FORTE	AV DEZESSETE DE AGOSTO	""	""	EM FRENTE AO BANCO DO BRASIL	CASA FORTE	""	""	COLISÃO LATERAL	0	2	0	0	0	0	0	0	0	2	0	Longo da via	Bom	""	Perfeito estado	Seca	Perfeito estado	""	""	60 km/h	Dupla	Faixa contínua	""	""
138	2021-01-22T00:00:00	13:15:00	SEM VÍTIMA	FINALIZADA	BOA VISTA	RUA DO PRINCIPE	""	RUA NUNES MACHADO	RUA NUNES MACHADO	BOA VISTA	""	""	COLISÃO LATERAL	2	0	0	0	0	0	0	0	0	0	0	Longo da via	Bom	Não existe	Perfeito estado	Seca	Perfeito estado	Não existe	Não há placas	""	Única	Faixa contínua	""	""
139	2021-01-22T00:00:00	13:21:00	COM VÍTIMA	FINALIZADA	BOMBA DO HEMETÉRIO	RUA BOMBA DO HEMETERIO	171	""	POR TRAS DO GIGANTE DO SAMBA	BOMBA DO HEMETÉRIO	""	""	COLISÃO TRASEIRA	1	1	0	0	0	0	0	0	0	1	0	Longo da via	Chuvoso	Não existe	Não existente	Molhada	Perfeito estado	Não existe	Não há placas	""	Dupla	Faixa seccionada	""	""
140	2021-01-22T00:00:00	16:38:00	COM VÍTIMA	FINALIZADA	JARDIM SÃO PAULO	AV RECIFE	5536	""	""	JARDIM SÃO PAULO	""	""	ATROPELAMENTO	0	1	0	0	1	0	0	0	0	1	0	Longo da via	Bom	Não existe	Perfeito estado	Seca	Perfeito estado	Não existe	Não há placas	50 km/h	Dupla	Canteiro central	""	""
141	2021-01-22T00:00:00	16:52:00	COM VÍTIMA	CANCELADA	AFOGADOS	RUA ARQUITETO LUIZ NUNES	234	""	APOS O DEPATRI PROX AO BANCO DO BRASIL	AFOGADOS	""	""	COLISÃO COM CICLISTA	1	0	0	1	0	0	0	0	0	1	0	""	""	""	""	""	""	""	""	""	""	""	""	""
142	2021-01-22T00:00:00	18:27:00	COM VÍTIMA	FINALIZADA	CORDEIRO	AV CAXANGA	""	AV GENERAL SAN MARTIN	SEMÁFORO 080 / PRÓX A INTEGRAÇÃO GETULIO VARGAS	CORDEIRO	""	""	COLISÃO LATERAL	1	1	0	0	0	0	0	0	0	1	0	Longo da via	Bom	Sem defeito	Perfeito estado	Seca	Perfeito estado	""	""	60 km/h	Única	Faixa seccionada	""	""
143	2021-01-22T00:00:00	20:49:40	COM VÍTIMA	FINALIZADA	BOA VIAGEM	RUA CAMBUI	""	RUA DEZ DE JULHO	PROX A ESTAÇAO DO AEROPORTO	BOA VIAGEM	""	""	COLISÃO TRANSVERSAL	1	2	0	0	0	0	0	0	0	1	0	Cruzamento	Bom	Não existe	Incompleta	Seca	Mal conservada	Não existe	"Placas ""Pare"""	""	Única	Faixa seccionada	""	""
144	2021-01-22T00:00:00	21:52:40	SEM VÍTIMA	FINALIZADA	JORDÃO	AV MARIA IRENE	1246	""	E/F A CASA DE RAÇÃO WS PET SHOP / PRÓX A ASSEMBLEIA DE DEUS	JORDÃO	""	""	COLISÃO LATERAL	1	0	0	0	0	0	0	1	0	0	0	Longo da via	Bom	Não existe	Perfeito estado	Seca	Perfeito estado	Não existe	Não há placas	""	Única	Não existe	""	""
145	2021-01-23T00:00:00	11:28:00	SEM VÍTIMA	FINALIZADA	DERBY	AV GOVERNADOR AGAMENON MAGALHAES	""	PRC DO DERBY	EM FRENTE A PRAÇA	DERBY	75	OLINDA	COLISÃO LATERAL	1	0	0	0	0	0	0	1	0	0	0	Longo da via	Bom	Sem defeito	Perfeito estado	Seca	Perfeito estado	Faixa de pedestre	Outras	60KM/H	Dupla	Faixa seccionada	""	""
146	2021-01-23T00:00:00	11:39:00	SEM VÍTIMA	CANCELADA	PORTO DA MADEIRA	RUA SATURNO	60 A	AV BEBERIBE	RUAS EM FRENTE AO COLEGIO NOVENTA GRAUS	PORTO DA MADEIRA	""	""	COLISÃO	2	0	0	0	0	0	0	0	0	0	0	""	""	""	""	""	""	""	""	""	""	""	""	""
147	2021-01-23T00:00:00	12:16:00	COM VÍTIMA	FINALIZADA	CAXANGÁ	RUA RIBEIRO PESSOA	945	""	EM FRENTE AO PARAÍSO HOTEL	CAXANGÁ	""	""	COLISÃO LATERAL	1	1	0	0	0	0	0	0	0	1	0	Longo da via	Bom	Não existe	Não existente	Seca	Perfeito estado	Faixa de pedestre	""	""	Dupla	Não existe	""	""
148	2021-01-23T00:00:00	12:20:00	SEM VÍTIMA	FINALIZADA	CAMPO GRANDE	EST DE BELEM	""	""	PRÓX AO CENTRO DE CONVENÇÕES	CAMPO GRANDE	""	""	COLISÃO	3	0	0	0	0	0	0	0	0	0	0	""	""	""	""	""	""	""	""	""	""	""	""	""
149	2021-01-23T00:00:00	14:17:00	COM VÍTIMA	FINALIZADA	ENCRUZILHADA	AV BEBERIBE	542	""	PROXIMO AO PADEIRÃO	ENCRUZILHADA	""	""	COLISÃO TRANSVERSAL	1	0	1	0	0	0	0	0	0	1	0	Longo da via	Bom	Não existe	Perfeito estado	Seca	Perfeito estado	Não existe	Não há placas	40 km/h	Dupla	Faixa seccionada	""	""
150	2021-01-23T00:00:00	19:41:00	COM VÍTIMA	FINALIZADA	BOA VIAGEM	RUA VISCONDE DE JEQUITINHONHA	""	RUA BALTAZAR PASSOS	""	BOA VIAGEM	""	""	COLISÃO TRANSVERSAL	2	0	0	0	0	0	0	0	0	1	0	Cruzamento	Bom	Sem defeito	Perfeito estado	Seca	Perfeito estado	Faixa de pedestre	Outras	""	Única	Faixa seccionada	Canteiro central	""
151	2021-01-24T00:00:00	12:06:00	COM VÍTIMA	FINALIZADA	SANTO AMARO	AV NORTE	866	""	E/F A O CRAS DE SANTO AMARO S/T MACAXEIRA	SANTO AMARO	""	""	COLISÃO LATERAL	1	1	0	0	0	0	0	0	0	1	0	Longo da via	Bom	Não existe	Perfeito estado	Seca	Perfeito estado	Não existe	Não há placas	""	Dupla	Canteiro central	""	""
152	2021-01-24T00:00:00	14:27:00	COM VÍTIMA	CANCELADA	DOIS UNIDOS	RUA JORNALISTA NELSON FIRMO	50	""	PROXIMO AO BAR DO GEORGE	DOIS UNIDOS	""	""	COLISÃO	1	1	0	0	0	0	0	0	0	1	0	""	""	""	""	""	""	""	""	""	""	""	""	""
153	2021-01-24T00:00:00	20:19:00	COM VÍTIMA	CANCELADA	IPSEP	RUA JEAN EMILE FAVRE	1363	""	E/F A DROGASIL	IPSEP	""	""	COLISÃO	1	1	0	0	0	0	0	0	0	1	0	""	""	""	""	""	""	""	""	""	""	""	""	""
154	2021-01-25T00:00:00	12:26:00	SEM VÍTIMA	FINALIZADA	NOVA DESCOBERTA	RUA CORREGO DA AREIA	""	""	EM FRENTE À ESCOLA MUNICIPAL DE CASA AMARELA	NOVA DESCOBERTA	""	""	COLISÃO LATERAL	1	0	0	0	0	0	1	0	0	0	0	Longo da via	Bom	Não existe	Perfeito estado	Seca	Perfeito estado	Não existe	Não há placas	""	Dupla	Não existe	""	""
155	2021-01-25T00:00:00	16:06:00	COM VÍTIMA	CANCELADA	SAN MARTIN	RUA VINTE E UM DE ABRIL	""	""	PRÓX À LOJA DE MÓVEIS MULTILAR / NA FRENTE DA LOTERICA MONTE CARLOS / NA LOJA MULTILAR	SAN MARTIN	""	""	COLISÃO	1	1	0	0	0	0	0	0	0	2	0	""	""	""	""	""	""	""	""	""	""	""	""	""
156	2021-01-25T00:00:00	16:34:00	COM VÍTIMA	FINALIZADA	BOA VIAGEM	RUA ANTONIO FALCAO	565	RUA PROFESSOR JULIO FERREIRA DE MELO	PRÓX À DEPIL	BOA VIAGEM	""	""	COLISÃO LATERAL	1	1	0	0	0	0	0	0	0	1	0	Longo da via	Bom	Não existe	Perfeito estado	Seca	Perfeito estado	Não existe	Não há placas	""	Única	Faixa seccionada	""	""
157	2021-01-25T00:00:00	16:48:00	COM VÍTIMA	FINALIZADA	JARDIM SÃO PAULO	RUA DAMASCO	55	RUA ALFREDO DUARTE FILHO	EM FRENTE AO NUMERO 55 / PROX A IGREJA SAO PAULO / NO CRUZAMENTO	JARDIM SÃO PAULO	""	""	COLISÃO FRONTAL	1	1	0	0	0	0	0	0	0	1	0	Cruzamento	Bom	Não existe	Perfeito estado	Seca	Perfeito estado	Não existe	Não há placas	30 km/h	Dupla	Não existe	""	""
158	2021-01-25T00:00:00	20:44:40	COM VÍTIMA	FINALIZADA	BOA VIAGEM	AV ENGENHEIRO DOMINGOS FERREIRA	2842	RUA PADRE BERNADINO PESSOA	EM FRENTE AO TORRE MADRID RESIDENCE	BOA VIAGEM	144	SUBURBIO	COLISÃO LATERAL	1	1	0	0	0	0	0	0	0	1	0	Cruzamento	Bom	Sem defeito	Perfeito estado	Seca	Perfeito estado	Faixa de pedestre	R-6a	60 km/h	Dupla	Canteiro central	""	""
159	2021-01-25T00:00:00	21:51:40	COM VÍTIMA	FINALIZADA	PORTO DA MADEIRA	AV BEBERIBE	4340	""	PRÓX A PIZZARIA DO ROUCHE	PORTO DA MADEIRA	""	SUBURBIO	COLISÃO LATERAL	1	1	0	0	0	0	0	0	0	1	0	Longo da via	Bom	Não existe	""	Seca	Mal iluminada	Não existe	Não há placas	60 km/h	Dupla	Faixa seccionada	""	""
160	2021-01-26T00:00:00	07:16:00	SEM VÍTIMA	FINALIZADA	DERBY	RUA JORNALISTA PAULO BITTENCOURT	""	""	AO LADO DO HOSPITAL DA RESTAURAÇÃO	DERBY	""	""	COLISÃO LATERAL	1	1	0	0	0	0	0	0	0	0	0	Longo da via	Bom	Não existe	Perfeito estado	Seca	Perfeito estado	Não existe	Não há placas	""	Dupla	Não existe	""	""
161	2021-01-26T00:00:00	07:20:00	COM VÍTIMA	FINALIZADA	TORRE	RUA PADRE ANCHIETA	435	RUA JOSE BONIFACIO	EM  FRENTE  A  PADARIA  MASSA  NOBRE. APÓS O MINUTO PÃO DE AÇÚCAR.	TORRE	193	SUBURBIO	COLISÃO TRASEIRA	0	2	0	0	0	0	0	0	0	1	0	Cruzamento	Chuvoso	Sem defeito	Perfeito estado	Molhada	Perfeito estado	Faixa de pedestre	R-6a	""	Única	Faixa seccionada	""	""
162	2021-01-26T00:00:00	08:01:00	COM VÍTIMA	FINALIZADA	CASA AMARELA	RUA BELA VISTA	343	""	EM FRENTE AO SITIO DA TRINDADE	CASA AMARELA	""	SUBURBIO	COLISÃO TRANSVERSAL	1	1	0	0	0	0	0	0	0	1	0	Longo da via	Bom	Não existe	Incompleta	Molhada	Perfeito estado	Não existe	Outras	40 km/h	Dupla	Não existe	""	""
163	2021-01-26T00:00:00	08:13:00	COM VÍTIMA	FINALIZADA	BOA VISTA	PRC MACIEL PINHEIRO	342	RUA DO ARAGAO	""	BOA VISTA	33	CENTRO	ATROPELAMENTO	1	0	0	0	1	0	0	0	0	1	0	Cruzamento	Bom	Sem defeito	Incompleta	Molhada	Mal conservada	Não existe	Não há placas	40 km/h	Única	Não existe	""	""
164	2021-01-26T00:00:00	10:41:00	SEM VÍTIMA	FINALIZADA	BOA VISTA	AV CONDE DA BOA VISTA	""	""	RUA DA AURORA	BOA VISTA	162	""	CHOQUE	0	0	0	0	0	1	0	0	0	0	0	Cruzamento	Bom	Sem defeito	Perfeito estado	Seca	Perfeito estado	Agente	R-6c	""	Única	Faixa contínua	""	""
165	2021-01-26T00:00:00	13:46:00	COM VÍTIMA	FINALIZADA	ESPINHEIRO	AV GOVERNADOR AGAMENON MAGALHAES	2860	""	E/F AO CREA PE   S/T BOA VIAGEM	ESPINHEIRO	""	BOA VIAGEM	COLISÃO TRASEIRA	1	1	0	0	0	0	0	0	0	1	0	Longo da via	Bom	Não existe	Perfeito estado	Seca	Perfeito estado	Não existe	Outras	""	Dupla	Canal	""	""
166	2021-01-26T00:00:00	16:25:00	COM VÍTIMA	FINALIZADA	ÁGUA FRIA	EST VELHA DE AGUA FRIA	""	AV PROFESSOR JOSE DOS ANJOS	PROX. AO DNOCS	ÁGUA FRIA	306	SUBURBIO	COLISÃO LATERAL	0	2	0	0	0	0	0	0	0	1	0	Cruzamento	Bom	Sem defeito	Perfeito estado	Seca	Perfeito estado	Faixa de pedestre	Não há placas	40 km/h	Dupla	""	""	""
167	2021-01-26T00:00:00	17:17:00	SEM VÍTIMA	FINALIZADA	BOA VIAGEM	RUA MARIO SOUTO MAIOR	265	RUA SA E SOUZA	EM FRENTE A DROGARIA SETUBAL	BOA VIAGEM	""	""	COLISÃO	1	1	0	0	0	0	0	0	0	0	0	""	""	""	""	""	""	""	""	""	""	""	""	""
168	2021-01-26T00:00:00	17:18:00	COM VÍTIMA	FINALIZADA	DOIS IRMÃOS	RUA RIBEIRO PESSOA	733	""	PROX A UPA DA CAXANGA	DOIS IRMÃOS	""	SUBURBIO	COLISÃO TRANSVERSAL	1	1	0	0	0	0	0	0	0	2	0	Longo da via	Chuvoso	Não existe	Incompleta	Seca	Perfeito estado	Não existe	R-6a	""	Dupla	Não existe	""	""
169	2021-01-26T00:00:00	17:41:00	SEM VÍTIMA	FINALIZADA	MUSTARDINHA	RUA VINTE E UM DE ABRIL	""	""	EM FRENTE AO CAFÉ PETINHO	MUSTARDINHA	""	""	COLISÃO LATERAL	0	0	0	0	0	0	0	0	0	0	0	Longo da via	Bom	Sem defeito	Perfeito estado	Seca	Perfeito estado	Outros	Outras	""	Dupla	Outros	""	""
170	2021-01-26T00:00:00	17:43:00	COM VÍTIMA	FINALIZADA	BOA VIAGEM	AV ENGENHEIRO DOMINGOS FERREIRA	1818	""	EM FRENTE AO EXTRA	BOA VIAGEM	""	SUBURBIO	COLISÃO TRASEIRA	1	1	0	0	0	0	0	0	0	1	0	Longo da via	Chuvoso	Não existe	Perfeito estado	Molhada	Perfeito estado	Não existe	R-19	60 km/h	Única	Faixa seccionada	Canteiro central	""
171	2021-01-26T00:00:00	20:48:00	COM VÍTIMA	FINALIZADA	CAMPO GRANDE	EST DE BELEM	866	RUA PADRE CAPISTRANO	E/F A SUBWAY E POSTO PETRONAC	CAMPO GRANDE	""	CIDADE	COLISÃO TRANSVERSAL	1	1	0	0	0	0	0	0	0	2	0	Longo da via	Chuvoso	Não existe	Perfeito estado	Molhada	Perfeito estado	Não existe	""	""	Dupla	Faixa contínua	Faixa seccionada	""
172	2021-01-26T00:00:00	22:45:40	SEM VÍTIMA	CANCELADA	JORDÃO	RUA EMILIO MONTEIRO FONSECA	838	""	""	JORDÃO	""	""	COLISÃO	2	0	0	0	0	0	0	0	0	0	0	""	""	""	""	""	""	""	""	""	""	""	""	""
173	2021-01-27T00:00:00	07:19:00	COM VÍTIMA	FINALIZADA	BAIRRO DO RECIFE	AV MILITAR	""	""	EM  FRENTE a unidade de segurança quarda portuaria. MEMORIAL DE JUSTIÇA DE PERNAMBUCO.	BAIRRO DO RECIFE	""	SUBURBIO	COLISÃO LATERAL	0	1	0	0	0	0	0	1	0	1	0	Longo da via	Chuvoso	Não existe	Perfeito estado	Molhada	Perfeito estado	Faixa de pedestre	R-6a	""	Única	Faixa seccionada	""	""
174	2021-01-27T00:00:00	08:55:00	SEM VÍTIMA	FINALIZADA	CABANGA	AV ENGENHEIRO JOSE ESTELITA	S/N	PRC GOVERNADOR PAULO GUERRA	AO LADO DO CABANGA IATE CLUB - PISTA OESTE SENTIDO ILHA JOANA BEZERRA	CABANGA	""	DERBY	COLISÃO TRASEIRA	2	0	0	0	0	0	0	0	0	0	0	""	""	""	""	""	""	""	""	""	""	""	""	""
175	2021-01-27T00:00:00	10:25:00	COM VÍTIMA	FINALIZADA	SANTO AMARO	AV GOVERNADOR AGAMENON MAGALHAES	2656	""	DESCIDA DO VADUTO SENT DERBY / EM FRENTE AO RESIDENCIAL VIDAL DE NEGREIROS / PISTA LOCAL. EMPRESARIAL AGAMENON MAGALHÃES.	SANTO AMARO	""	SUBURBIO	COLISÃO LATERAL	1	1	0	0	0	0	0	0	0	1	0	Longo da via	Bom	Não existe	Perfeito estado	Seca	Perfeito estado	Não existe	Outras	""	Dupla	Canteiro central	""	""
176	2021-01-27T00:00:00	10:31:00	SEM VÍTIMA	FINALIZADA	MADALENA	RUA BENFICA	98	RUA SPORT CLUBE DO RECIFE	""	MADALENA	""	SUBURBIO	COLISÃO	1	0	0	0	0	0	1	0	0	0	0	""	""	""	""	""	""	""	""	""	""	""	""	""
177	2021-01-27T00:00:00	12:10:00	SEM VÍTIMA	FINALIZADA	JAQUEIRA	AV RUI BARBOSA	""	""	AO LADO DO PARQUE DA JAQUEIRA	JAQUEIRA	""	CIDADE	CHOQUE	1	0	0	0	0	0	0	0	0	0	0	Longo da via	Chuvoso	Não existe	Perfeito estado	Molhada	Perfeito estado	Não existe	Não há placas	40 km/h	Única	Faixa seccionada	""	""
178	2021-01-27T00:00:00	13:17:00	COM VÍTIMA	FINALIZADA	SANTO AMARO	AV CRUZ CABUGA	165	RUA CAPITAO LIMA	EM FRENTE IGREJA UNIVERSAL GRAÇA DE DEUS	SANTO AMARO	""	SUBURBIO	COLISÃO COM CICLISTA	1	0	0	1	0	0	0	0	0	1	0	Longo da via	Chuvoso	Não existe	Perfeito estado	Seca	Perfeito estado	Não existe	Outras	""	Dupla	Faixa contínua	""	""
179	2021-01-27T00:00:00	14:11:00	COM VÍTIMA	FINALIZADA	AFOGADOS	RUA COSME VIANA	""	RUA CORONEL ALFREDO DUARTE	PROX AO POSTO SETA / PROX AO SEMAFORO 430	AFOGADOS	430	SUBURBIO	COLISÃO FRONTAL	0	1	0	0	0	0	1	0	0	1	0	Cruzamento	Bom	Sem defeito	Perfeito estado	Seca	Perfeito estado	Faixa de pedestre	Não há placas	60 km/h	Única	Faixa contínua	Faixa seccionada	""
180	2021-01-27T00:00:00	14:37:00	SEM VÍTIMA	FINALIZADA	PINA	AV ANTONIO DE GOES	742	RUA MANOEL DE BRITO	EMPRESARIAL DOPIN	PINA	103	CIDADE	COLISÃO TRASEIRA	2	0	0	0	0	0	0	0	0	0	0	Longo da via	Bom	Sem defeito	Perfeito estado	Seca	Perfeito estado	Faixa de pedestre	R-19	60 km/h	Única	Canteiro central	""	""
181	2021-01-27T00:00:00	16:01:00	COM VÍTIMA	FINALIZADA	PINA	AV BOA VIAGEM	1140	""	EM FRENTE AO MARANTE PLAZA HOTEL	PINA	118	CIDADE	COLISÃO COM CICLISTA	1	0	0	1	0	0	0	0	0	1	0	Longo da via	Bom	Sem defeito	Perfeito estado	Seca	Perfeito estado	Faixa de pedestre	R-6a	""	Única	""	""	""
182	2021-01-28T00:00:00	06:49:00	COM VÍTIMA	CANCELADA	ENCRUZILHADA	AV NORTE	2459	""	100 m ANTES DO BANCO SANTANDER	ENCRUZILHADA	""	""	COLISÃO	1	1	0	0	0	0	0	0	0	1	0	""	""	""	""	""	""	""	""	""	""	""	""	""
183	2021-01-28T00:00:00	12:23:00	COM VÍTIMA	FINALIZADA	CASA AMARELA	AV CONS ROSA E SILVA	""	RUA PADRE ROMA	E/F  A CASA JOSE ARAUJO	CASA AMARELA	61	SUBURBIO	COLISÃO LATERAL	1	1	0	0	0	0	0	0	0	1	0	Cruzamento	Bom	Sem defeito	Perfeito estado	Seca	Perfeito estado	Faixa de pedestre	Não há placas	""	Única	""	""	""
184	2021-01-28T00:00:00	15:20:00	COM VÍTIMA	FINALIZADA	GRAÇAS	RUA DAS PERNAMBUCANAS	315	RUA DAS GRACAS	AO LADO DO EDIFICIO PERNAMBUCANAS CENTER. BURGOMESTRE.	GRAÇAS	""	SUBURBIO	COLISÃO LATERAL	1	1	0	0	0	0	0	0	0	1	0	Longo da via	Bom	""	""	Seca	Perfeito estado	""	Não há placas	""	Única	Faixa seccionada	""	""
185	2021-01-28T00:00:00	16:05:00	SEM VÍTIMA	FINALIZADA	SANTO ANTÔNIO	RUA SANTO ANTONIO	""	""	EM FRENTE A LASER ELETRO	SANTO ANTÔNIO	""	""	COLISÃO TRANSVERSAL	1	1	0	0	0	0	0	0	0	0	0	Cruzamento	Bom	Não existe	Ilegível	Seca	Perfeito estado	Não existe	Não há placas	""	Única	Não existe	""	""
186	2021-01-28T00:00:00	16:55:00	SEM VÍTIMA	FINALIZADA	CAXANGÁ	AV CAXANGA	""	""	E/F A  FARMACIA PAGUE MENOS E A  CAXANGA VEICULO  S/T CAMARAGIBE	CAXANGÁ	""	""	COLISÃO LATERAL	2	0	0	0	0	0	0	0	0	0	0	Longo da via	Bom	Sem defeito	Perfeito estado	Seca	Perfeito estado	Faixa de pedestre	R-6a	""	Dupla	Canteiro central	""	""
187	2021-01-28T00:00:00	17:26:00	COM VÍTIMA	CANCELADA	ÁGUA FRIA	RUA SAO SEBASTIAO	1128	""	PROX AO MERCADINHO DO MARIO	ÁGUA FRIA	""	""	COLISÃO	1	1	0	0	0	0	0	0	0	1	0	""	""	""	""	""	""	""	""	""	""	""	""	""
188	2021-01-28T00:00:00	22:16:40	COM VÍTIMA	FINALIZADA	TAMARINEIRA	AV CONS ROSA E SILVA	""	RUA CONEGO BARATA	SEMÁFORO 061 / CASAS JOSÉ ARAUJO	TAMARINEIRA	61	CIDADE	COLISÃO TRANSVERSAL	0	1	0	0	0	0	1	0	0	1	0	Cruzamento	Bom	Sem defeito	Perfeito estado	Seca	Perfeito estado	Faixa de pedestre	R-6a	40 km/h	Dupla	Canteiro central	""	""
189	2021-01-28T00:00:00	22:35:40	COM VÍTIMA	FINALIZADA	ESTÂNCIA	AV RECIFE	""	AV TAPAJOS	LADO OPOSTO AO POSTO BR / APOS O MAKRO	ESTÂNCIA	620	SUBURBIO	COLISÃO LATERAL	1	1	0	0	0	0	0	0	0	1	0	Longo da via	Bom	Sem defeito	Perfeito estado	Seca	Perfeito estado	Faixa de retenção	""	60 km/h	Única	Faixa contínua	""	""
190	2021-01-29T00:00:00	10:20:00	COM VÍTIMA	FINALIZADA	BOA VISTA	PRC MACIEL PINHEIRO	""	""	CAMINHAO E AUTO PASSEIO	BOA VISTA	""	""	COLISÃO	1	0	0	0	0	0	1	0	0	1	0	""	""	""	""	""	""	""	""	""	""	""	""	""
191	2021-01-29T00:00:00	11:47:00	SEM VÍTIMA	FINALIZADA	SANTO AMARO	AV CRUZ CABUGA	""	RUA ALEXANDRE MOURA	""	SANTO AMARO	""	SUBURBIO	COLISÃO TRANSVERSAL	1	0	0	0	0	0	1	0	0	0	0	""	Bom	Sem defeito	Perfeito estado	Seca	Perfeito estado	Faixa de pedestre	"Placas ""Pare"""	""	Dupla	Faixa contínua	Faixa seccionada	""
192	2021-01-29T00:00:00	13:58:00	COM VÍTIMA	FINALIZADA	IBURA	AV DOM HELDER CAMARA	""	""	PROX AO ARMAZEM FAMA	IBURA	""	SUBURBIO	COLISÃO TRANSVERSAL	0	1	0	0	0	0	1	0	0	1	0	Longo da via	Bom	Não existe	Não existente	Seca	Perfeito estado	Não existe	Não há placas	""	Dupla	Canteiro central	""	""
193	2021-01-29T00:00:00	15:00:00	COM VÍTIMA	FINALIZADA	ARRUDA	AV BEBERIBE	1253	RUA DAS MOCAS	EM FRENTE AO ESTACIONAMENTO DO ARMAZEM CORAL / EM FRENTE A LOJINHA DO SANTA CRUZ	ARRUDA	""	CIDADE	COLISÃO LATERAL	1	1	0	0	0	0	0	0	0	1	0	Cruzamento	Bom	Não existe	Perfeito estado	Seca	Perfeito estado	Outros	Não há placas	""	Dupla	Faixa contínua	""	""
194	2021-01-29T00:00:00	15:51:00	COM VÍTIMA	FINALIZADA	BOA VIAGEM	RUA BARAO DE SOUZA LEAO	1259	AV DES JOSE NEVES	PRÓX AO SUPERMERCADO TREVO. PRÓXIMO AO CRUZAMENTO COM A DES JOSE NEVES.	BOA VIAGEM	476	""	ATROPELAMENTO	0	0	0	0	1	1	0	0	0	1	0	Cruzamento	Bom	Sem defeito	Incompleta	Seca	Perfeito estado	Não existe	R-6a	60 km/h	Única	Faixa seccionada	""	""
195	2021-01-29T00:00:00	15:54:00	COM VÍTIMA	FINALIZADA	CABANGA	PTE AGAMENON MAGALHAES	""	""	AO LADO DO CABANGA IATE CLUB	CABANGA	""	CIDADE	CHOQUE	1	1	0	0	0	0	0	0	0	1	0	Ponte	Bom	Não existe	Perfeito estado	Seca	Perfeito estado	Não existe	Não há placas	60 km/h	Única	Faixa contínua	""	""
196	2021-01-29T00:00:00	17:55:00	COM VÍTIMA	FINALIZADA	BEBERIBE	AV BEBERIBE	4211	""	LADO OPOSTO A BEBERIBE AUTO PEÇAS / PROX AO SEMAFORO 514	BEBERIBE	514	CIDADE	COLISÃO TRANSVERSAL	2	1	0	0	0	0	0	0	0	1	0	Longo da via	Bom	Sem defeito	Incompleta	Seca	Mal conservada	Outros	R-6a	40 km/h	Dupla	Faixa contínua	""	""
197	2021-01-29T00:00:00	18:30:00	COM VÍTIMA	FINALIZADA	IMBIRIBEIRA	AV MARECHAL MASCARENHAS DE MORAES	878	""	COLISÃO TRASEIRA COM VÍTIMA	IMBIRIBEIRA	""	""	COLISÃO TRASEIRA	1	1	0	0	0	0	0	0	0	1	0	Longo da via	Bom	Sem defeito	Perfeito estado	Seca	Perfeito estado	Não existe	Não há placas	""	Única	Faixa seccionada	""	""
198	2021-01-29T00:00:00	19:04:00	COM VÍTIMA	FINALIZADA	PINA	AV ANTONIO DE GOES	""	RUA DR JOSE MARIANO	""	PINA	538	""	COLISÃO TRASEIRA	0	2	0	0	0	0	0	0	0	2	0	Cruzamento	Bom	Sem defeito	Perfeito estado	Seca	Perfeito estado	Agente	Não há placas	""	Única	Faixa seccionada	""	""
199	2021-01-29T00:00:00	20:02:00	COM VÍTIMA	CANCELADA	ÁGUA FRIA	AV BEBERIBE	1772	""	""	ÁGUA FRIA	""	""	COLISÃO	1	1	0	0	0	0	0	0	0	1	0	""	""	""	""	""	""	""	""	""	""	""	""	""