_id	data	hora	natureza_acidente	situacao	bairro	endereco	numero	detalhe_endereco_acidente	complemento	bairro_cruzamento	num_semaforo	sentido_via	tipo	auto	moto	ciclom	ciclista	pedestre	onibus	caminhao	viatura	outros	vitimas	vitimasfatais	acidente_verificado	tempo_clima	situacao_semaforo	sinalizacao	condicao_via	conservacao_via	ponto_controle	situacao_placa	velocidade_max_via	mao_direcao	divisao_via1	divisao_via2	divisao_via3
200	2021-01-29T00:00:00	22:07:40	SEM VÍTIMA	FINALIZADA	""	RUA ESCRITOR JOAQUIM NOBERTO	""	RUA FREI AMADOR	""	""	""	SUBURBIO	COLISÃO LATERAL	1	1	0	0	0	0	0	0	0	0	0	Longo da via	Bom	Não existe	Não existente	Seca	Perfeito estado	Não existe	Não há placas	""	""	Não existe	""	""
201	2021-01-30T00:00:00	07:34:00	COM VÍTIMA	FINALIZADA	BOA VISTA	RUA DO RIACHUELO	36	RUA DA AURORA	PROX. ECT CORREIOS E AGÊNCIA DO TRABALHO.	BOA VISTA	579	SUBURBIO	COLISÃO COM CICLISTA	0	0	0	1	0	1	0	0	0	1	0	Cruzamento	Bom	Sem defeito	""	Seca	Perfeito estado	Outros	""	40 km/h	Única	Faixa seccionada	""	""
202	2021-01-30T00:00:00	15:07:00	COM VÍTIMA	CANCELADA	CABANGA	AV ENGENHEIRO JOSE ESTELITA	""	""	E/F AO CAMBANGA  IATE CLUBE  S/T CID	CABANGA	""	""	COLISÃO	1	1	0	0	0	0	0	0	0	1	0	""	""	""	""	""	""	""	""	""	""	""	""	""
203	2021-01-30T00:00:00	15:33:00	COM VÍTIMA	FINALIZADA	BOA VIAGEM	RUA DR GASPAR REGUEIRA COSTA	""	RUA MARQUES DE VALENCA	POR TRAS DO COLEGIO SANTOS DUMONT	BOA VIAGEM	""	""	COLISÃO LATERAL	1	1	0	0	0	0	0	0	0	1	0	Cruzamento	Bom	Não existe	Perfeito estado	Seca	Perfeito estado	Não existe	Não há placas	""	Dupla	Faixa seccionada	""	""
204	2021-01-30T00:00:00	16:16:00	COM VÍTIMA	FINALIZADA	MACAXEIRA	RUA MANDACARU	105	""	NO POSTO BR NA SUBIDA DO ALTO DO MANDU	MACAXEIRA	""	SUBURBIO	TOMBAMENTO	1	1	0	0	0	0	0	0	0	1	0	Longo da via	Bom	Não existe	Incompleta	Seca	Perfeito estado	Não existe	Não há placas	""	Dupla	Faixa seccionada	""	""
205	2021-01-30T00:00:00	18:23:00	COM VÍTIMA	CANCELADA	BOA VIAGEM	AV ENGENHEIRO DOMINGOS FERREIRA	""	RUA ANTONIO FALCAO	CARREFUOR	BOA VIAGEM	""	""	COLISÃO	1	1	0	0	0	0	0	0	0	1	0	""	""	""	""	""	""	""	""	""	""	""	""	""
206	2021-01-30T00:00:00	23:11:40	COM VÍTIMA	FINALIZADA	ESPINHEIRO	RUA DO ESPINHEIRO	478	RUA SANTO ELIAS	CRUZAMENTO C/A RUA SANTO ELIAS - E/F AO POSTO YPIRANGA	ESPINHEIRO	""	ENCRUZILHADA	COLISÃO TRANSVERSAL	2	0	0	0	0	0	0	0	0	2	0	Cruzamento	Bom	Não existe	Perfeito estado	Seca	Perfeito estado	Faixa de pedestre	"Placas ""Pare"""	""	Única	Faixa contínua	""	""
207	2021-01-31T00:00:00	07:04:00	COM VÍTIMA	FINALIZADA	BOA VIAGEM	RUA GENERAL SALGADO	820	RUA COSMORAMA	EM FRENTE AO EDF CHATEAU	BOA VIAGEM	""	""	COLISÃO LATERAL	1	1	0	0	0	0	0	0	0	1	0	Longo da via	Bom	Não existe	""	Seca	Perfeito estado	Não existe	Não há placas	""	Dupla	Não existe	""	""
208	2021-01-31T00:00:00	11:22:00	COM VÍTIMA	FINALIZADA	TAMARINEIRA	EST VELHA DE AGUA FRIA	618	AV NORTE	EM FRENTE A PADARIA MANÁ	TAMARINEIRA	""	SUBURBIO	COLISÃO LATERAL	1	1	0	0	0	0	0	0	0	1	0	Longo da via	Bom	Não existe	Perfeito estado	Seca	Perfeito estado	Não existe	Outras	""	Dupla	Faixa contínua	Blocos	""
209	2021-01-31T00:00:00	12:15:00	COM VÍTIMA	FINALIZADA	TAMARINEIRA	EST VELHA DE AGUA FRIA	671	RUA CABO HONORIO	LADO OPOSTO AO NUMERO 671	TAMARINEIRA	""	SUBURBIO	COLISÃO TRASEIRA	1	1	0	0	0	0	0	0	0	1	0	Esquina	Bom	Não existe	Perfeito estado	Seca	Perfeito estado	Não existe	Outras	""	Dupla	Faixa contínua	""	""
210	2021-01-31T00:00:00	14:35:00	COM VÍTIMA	FINALIZADA	CASA FORTE	RUA LEONARDO BEZERRA CAVALCANTE	562	""	MUNDO PET / PROX A FARMACIA PAGUE MENOS	CASA FORTE	485	SUBURBIO	COLISÃO FRONTAL	1	1	0	0	0	0	0	0	0	1	0	Longo da via	Bom	Sem defeito	Perfeito estado	Seca	Perfeito estado	Faixa de pedestre	Outras	""	Única	Faixa seccionada	""	""
211	2021-01-31T00:00:00	22:14:40	COM VÍTIMA	FINALIZADA	BOA VISTA	AV MANOEL BORBA	699	""	AO LADO DA BOATE METRÓPOLE.	BOA VISTA	""	SUBURBIO	ATROPELAMENTO	1	0	0	0	1	0	0	0	0	1	0	Longo da via	Bom	Sem defeito	Perfeito estado	Seca	Perfeito estado	Faixa de pedestre	R-6a	40 km/h	Única	Faixa seccionada	""	""
212	2021-02-01T00:00:00	07:35:00	COM VÍTIMA	FINALIZADA	CASA FORTE	AV DEZESSETE DE AGOSTO	2388	""	E/F AO CENTRO MEDICO  ERMIRIO DE MORAES	CASA FORTE	""	SUBURBIO	COLISÃO LATERAL	1	1	0	0	0	0	0	0	0	1	0	Longo da via	Bom	Sem defeito	Perfeito estado	Seca	Perfeito estado	Faixa de pedestre	R-6a	60 km/h	Dupla	Faixa contínua	""	""
213	2021-02-01T00:00:00	07:44:00	COM VÍTIMA	FINALIZADA	SÃO JOSÉ	C SANTA RITA	595	""	AO LADO DAS TORRES GÊMEAS / EDF. PIER MAURÍCIO DE NASSAU.	SÃO JOSÉ	""	CIDADE	COLISÃO FRONTAL	1	0	0	0	0	0	1	0	0	2	0	Longo da via	Bom	Não existe	Perfeito estado	Seca	Perfeito estado	Faixa de pedestre	R-6a	""	Dupla	Faixa seccionada	""	""
214	2021-02-01T00:00:00	08:15:00	SEM VÍTIMA	FINALIZADA	BOA VIAGEM	RUA MINISTRO NELSON HUNGRIA	""	RUA PADRE BERNADINO PESSOA	""	BOA VIAGEM	""	""	COLISÃO	0	0	0	0	0	0	0	0	0	0	0	""	""	""	""	""	""	""	""	""	""	""	""	""
215	2021-02-01T00:00:00	09:55:00	VÍTIMA FATAL	FINALIZADA	IBURA	RUA RIO BRIGIDA	542	""	IBURA  DE  BAIXO   PROX   AO  TERMINAL   DO  SESI	IBURA	""	CIDADE	ATROPELAMENTO DE PESSOA	0	0	0	0	1	0	1	0	0	0	1	Longo da via	Bom	Não existe	Não existente	Seca	Perfeito estado	Não existe	Não há placas	""	Dupla	Faixa seccionada	""	""
216	2021-02-01T00:00:00	10:05:00	COM VÍTIMA	CANCELADA	DOIS UNIDOS	AV HILDEBRANDO DE VASCONCELOS	636	""	EM  FRENTE  A  ACADEMIA  FIT	DOIS UNIDOS	""	""	COLISÃO	1	1	0	0	0	0	0	0	0	1	0	""	""	""	""	""	""	""	""	""	""	""	""	""
217	2021-02-01T00:00:00	14:19:00	COM VÍTIMA	FINALIZADA	SANTO AMARO	RUA DO POMBAL	""	RUA PEDRO AFONSO	RUA DA ESQUINA DO IML  VT 31 NO LOCAL	SANTO AMARO	""	SUBURBIO	COLISÃO LATERAL	1	1	0	0	0	0	0	0	0	2	0	Cruzamento	Bom	Não existe	Perfeito estado	Seca	Perfeito estado	Não existe	"Placas ""Pare"""	""	""	Faixa seccionada	""	""
218	2021-02-01T00:00:00	15:28:00	VÍTIMA FATAL	FINALIZADA	MACAXEIRA	RUA MARIA CANDIDA	""	AV NORTE	AV NORTE	MACAXEIRA	296	SUBURBIO	ATROPELAMENTO DE PESSOA	0	0	0	0	1	0	1	0	0	0	1	Cruzamento	Bom	Sem defeito	Incompleta	Seca	Perfeito estado	Não existe	Outras	40 km/h	Dupla	Canteiro central	""	""
219	2021-02-01T00:00:00	15:54:00	COM VÍTIMA	CANCELADA	BOA VIAGEM	RUA DEZ DE JULHO	210	""	E/F A MAISON CHRISTAL RECEPÇOES   PROX AO AEROPORTO E   PROX A ESTAÇAO DO AEROPORTO	BOA VIAGEM	""	""	COLISÃO	0	2	0	0	0	0	0	0	0	2	0	""	""	""	""	""	""	""	""	""	""	""	""	""
220	2021-02-01T00:00:00	17:16:00	SEM VÍTIMA	CANCELADA	PINA	AVENIDA CELSO FURTADO (VIA MANGUE)	""	""	PRÓXIMO AO AEROCLUBE	PINA	""	JABOATÃO	CHOQUE	0	0	0	0	0	0	0	0	0	0	0	""	""	""	""	""	""	""	""	""	""	""	""	""
221	2021-02-01T00:00:00	18:23:00	COM VÍTIMA	CANCELADA	CASA AMARELA	RUA PAULA BATISTA	""	RUA DONA ANA XAVIER	E/F AO BOMPREÇO E SUBWAY / AO LADO DO BANCO ITAU	CASA AMARELA	""	""	COLISÃO	1	1	0	0	0	0	0	0	0	1	0	""	""	""	""	""	""	""	""	""	""	""	""	""
222	2021-02-01T00:00:00	18:42:00	COM VÍTIMA	FINALIZADA	CAJUEIRO	RUA CORONEL URBANO RIBEIRO DE SENA	875	""	PADARIA DO CORONEL	CAJUEIRO	""	""	COLISÃO FRONTAL	1	1	0	0	0	0	0	0	0	1	0	Cruzamento	Bom	Não existe	Não existente	Seca	Perfeito estado	""	Não há placas	""	Dupla	Faixa seccionada	""	""
223	2021-02-01T00:00:00	19:12:00	COM VÍTIMA	FINALIZADA	BOA VIAGEM	RUA PROFESSOR JOAO MEDEIROS	146	RUA DHALIA	PET / RUA  DA ACESSO AO  SHOPPING RECIFE / EDIF. SANTO ANDRÉ	BOA VIAGEM	""	CIDADE	COLISÃO LATERAL	1	1	0	0	0	0	0	0	0	1	0	Longo da via	Bom	""	Perfeito estado	Seca	Perfeito estado	Outros	Outras	""	Única	""	""	""
224	2021-02-01T00:00:00	20:45:00	COM VÍTIMA	FINALIZADA	PARNAMIRIM	AV FLOR DE SANTANA	224	""	PRÓX A BURGUER KING	PARNAMIRIM	""	SUBURBIO	COLISÃO LATERAL	1	1	0	0	0	0	0	0	0	1	0	Longo da via	Bom	Não existe	Ilegível	Seca	Perfeito estado	Não existe	Outras	""	Dupla	Não existe	""	""
225	2021-02-01T00:00:00	23:22:40	COM VÍTIMA	CANCELADA	BOA VIAGEM	RUA ERNESTO DE PAULA SANTOS	""	""	COM A AV SIMOES BARBOSA	BOA VIAGEM	""	SUBURBIO	COLISÃO	1	1	0	0	0	0	0	0	0	1	0	""	""	""	""	""	""	""	""	""	""	""	""	""
226	2021-02-02T00:00:00	08:55:00	COM VÍTIMA	FINALIZADA	SÃO JOSÉ	AV SUL	1562	""	EM FRENTE  A CIA MOTO PEÇAS E SERVIÇO	SÃO JOSÉ	""	CIDADE	COLISÃO COM CICLISTA	0	1	0	1	0	0	0	0	0	1	0	Longo da via	Bom	Não existe	Perfeito estado	Seca	Perfeito estado	Não existe	Não há placas	""	Única	Canteiro central	""	""
227	2021-02-02T00:00:00	09:05:00	SEM VÍTIMA	FINALIZADA	PAISSANDU	AV GOVERNADOR AGAMENON MAGALHAES	""	RUA PAISSANDU	SOB O SEMÁFORO Nº 069	PAISSANDU	69	""	COLISÃO TRANSVERSAL	1	0	0	0	0	0	0	1	0	0	0	Cruzamento	Bom	Sem defeito	Perfeito estado	Seca	Perfeito estado	Faixa de pedestre	""	60 km/h	Dupla	Canteiro central	""	""
228	2021-02-02T00:00:00	10:38:00	COM VÍTIMA	FINALIZADA	IBURA	RUA VALE DO ITAJAI	12A	""	EM FRENTE AO MESTRE DA PIZZA / PROX A UPA. LAVAJATO DOLOVE	IBURA	""	SUBURBIO	COLISÃO FRONTAL	1	1	0	0	0	0	0	0	0	2	0	Longo da via	Bom	Não existe	""	Seca	Perfeito estado	Não existe	Não há placas	30 km/h	Dupla	Não existe	""	""
229	2021-02-02T00:00:00	10:51:00	COM VÍTIMA	FINALIZADA	AFOGADOS	RUA VINTE E UM DE ABRIL	657	RUA AMARO DUARTE	AO LADO DO CLUBE ATLETICO	AFOGADOS	""	SUBURBIO	COLISÃO LATERAL	1	1	0	0	0	0	0	0	0	1	0	Longo da via	Bom	Não existe	Não existente	Seca	Perfeito estado	Não existe	Não há placas	60 km/h	""	Não existe	""	""
230	2021-02-02T00:00:00	11:32:00	COM VÍTIMA	FINALIZADA	AFOGADOS	EST DOS REMEDIOS	1700	RUA TABAIARES	EM FRENTE A CONCESSIONARIA HYUNDAI/CTTU NO LOCAL BATEDORES ,CRAYTON E RENATO LIMA	AFOGADOS	390	SUBURBIO	CHOQUE	0	0	0	0	0	0	0	0	1	1	0	Longo da via	Bom	Sem defeito	Perfeito estado	Seca	Perfeito estado	Faixa de pedestre	R-6a	""	Única	Faixa seccionada	""	""
231	2021-02-02T00:00:00	13:29:00	COM VÍTIMA	FINALIZADA	IMBIRIBEIRA	RUA ARQUITETO LUIZ NUNES	674	""	PRÓX AO COLÉGIO PINHEIROS	IMBIRIBEIRA	""	SUBURBIO	ATROPELAMENTO DE PESSOA	0	1	0	0	1	0	0	0	0	1	0	Longo da via	Bom	Não existe	Perfeito estado	Seca	Perfeito estado	""	""	""	Dupla	Faixa contínua	Faixa seccionada	""
232	2021-02-02T00:00:00	21:29:40	COM VÍTIMA	FINALIZADA	CASA AMARELA	RUA CONS PERETTI	130	RUA MAJOR AFONSO LEAL	PROXIMO DO COZINHANDO ESCONDIDINHO	CASA AMARELA	""	SUBURBIO	COLISÃO LATERAL	0	1	0	0	0	1	0	0	0	2	0	Cruzamento	Bom	Não existe	Não existente	Seca	Perfeito estado	Não existe	R-6a	""	Única	Não existe	""	""
233	2021-02-02T00:00:00	21:13:40	SEM VÍTIMA	FINALIZADA	AFOGADOS	RUA SAO MIGUEL	""	""	PRÓX A PRAÇA DE AFOGADOS	AFOGADOS	""	""	COLISÃO	1	0	0	0	0	0	0	1	0	0	0	Longo da via	Bom	Sem defeito	Perfeito estado	Seca	Perfeito estado	Faixa de pedestre	Outras	60KM/H	Dupla	Faixa seccionada	""	""
234	2021-02-02T00:00:00	21:32:40	SEM VÍTIMA	FINALIZADA	NOVA DESCOBERTA	AV VEREADOR OTACILIO AZEVEDO	""	""	NA UPA DE NOVA DESCOBERTA	NOVA DESCOBERTA	""	""	CHOQUE	1	0	0	0	0	0	0	0	0	0	0	Outros	Bom	Não existe	Não existente	Outros	Perfeito estado	Não existe	Não há placas	30KM/H	""	Não existe	""	""
235	2021-02-03T00:00:00	11:50:00	COM VÍTIMA	FINALIZADA	SANTO AMARO	RUA PALMARES	194	RUA ARNOBIO MARQUES	EM FRENTE AO LABORATÓRIO MUNICIPAL DE SAÚDE	SANTO AMARO	""	SUBURBIO	COLISÃO TRASEIRA	1	1	0	0	0	0	0	0	0	1	0	Cruzamento	Chuvoso	Não existe	Incompleta	Molhada	Perfeito estado	Não existe	Outras	""	Única	Não existe	""	""
236	2021-02-03T00:00:00	12:16:00	COM VÍTIMA	CANCELADA	MADALENA	RUA JOSE OSORIO	803	""	E/F A PREMIER AUTO  PROX A AUTO CAR	MADALENA	""	""	COLISÃO	1	1	0	0	0	0	0	0	0	1	0	""	""	""	""	""	""	""	""	""	""	""	""	""
237	2021-02-03T00:00:00	13:20:00	COM VÍTIMA	FINALIZADA	BOA VIAGEM	AV ENGENHEIRO DOMINGOS FERREIRA	4060	RUA RIBEIRO DE BRITO	E/F ACADEMIA HI   SUB ADELSON NO LOCAL	BOA VIAGEM	155	SUBURBIO	COLISÃO TRANSVERSAL	1	1	0	0	0	0	0	0	0	1	0	Cruzamento	Bom	Sem defeito	Perfeito estado	Seca	Perfeito estado	Agente	Outras	""	Única	Faixa seccionada	Canteiro central	""
238	2021-02-03T00:00:00	13:24:00	SEM VÍTIMA	FINALIZADA	DERBY	RUA JORNALISTA PAULO BITTENCOURT	""	""	PROXIMO A RESTAURAÇÃO	DERBY	""	""	CHOQUE	0	0	0	0	0	0	0	0	0	0	0	Longo da via	Bom	Não existe	Perfeito estado	Molhada	Perfeito estado	Não existe	Outras	30KM/H	Dupla	Faixa seccionada	""	""
239	2021-02-03T00:00:00	14:11:00	COM VÍTIMA	FINALIZADA	JORDÃO	AV MARIA IRENE	""	RUA BRITANIA	LADO OPOSTO DE JORDAO MOTOS	JORDÃO	""	SUBURBIO	COLISÃO	0	1	0	0	0	1	0	0	0	1	0	Longo da via	Bom	Não existe	Ilegível	Seca	Perfeito estado	Outros	Não há placas	""	Dupla	Não existe	""	""
240	2021-02-03T00:00:00	15:28:00	COM VÍTIMA	FINALIZADA	DERBY	AV GOVERNADOR AGAMENON MAGALHAES	73	""	E/F AO CENTRO DE REPRODUÇAO HUMANA S/T OLINDA	DERBY	""	OLINDA	ATROPELAMENTO DE PESSOA	2	1	0	0	1	0	0	0	0	1	0	Longo da via	Bom	Sem defeito	Perfeito estado	Seca	Perfeito estado	Faixa de pedestre	""	60 km/h	Única	Canteiro central	""	""
241	2021-02-03T00:00:00	19:23:00	COM VÍTIMA	FINALIZADA	TEJIPIÓ	AV DR JOSE RUFINO	""	RUA DO SANCHO	E/F A ESTAÇÃO DE METRÔ DE TEJIPIÓ, SNT JABOATÃO / SEMÁFORO 434.	TEJIPIÓ	434	SUBURBIO	ATROPELAMENTO DE PESSOA	0	0	0	0	1	1	0	0	0	1	0	Longo da via	Bom	Sem defeito	Perfeito estado	Seca	Perfeito estado	Faixa de pedestre	""	40 km/h	Dupla	Faixa contínua	""	""
242	2021-02-03T00:00:00	20:11:00	COM VÍTIMA	CANCELADA	IMBIRIBEIRA	RUA ITACARI	299	RUA ITAJAI	POR TRÁS DO BANCO ITAU / PRÓX A EMPRESA GOPIL	IMBIRIBEIRA	""	""	COLISÃO	1	1	0	0	0	0	0	0	0	2	0	""	""	""	""	""	""	""	""	""	""	""	""	""
243	2021-02-04T00:00:00	15:04:00	COM VÍTIMA	FINALIZADA	ÁGUA FRIA	EST VELHA DE AGUA FRIA	1485	RUA RIOLANDIA	EM FRENTE À CLINICARDIO	ÁGUA FRIA	""	CIDADE	COLISÃO LATERAL	1	1	0	0	0	0	0	0	0	2	0	Esquina	Bom	Não existe	Não existente	Seca	Perfeito estado	Não existe	Não há placas	""	Única	Faixa seccionada	""	""
244	2021-02-04T00:00:00	15:24:00	COM VÍTIMA	CANCELADA	IMBIRIBEIRA	RUA ITAJAI	""	RUA ITACARE	PRÓX À YNOVE	IMBIRIBEIRA	""	""	COLISÃO	1	1	0	0	0	0	0	0	0	1	0	""	""	""	""	""	""	""	""	""	""	""	""	""
245	2021-02-04T00:00:00	16:24:00	COM VÍTIMA	FINALIZADA	IMBIRIBEIRA	AV MARECHAL MASCARENHAS DE MORAES	""	""	EM FRENTE AO PONTO DA LOCALIZA / EM FRENTE A AEROPORTO	IMBIRIBEIRA	570	SUBURBIO	COLISÃO LATERAL	1	1	0	0	0	0	0	0	0	2	0	Outros	Bom	Sem defeito	Perfeito estado	Seca	Perfeito estado	Faixa de pedestre	Outras	60 km/h	Única	Faixa seccionada	""	""
246	2021-02-04T00:00:00	19:05:00	COM VÍTIMA	CANCELADA	TAMARINEIRA	EST VELHA DE AGUA FRIA	""	AV PROFESSOR JOSE DOS ANJOS	PRÓXIMO AO DENOX	TAMARINEIRA	""	""	COLISÃO	0	0	0	0	0	0	0	0	0	1	0	""	""	""	""	""	""	""	""	""	""	""	""	""
247	2021-02-04T00:00:00	19:18:00	COM VÍTIMA	FINALIZADA	CAMPO GRANDE	RUA JERONIMO VILELA	""	AV PROFESSOR JOSE DOS ANJOS	EM FRENTE AO AÇOUGUE DE PINGO	CAMPO GRANDE	642	SUBURBIO	COLISÃO TRANSVERSAL	1	1	0	0	0	0	0	0	0	1	0	Cruzamento	Bom	Sem defeito	Incompleta	Seca	Mal iluminada	Não existe	Não há placas	""	Dupla	Não existe	""	""
248	2021-02-04T00:00:00	20:29:00	COM VÍTIMA	CANCELADA	GRAÇAS	AV RUI BARBOSA	""	""	PRÓX AO TRE // EM FRENTE AO RESTAURANTE PACHIO	GRAÇAS	""	""	COLISÃO	2	0	0	0	0	0	0	0	0	1	0	""	""	""	""	""	""	""	""	""	""	""	""	""
249	2021-02-04T00:00:00	21:46:40	COM VÍTIMA	CANCELADA	VÁRZEA	AV PROFESSOR ARTUR DE SA	""	RUA GENERAL POLIDORO	AO LADO DO POSTO CDU	VÁRZEA	""	""	COLISÃO	1	1	0	0	0	0	0	0	0	1	0	""	""	""	""	""	""	""	""	""	""	""	""	""
250	2021-02-05T00:00:00	00:31:00	SEM VÍTIMA	FINALIZADA	ILHA JOANA BEZERRA	AV CENTRAL	""	TRV DO RAPOSO	EMBAIXO DO PONTILHAO	ILHA JOANA BEZERRA	""	""	COLISÃO	1	1	0	0	0	0	0	0	0	0	0	Cruzamento	Bom	Não existe	Incompleta	Seca	Perfeito estado	Não existe	"Placas ""Dê a preferência"""	""	Dupla	Não existe	""	""
251	2021-02-05T00:00:00	02:31:00	COM VÍTIMA	FINALIZADA	CORDEIRO	RUA DR MIGUEL VIEIRA FERREIRA	""	RUA CLAUDIO BROTHERHOOD	COM RUA CLAUDIO BROTHERHOOD	CORDEIRO	""	CIDADE	COLISÃO TRANSVERSAL	1	1	0	0	0	0	0	0	0	1	0	Cruzamento	Bom	Não existe	Perfeito estado	Seca	Perfeito estado	Faixa de pedestre	Não há placas	""	Dupla	Faixa seccionada	""	""
252	2021-02-05T00:00:00	09:59:00	COM VÍTIMA	FINALIZADA	ILHA JOANA BEZERRA	VDO PAPA JOAO PAULO II	""	""	EM CIMA DO VIADUTO, SENT. BOA VIAGEM	ILHA JOANA BEZERRA	""	SUBURBIO	COLISÃO COM CICLISTA	0	0	0	1	0	1	0	0	0	1	0	Longo da via	Bom	Não existe	Perfeito estado	Seca	Perfeito estado	Não existe	Não há placas	""	Dupla	Faixa seccionada	Canteiro central	""
253	2021-02-05T00:00:00	10:39:00	COM VÍTIMA	FINALIZADA	BOA VISTA	RUA HENRIQUE DIAS	""	""	EM  FRENTE  AO  HOSPITAL  LOCMED	BOA VISTA	""	""	COLISÃO	1	1	0	0	0	0	0	0	0	1	0	""	""	""	""	""	""	""	""	""	""	""	""	""
254	2021-02-05T00:00:00	10:57:00	COM VÍTIMA	FINALIZADA	CAMPO GRANDE	RUA ODORICO MENDES	379	RUA PROFESSOR FRANCISCO DA TRINDADE	EM FRENTE A SERRALHARIA PORTEL	CAMPO GRANDE	357	SUBURBIO	COLISÃO TRANSVERSAL	1	1	0	0	0	0	0	0	0	2	0	Cruzamento	Bom	Sem defeito	Perfeito estado	Seca	Perfeito estado	Faixa de pedestre	""	""	Dupla	Faixa contínua	""	""
255	2021-02-05T00:00:00	11:06:00	COM VÍTIMA	FINALIZADA	BOA VIAGEM	AV BOA VIAGEM	5090	""	PROX. A PRAÇA DE BOA VIAGEM	BOA VIAGEM	""	CIDADE	COLISÃO LATERAL	1	1	0	0	0	0	0	0	0	1	0	Longo da via	Bom	Sem defeito	Perfeito estado	Seca	Perfeito estado	Não existe	"Placas ""Pare"""	""	Única	Faixa seccionada	""	""
256	2021-02-05T00:00:00	11:18:00	COM VÍTIMA	FINALIZADA	JOANA BEZERRA	VIADUTO CAPITAO TEMUDO	""	""	SENTIDO DERBY	JOANA BEZERRA	""	CIDADE	COLISÃO TRASEIRA	1	1	0	0	0	0	0	0	0	1	0	Viaduto	Bom	Não existe	Perfeito estado	Seca	Perfeito estado	Não existe	Não há placas	60 km/h	Dupla	Canteiro central	""	""
257	2021-02-05T00:00:00	15:09:00	SEM VÍTIMA	CANCELADA	""	AV GOVERNADOR AGAMENON MAGALHAES	""	""	EM FRENTE AO MINISTÉRIO DO TRABALHO	""	""	""	COLISÃO	0	0	0	0	0	0	0	0	0	0	0	""	""	""	""	""	""	""	""	""	""	""	""	""
258	2021-02-05T00:00:00	16:28:00	COM VÍTIMA	FINALIZADA	IBURA	AV DOIS RIOS	13	""	EM FRENTE A RODRIGUES MERCADINHO E PANIFICADORA E EM FRENTE A UPA IBURA	IBURA	""	CIDADE	COLISÃO TRASEIRA	1	1	0	0	0	0	0	0	0	1	0	Longo da via	Bom	Não existe	Perfeito estado	Seca	Perfeito estado	Não existe	Outras	""	Dupla	Faixa contínua	""	""
259	2021-02-05T00:00:00	20:40:00	COM VÍTIMA	FINALIZADA	PARNAMIRIM	AV PARNAMIRIM	""	RUA JOAO TUDE DE MELO	PROXIMIDADES DO SHOPPING PLAZA, SNT TORRE /NA VIA DO  CANAL / ANTES DA  PONTE QUE DA ACESSO AO CARREFOUR. AO LADO DO SEBRO.	PARNAMIRIM	S/N	SUBURBIO	COLISÃO LATERAL	0	1	0	0	0	0	0	1	0	2	0	Cruzamento	Bom	Sem defeito	Perfeito estado	Seca	Perfeito estado	Faixa de pedestre	Outras	""	Única	Faixa seccionada	""	""
260	2021-02-06T00:00:00	00:03:00	COM VÍTIMA	FINALIZADA	IPUTINGA	RUA LEAL DE BARROS	519	RUA REZENDE	CRUZAMENTO C/A RUA DR MANUEL RESENDE - PROXIMO À ESCOLA EXPOENTE.	IPUTINGA	""	SUBURBIO	COLISÃO FRONTAL	1	1	0	0	0	0	0	0	0	1	0	Cruzamento	Bom	Não existe	Perfeito estado	Seca	Perfeito estado	Faixa de pedestre	"Placas ""Pare"""	""	Dupla	Faixa contínua	Faixa seccionada	""
261	2021-02-06T00:00:00	06:35:00	COM VÍTIMA	FINALIZADA	AFOGADOS	AV SUL	""	""	EM FRENTE AO GRANDE ORIENTE PERNAMBUCO	AFOGADOS	""	IMBIRIBEIRA	QUEDA	0	0	0	1	0	0	0	0	0	1	0	""	""	""	""	""	""	""	""	""	""	""	""	""
262	2021-02-06T00:00:00	08:19:00	SEM VÍTIMA	FINALIZADA	GUABIRABA	EST DO BARRO BRANCO	""	""	EM FRENTE A ÁGUA MINERAL SANTA JOANA	GUABIRABA	""	""	COLISÃO	1	0	0	0	0	0	0	1	0	0	0	Longo da via	Bom	Não existe	Não existente	Seca	Mal conservada	Não existe	Não há placas	""	Dupla	Não existe	""	""
263	2021-02-06T00:00:00	14:16:00	COM VÍTIMA	FINALIZADA	BOA VIAGEM	AV ENGENHEIRO DOMINGOS FERREIRA	4811	""	EM FRENTE AO ARMAZEM CORAL  ACHAQUI/ ANTES PRACINHA DE BOA VIAGEM	BOA VIAGEM	""	SUBURBIO	ATROPELAMENTO DE PESSOA	0	1	0	0	1	0	0	0	0	2	0	Longo da via	Bom	Não existe	Perfeito estado	Seca	Perfeito estado	Não existe	Outras	60 km/h	Única	Faixa seccionada	Canteiro central	""
264	2021-02-06T00:00:00	14:42:00	COM VÍTIMA	FINALIZADA	TORRE	RUA JOSE BONIFACIO	""	RUA JOSE DE HOLANDA	EM FRENTE AO MERCADO DA TORRE	TORRE	""	""	COLISÃO	1	1	0	0	0	0	0	0	0	1	0	""	""	""	""	""	""	""	""	""	""	""	""	""
265	2021-02-06T00:00:00	17:02:00	COM VÍTIMA	FINALIZADA	MADALENA	AV ENGENHEIRO ABDIAS DE CARVALHO	""	RUA JOAO IVO DA SILVA	AO LADO DA HABIB'S	MADALENA	132	AFOGADOS	COLISÃO TRANSVERSAL	1	1	0	0	0	0	0	0	0	1	0	Cruzamento	Bom	Sem defeito	Perfeito estado	Seca	Perfeito estado	Faixa de pedestre	Outras	""	Única	Canteiro central	""	""