_id	data	hora	natureza_acidente	situacao	bairro	endereco	numero	detalhe_endereco_acidente	complemento	bairro_cruzamento	num_semaforo	sentido_via	tipo	auto	moto	ciclom	ciclista	pedestre	onibus	caminhao	viatura	outros	vitimas	vitimasfatais	acidente_verificado	tempo_clima	situacao_semaforo	sinalizacao	condicao_via	conservacao_via	ponto_controle	situacao_placa	velocidade_max_via	mao_direcao	divisao_via1	divisao_via2	divisao_via3
266	2021-02-06T00:00:00	17:20:00	SEM VÍTIMA	FINALIZADA	BOA VIAGEM	AV DOM JOAO VI	""	""	""	BOA VIAGEM	""	SUBURBIO	COLISÃO	2	0	0	0	0	0	0	0	0	0	0	""	""	""	""	""	""	""	""	""	""	""	""	""
267	2021-02-06T00:00:00	18:37:00	SEM VÍTIMA	CANCELADA	BOA VIAGEM	AV CONSELHEIRO AGUIAR	""	RUA PEREIRA DA COSTA	EM FRENTE AO URBAN  ARTS	BOA VIAGEM	140	""	COLISÃO	2	0	0	0	0	0	0	0	0	0	0	""	""	""	""	""	""	""	""	""	""	""	""	""
268	2021-02-07T00:00:00	00:13:00	COM VÍTIMA	FINALIZADA	NOVA DESCOBERTA	RUA BETINHA	148	""	ANTES DA ENTRADA DO CÓRREGO DA AREIA	NOVA DESCOBERTA	""	SUBURBIO	CHOQUE	3	0	0	0	0	0	0	0	0	1	0	Longo da via	Bom	Não existe	Não existente	Seca	Perfeito estado	Não existe	Não há placas	""	Dupla	Não existe	""	""
269	2021-02-07T00:00:00	18:10:00	COM VÍTIMA	FINALIZADA	JORDÃO	RUA DR ANDRADE LYRA	3	RUA DES EVANDRO NETTO	AO LADO DA ESC. MUNIC. PINTOR LULA CARDOSO AYRES/  RUA DO TERMINAL DE ÔNIBUS  JORDÃO BAIXO	JORDÃO	""	CIDADE	COLISÃO TRANSVERSAL	1	1	0	0	0	0	0	0	0	1	0	Longo da via	Bom	Não existe	Perfeito estado	Seca	""	Faixa de pedestre	""	""	Única	""	""	""
270	2021-02-07T00:00:00	23:01:40	SEM VÍTIMA	FINALIZADA	DERBY	AV GOVERNADOR AGAMENON MAGALHAES	""	""	NA PISTA PARALELA  MCDONALDS, SNT BV / PRÓXAO HR	DERBY	""	""	COLISÃO	2	0	0	0	0	0	0	0	0	0	0	Cruzamento	Bom	Sem defeito	Perfeito estado	Seca	Mal iluminada	Faixa de pedestre	""	""	Dupla	Faixa contínua	""	""
271	2021-02-08T00:00:00	07:22:00	COM VÍTIMA	FINALIZADA	CAMPO GRANDE	RUA JERONIMO VILELA	475	RUA FRANKLIN TAVORA	AO LADO DO NÚMERO 475	CAMPO GRANDE	282	SUBURBIO	COLISÃO FRONTAL	2	0	0	0	0	0	0	0	0	1	0	Cruzamento	Bom	Sem defeito	Perfeito estado	Seca	Perfeito estado	Faixa de pedestre	R-6a	""	Dupla	Faixa contínua	Faixa seccionada	""
272	2021-02-08T00:00:00	08:07:00	COM VÍTIMA	FINALIZADA	CAXANGÁ	AV PROFESSOR MORAES REGO	""	""	LADO OPOSTO AO HAPVIDA	CAXANGÁ	""	""	COLISÃO	1	1	0	0	0	0	0	0	0	2	0	""	""	""	""	""	""	""	""	""	""	""	""	""
273	2021-02-08T00:00:00	08:15:00	COM VÍTIMA	FINALIZADA	IMBIRIBEIRA	RUA JAMAICA	71	RUA IZABEL DE SOUZA	AO LADO DA CASA DO MARCENEIRO. BS BLINDAGENS.	IMBIRIBEIRA	""	MASC. MORAES	COLISÃO TRASEIRA	1	1	0	0	0	0	0	0	0	1	0	Cruzamento	Bom	Não existe	Perfeito estado	Seca	Perfeito estado	Não existe	"Placas ""Pare"""	""	Única	Faixa seccionada	""	""
274	2021-02-08T00:00:00	12:20:00	COM VÍTIMA	FINALIZADA	SÃO JOSÉ	AV MARTINS DE BARROS	""	""	EM FRENTE AO TERMINAL INTEGRADO DO CAIS DE SANTA RITA.	SÃO JOSÉ	383	SUBURBIO	COLISÃO LATERAL	1	1	0	0	0	0	0	0	0	1	0	Cruzamento	Bom	Sem defeito	Perfeito estado	Seca	Perfeito estado	Faixa de pedestre	Outras	60 km/h	Dupla	Canteiro central	""	""
275	2021-02-08T00:00:00	12:39:00	COM VÍTIMA	FINALIZADA	ENCRUZILHADA	RUA CEARA	352	RUA JULIAO NETO	PRÓX AO BAR DO TONHÃO	ENCRUZILHADA	""	SUBURBIO	COLISÃO TRANSVERSAL	1	1	0	0	0	0	0	0	0	1	0	Longo da via	Bom	Não existe	Incompleta	Seca	Perfeito estado	Não existe	Outras	""	Única	Não existe	""	""
276	2021-02-08T00:00:00	15:19:00	COM VÍTIMA	FINALIZADA	SANTO AMARO	AV JOAO DE BARROS	""	""	EM BAIXO DO VIADUTO DA JOAO DE BARROS / EM FRENTE AO EMPRESARIO BULIMAX	SANTO AMARO	""	SUBURBIO	COLISÃO LATERAL	1	1	0	0	0	0	0	0	0	1	0	Longo da via	Bom	Não existe	Perfeito estado	Seca	Perfeito estado	Não existe	Não há placas	""	Única	Faixa seccionada	""	""
277	2021-02-08T00:00:00	18:15:00	COM VÍTIMA	FINALIZADA	IPSEP	RUA PAMPULHA	""	""	PRÓXIMO À FACULDADE BOA VIAGEM	IPSEP	""	""	TOMBAMENTO	0	1	0	0	0	0	0	0	0	1	0	Longo da via	Bom	""	Perfeito estado	Seca	Perfeito estado	Agente	Não há placas	40 km/h	Única	Faixa seccionada	""	""
278	2021-02-08T00:00:00	20:42:40	COM VÍTIMA	FINALIZADA	APIPUCOS	RUA DE APIPUCOS	""	RUA ALIANCA	EM FRENTE AO 11º BATALHÃO DA PM E SEMÁFORO 248	APIPUCOS	248	""	COLISÃO TRANSVERSAL	0	2	0	0	0	0	0	0	0	1	0	Cruzamento	Bom	Sem defeito	Perfeito estado	Seca	Perfeito estado	Não existe	Não há placas	""	Dupla	Não existe	""	""
279	2021-02-09T00:00:00	06:32:00	COM VÍTIMA	FINALIZADA	ENCRUZILHADA	RUA FERNANDO CESAR	242	RUA AMARO COUTINHO	EM  FRENTE  A  LOJA   GDA  EQUIPAMENTOS . PRÓXIMO À PRAÇA DOM MIGUEL VALVERDE.	ENCRUZILHADA	""	CIDADE	COLISÃO TRANSVERSAL	1	1	0	0	0	0	0	0	0	2	0	Cruzamento	Bom	Não existe	Perfeito estado	Seca	Perfeito estado	Faixa de pedestre	"Placas ""Pare"""	30 km/h	Única	Faixa seccionada	""	""
280	2021-02-09T00:00:00	11:26:00	COM VÍTIMA	FINALIZADA	SANTO AMARO	RUA AURORA	""	""	LADO OPOSTO AO CLUBE DE REMO NÁUTICO CAPIBARIBE.	SANTO AMARO	""	SUBURBIO	COLISÃO TRASEIRA	0	2	0	0	0	0	0	0	0	1	0	Longo da via	Bom	Não existe	Perfeito estado	Seca	Perfeito estado	Não existe	Não há placas	""	Dupla	Canteiro central	""	""
281	2021-02-09T00:00:00	14:18:00	COM VÍTIMA	FINALIZADA	TORRE	RUA REAL DA TORRE	""	RUA CONDE DE IRAJA	NO SEMÁFORO 106	TORRE	106	""	COLISÃO LATERAL	1	1	0	0	0	0	0	0	0	1	0	Cruzamento	Bom	Sem defeito	Perfeito estado	Seca	Perfeito estado	Faixa de pedestre	Outras	60 km/h	""	Faixa seccionada	""	""
282	2021-02-09T00:00:00	16:35:00	COM VÍTIMA	FINALIZADA	ESPINHEIRO	RUA AMELIA	114	RUA DR VICENTE MEIRA	AO LADO DO ESPINHEIRO SHOPPING	ESPINHEIRO	""	CIDADE	COLISÃO LATERAL	1	1	0	0	0	0	0	0	0	1	0	Esquina	Bom	Não existe	Perfeito estado	Seca	Perfeito estado	Não existe	"Placas ""Pare"""	40 km/h	Única	Faixa seccionada	""	""
283	2021-02-09T00:00:00	16:46:00	COM VÍTIMA	FINALIZADA	JIQUIÁ	RUA SAO MIGUEL	2015	""	PROX A FABRICA DA HIOLANDA. EM FRENTE AO POSTO PETROISA.	JIQUIÁ	""	CIDADE	COLISÃO LATERAL	2	1	0	0	0	0	0	0	0	1	0	Longo da via	Bom	Não existe	Perfeito estado	Seca	Perfeito estado	Não existe	Não há placas	60 km/h	Dupla	Faixa contínua	""	""
284	2021-02-09T00:00:00	18:15:00	COM VÍTIMA	FINALIZADA	AFOGADOS	RUA SAO MIGUEL	2059	""	LADO OPOSTO AO POSTO IPIRANGA	AFOGADOS	""	CIDADE	COLISÃO LATERAL	1	1	0	0	0	0	0	0	0	1	0	Longo da via	Bom	Não existe	Perfeito estado	Seca	Perfeito estado	Não existe	Não há placas	60 km/h	Dupla	Faixa contínua	""	""
285	2021-02-09T00:00:00	20:19:00	COM VÍTIMA	FINALIZADA	BOA VISTA	AV GOVERNADOR AGAMENON MAGALHAES	3895	""	EM FRENTE AO BANCO DO BRASIL / SENTIDO OLINDA	BOA VISTA	""	OLINDA	COLISÃO LATERAL	0	2	0	0	0	0	0	0	0	1	0	Longo da via	Bom	Sem defeito	Perfeito estado	Seca	Perfeito estado	Não existe	Não há placas	""	Dupla	Canteiro central	""	""
286	2021-02-10T00:00:00	06:26:00	SEM VÍTIMA	FINALIZADA	ILHA DO LEITE	RUA ESTADO DE ISRAEL	228	""	APÓS O Nº 228	ILHA DO LEITE	""	CIDADE	CHOQUE	2	0	0	0	0	0	0	0	0	0	0	Longo da via	Chuvoso	Não existe	Perfeito estado	Molhada	Perfeito estado	Faixa de pedestre	R-6a	60 km/h	Única	Faixa contínua	Faixa seccionada	""
287	2021-02-10T00:00:00	06:47:00	COM VÍTIMA	FINALIZADA	CASA AMARELA	AV NORTE	4716	""	LADO OPOSTO AO ARMAZÉM CORAL.	CASA AMARELA	""	SUBURBIO	TOMBAMENTO	0	1	0	0	0	0	0	0	0	1	0	Longo da via	Chuvoso	Não existe	Perfeito estado	Molhada	Perfeito estado	Não existe	R-6a	60 km/h	Dupla	Faixa seccionada	Canteiro central	""
288	2021-02-10T00:00:00	07:31:00	COM VÍTIMA	FINALIZADA	CASA AMARELA	RUA PAULA BATISTA	205	RUA XAVANTES	ESQUINA CENTRO ESPIRITA MOACIR	CASA AMARELA	""	CIDADE	COLISÃO TRANSVERSAL	2	0	0	0	0	0	0	0	0	1	0	Cruzamento	Chuvoso	Não existe	Perfeito estado	Molhada	Perfeito estado	Faixa de retenção	"Placas ""Pare"""	30 km/h	Dupla	Faixa seccionada	""	""
289	2021-02-10T00:00:00	08:27:00	COM VÍTIMA	FINALIZADA	SÃO JOSÉ	AV SUL	""	""	EM FRENTE A CAPITANIA DOS PORTOS	SÃO JOSÉ	""	CIDADE	TOMBAMENTO	0	1	0	0	0	0	0	0	0	2	0	Longo da via	Bom	Sem defeito	Perfeito estado	Seca	Perfeito estado	Não existe	R-6a	""	Única	Faixa seccionada	""	""
290	2021-02-10T00:00:00	08:33:00	COM VÍTIMA	FINALIZADA	JARDIM SÃO PAULO	RUA LEANDRO BARRETO	116	""	EM FRENTE A SERGIO DAS RAÇÕES	JARDIM SÃO PAULO	""	CIDADE	COLISÃO TRANSVERSAL	1	1	0	0	0	0	0	0	0	2	0	Longo da via	Bom	Não existe	Incompleta	Seca	Mal conservada	Não existe	R-19	""	Dupla	Não existe	""	""
291	2021-02-10T00:00:00	10:58:00	SEM VÍTIMA	FINALIZADA	IBURA	AV DOIS RIOS	432	""	EM FRENTE A  ODONTOMEDIC	IBURA	""	SUBURBIO	COLISÃO LATERAL	2	0	0	0	0	0	0	0	0	0	0	Longo da via	Bom	Não existe	Perfeito estado	Seca	Perfeito estado	Não existe	Outras	""	Dupla	Faixa contínua	""	""
292	2021-02-10T00:00:00	15:12:00	COM VÍTIMA	CANCELADA	ESTÂNCIA	AV RECIFE	""	""	EM FRENTE AO ANTIGO MAKRO	ESTÂNCIA	""	""	COLISÃO	0	2	0	0	0	0	0	0	0	2	0	""	""	""	""	""	""	""	""	""	""	""	""	""
293	2021-02-11T00:00:00	07:52:00	COM VÍTIMA	FINALIZADA	VÁRZEA	AV AFONSO OLINDENSE	730	""	EM FRENTE AO EDF. PRAÇA DAS ARAUCARIAS	VÁRZEA	""	VÁRZEA	COLISÃO LATERAL	1	1	0	0	0	0	0	0	0	1	0	Longo da via	Bom	Não existe	Perfeito estado	Seca	Perfeito estado	Outros	Outras	30 km/h	Dupla	Faixa contínua	""	""
294	2021-02-11T00:00:00	08:12:00	COM VÍTIMA	FINALIZADA	IPUTINGA	RUA SAO MATEUS	345	""	EM   FRENTE  A  IGREJA  UNIVERSAL. AO LADO DO ARMARINHO ADONAI.	IPUTINGA	""	CIDADE	COLISÃO COM CICLISTA	0	1	0	1	0	0	0	0	0	1	0	Longo da via	Bom	Não existe	Não existente	Seca	Perfeito estado	Não existe	Não há placas	30 km/h	Dupla	Faixa contínua	""	""
295	2021-02-11T00:00:00	13:29:00	COM VÍTIMA	FINALIZADA	CORDEIRO	AV ENGENHEIRO ABDIAS DE CARVALHO	""	""	PROXIMO AO SEMÁFORO 058 E AO LADO OPOTO DO CAMARÃO DO LEO/ SENTIDO CIDADE. POSTE Nº B062560	CORDEIRO	""	CIDADE	COLISÃO TRASEIRA	1	1	0	0	0	0	0	0	0	1	0	Longo da via	Bom	Sem defeito	Perfeito estado	Seca	Perfeito estado	Faixa de pedestre	R-6a	60 km/h	Única	Faixa seccionada	Canteiro central	""
296	2021-02-11T00:00:00	15:28:00	COM VÍTIMA	FINALIZADA	PRADO	AV ENGENHEIRO ABDIAS DE CARVALHO	1111	""	EM FRENTE A ENGEFRIO / SENTIDO CIDADE	PRADO	""	CIDADE	COLISÃO LATERAL	1	1	0	0	0	0	0	0	0	1	0	Longo da via	Bom	Sem defeito	Perfeito estado	Seca	Perfeito estado	Não existe	Não há placas	""	Única	Canteiro central	""	""
297	2021-02-11T00:00:00	16:46:00	COM VÍTIMA	FINALIZADA	SANCHO	AV LIBERDADE	1227	""	LADO OPOSTO AO CEMITÉRIO PARQUE DAS FLORES.	SANCHO	""	CIDADE	COLISÃO COM CICLISTA	1	0	0	1	0	0	0	0	0	1	0	Longo da via	Bom	Não existe	Incompleta	Seca	Perfeito estado	Faixa de pedestre	Não há placas	""	Dupla	Faixa contínua	""	""
298	2021-02-11T00:00:00	17:43:00	COM VÍTIMA	FINALIZADA	AFOGADOS	EST DOS REMEDIOS	1700	RUA TABAIARES	EM FRENTE À HYUNDAI PATEO	AFOGADOS	390	CIDADE	COLISÃO TRANSVERSAL	1	1	0	0	0	0	0	0	0	1	0	Longo da via	Bom	Desligado	Perfeito estado	Seca	Perfeito estado	Faixa de retenção	R-6a	60 km/h	Única	Faixa seccionada	""	""
299	2021-02-11T00:00:00	20:59:00	COM VÍTIMA	FINALIZADA	MADALENA	AV VISCONDE DE ALBUQUERQUE	259	""	PRÓX AO BOMPREÇO / EM FRENTE AO MUNDO DO CABELOS. EDF. PEDRO RODRIGUES.	MADALENA	""	SUBURBIO	COLISÃO TRASEIRA	1	1	0	0	0	0	0	0	0	1	0	Longo da via	Bom	Não existe	Perfeito estado	Seca	Perfeito estado	Não existe	Outras	""	Única	Faixa seccionada	""	""
300	2021-02-11T00:00:00	20:53:40	COM VÍTIMA	CANCELADA	VÁRZEA	RUA GASTAO VIDIGAL	""	AV JOAQUIM RIBEIRO	PRÓX A UPA DA CAXANGÁ / SEMÁFORO 281	VÁRZEA	""	""	COLISÃO COM CICLISTA	1	0	0	1	0	0	0	0	0	1	0	""	""	""	""	""	""	""	""	""	""	""	""	""
301	2021-02-11T00:00:00	21:34:40	COM VÍTIMA	FINALIZADA	BOA VISTA	RUA JOAO LIRA	""	RUA DA SAUDADE	PRÓX AO 13 DE MAIO - E/F AO EDF MARAJÓ	BOA VISTA	308	CIDADE	COLISÃO TRANSVERSAL	1	0	0	0	0	0	0	1	0	1	0	Cruzamento	Bom	Sem defeito	Perfeito estado	Seca	Perfeito estado	Faixa de pedestre	R-3	30 km/h	Única	""	""	""
302	2021-02-12T00:00:00	06:13:00	COM VÍTIMA	CANCELADA	IMBIRIBEIRA	PRC MINISTRO SALGADO FILHO	""	""	NO PORTÃO DE ENTRADA DO AEROPORTO	IMBIRIBEIRA	""	""	ATROPELAMENTO DE PESSOA	0	1	0	0	1	0	0	0	0	2	0	""	""	""	""	""	""	""	""	""	""	""	""	""
303	2021-02-12T00:00:00	07:58:00	COM VÍTIMA	FINALIZADA	CASA AMARELA	AV NORTE	5246	""	AO LADO DA FARMACIA BOM JESUS. LADO OPOSTO À LOTERIA NORTE.	CASA AMARELA	312	SUBURBIO	COLISÃO TRASEIRA	1	1	0	0	0	0	0	0	0	1	0	Longo da via	Bom	Sem defeito	Perfeito estado	Seca	Perfeito estado	Não existe	Não há placas	""	Dupla	Canteiro central	""	""
304	2021-02-12T00:00:00	12:26:00	COM VÍTIMA	FINALIZADA	IPSEP	RUA POTENGY	462	""	PRÓX AO SUPERMERCADO STYLO. PRAÇA JARDIM AMÉRICA.	IPSEP	""	AV. MASC MORAIS	CHOQUE	1	2	0	0	0	0	0	0	0	1	0	Longo da via	Bom	Não existe	Perfeito estado	Seca	Perfeito estado	Não existe	Outras	20 km/h	Única	Não existe	""	""
305	2021-02-12T00:00:00	12:59:00	SEM VÍTIMA	FINALIZADA	ARRUDA	RUA PETRONILA BOTELHO	79	""	POR TRÁS DO ESTÁDIO DO ARRUDA	ARRUDA	""	SUBURBIO	COLISÃO LATERAL	0	2	0	0	0	0	0	0	0	0	0	Longo da via	Bom	Não existe	Não existente	Seca	Perfeito estado	Não existe	Não há placas	""	Dupla	Não existe	""	""
306	2021-02-12T00:00:00	14:36:00	COM VÍTIMA	FINALIZADA	AFOGADOS	RUA SAO MIGUEL	251	""	LADO OPOSTO AO DEPATRI.	AFOGADOS	""	CIDADE	COLISÃO TRANSVERSAL	0	1	0	0	0	0	0	1	0	1	0	Longo da via	Bom	Sem defeito	Perfeito estado	Seca	Perfeito estado	Não existe	R-6a	""	Dupla	Faixa contínua	""	""
307	2021-02-12T00:00:00	16:24:00	SEM VÍTIMA	FINALIZADA	MACAXEIRA	AV NORTE	""	""	ACADEMIA DA SAÚDE, AO LADO DO Nº 7368	MACAXEIRA	""	SUBURBIO	CHOQUE	1	0	0	0	0	1	0	0	0	0	0	Longo da via	Bom	Não existe	Perfeito estado	Seca	Perfeito estado	Não existe	R-6a	""	Dupla	Canteiro central	""	""
308	2021-02-12T00:00:00	19:25:00	COM VÍTIMA	FINALIZADA	IBURA	AV DOIS RIOS	1081	RUA FERNANDO TOMAZ DA SILVA	PRÓX A FARMÁCIA PAGUE MENOS	IBURA	323	CIDADE	COLISÃO LATERAL	1	2	0	0	0	0	0	0	0	1	0	Longo da via	Bom	Sem defeito	Perfeito estado	Seca	Perfeito estado	Faixa de retenção	""	""	""	""	""	""
309	2021-02-13T00:00:00	00:16:00	SEM VÍTIMA	CANCELADA	BOA VISTA	LGO DA SANTA CRUZ	""	""	EM FRENTE AO GOVEIA DE BARROS	BOA VISTA	""	""	COLISÃO	2	0	0	0	0	0	0	0	0	0	0	""	""	""	""	""	""	""	""	""	""	""	""	""
310	2021-02-13T00:00:00	00:26:00	COM VÍTIMA	FINALIZADA	BOA VISTA	RUA DO RIACHUELO	325	RUA DA AURORA	""	BOA VISTA	579	SUBURBIO	COLISÃO TRASEIRA	1	1	0	0	0	0	0	0	0	1	0	Cruzamento	Bom	Sem defeito	Perfeito estado	Seca	Perfeito estado	Outros	R-6a	40 km/h	Única	Faixa seccionada	""	""
311	2021-02-13T00:00:00	08:28:00	SEM VÍTIMA	FINALIZADA	PAISSANDU	AV GOVERNADOR AGAMENON MAGALHAES	""	""	E/F AO HOSPITAL PORTUGUÊS	PAISSANDU	""	""	CHOQUE	0	0	0	0	0	0	0	1	0	0	0	""	""	""	""	""	""	""	""	""	""	""	""	""
312	2021-02-14T00:00:00	07:57:00	COM VÍTIMA	FINALIZADA	ILHA JOANA BEZERRA	VDO PAPA JOAO PAULO II	""	""	PRÓXIMO A PASSARELA. LADO OPOSTO AO FORUM RODOLFO AURELIANO.	ILHA JOANA BEZERRA	""	SUBURBIO	TOMBAMENTO	0	1	0	0	0	0	0	0	0	1	0	Viaduto	Chuvoso	Não existe	Perfeito estado	Molhada	""	Outros	R-19	60 km/h	Dupla	Canteiro central	""	""
313	2021-02-14T00:00:00	10:17:00	COM VÍTIMA	FINALIZADA	MUSTARDINHA	RUA VINTE E UM DE ABRIL	2160	""	TEERMINAL DE MUSTARDINHA	MUSTARDINHA	""	AFOGADOS	COLISÃO FRONTAL	0	1	0	0	0	1	0	0	0	2	0	Longo da via	Bom	Sem defeito	""	Seca	Perfeito estado	""	""	""	""	""	""	""
314	2021-02-15T00:00:00	09:08:00	COM VÍTIMA	FINALIZADA	SANTO AMARO	RUA COELHO LEITE	""	RUA DA SAUDADE	""	SANTO AMARO	""	SUBURBIO	COLISÃO	1	1	0	0	0	0	0	0	0	1	0	Longo da via	Bom	Não existe	Perfeito estado	Seca	Perfeito estado	""	"Placas ""Pare"""	""	Dupla	Faixa contínua	""	""
315	2021-02-15T00:00:00	11:53:00	SEM VÍTIMA	FINALIZADA	TEJIPIÓ	RUA FALCAO DE LACERDA	236	""	PRÓXIMO A ESTAÇÃO DE METRÔ TEJIPIÓ	TEJIPIÓ	""	SUBURBIO	COLISÃO LATERAL	0	1	0	0	0	0	0	1	0	0	0	Longo da via	Chuvoso	Não existe	Perfeito estado	Molhada	Perfeito estado	Não existe	Não há placas	""	Dupla	Faixa contínua	""	""
316	2021-02-15T00:00:00	15:50:00	SEM VÍTIMA	FINALIZADA	BOA VIAGEM	RUA DEZ DE JULHO	""	RUA CAMBOIM	""	BOA VIAGEM	""	SUBURBIO	COLISÃO TRANSVERSAL	2	0	0	0	0	0	0	0	0	0	0	Cruzamento	Bom	Não existe	Perfeito estado	Seca	Perfeito estado	Não existe	"Placas ""Pare"""	""	Única	Não existe	""	""
317	2021-02-16T00:00:00	08:01:00	COM VÍTIMA	FINALIZADA	BOA VIAGEM	AV ENGENHEIRO DOMINGOS FERREIRA	2600	RUA PROFESSOR JOSE BRANDAO	""	BOA VIAGEM	550	SUBURBIO	ATROPELAMENTO DE PESSOA	1	0	0	0	1	0	0	0	0	1	0	Longo da via	Bom	Sem defeito	Perfeito estado	Seca	Perfeito estado	Agente	""	60 km/h	Única	Faixa contínua	""	""
318	2021-02-16T00:00:00	09:36:00	COM VÍTIMA	FINALIZADA	BOA VISTA	RUA DO RIACHUELO	""	RUA DO HOSPICIO	""	BOA VISTA	92	CIDADE	COLISÃO TRASEIRA	0	2	0	0	0	0	0	0	0	2	0	Cruzamento	Bom	Sem defeito	Perfeito estado	Seca	Perfeito estado	Faixa de pedestre	Outras	""	Única	Não existe	""	""
319	2021-02-16T00:00:00	12:33:00	COM VÍTIMA	FINALIZADA	TORRE	RUA SOUZA BANDEIRA	""	RUA MARQUES DE MARICA	""	TORRE	""	""	COLISÃO FRONTAL	1	1	0	0	0	0	0	0	0	1	0	Cruzamento	Bom	Sem defeito	Perfeito estado	Seca	Perfeito estado	Faixa de retenção	""	""	Única	""	""	""
320	2021-02-16T00:00:00	15:00:00	COM VÍTIMA	FINALIZADA	DERBY	AV GOVERNADOR AGAMENON MAGALHAES	138	""	ODONTO CAP; EM FRENTE À FACCEIMAGEM	DERBY	417	SUBURBIO	COLISÃO LATERAL	1	1	0	0	0	0	0	0	0	1	0	Longo da via	Bom	Não existe	Perfeito estado	Seca	Perfeito estado	Não existe	Não há placas	""	Única	Faixa seccionada	""	""
321	2021-02-16T00:00:00	16:06:00	SEM VÍTIMA	FINALIZADA	MUSTARDINHA	AV MANOEL GONCALVES DA LUZ	70	""	AO LADO DO POSTO TOTAL	MUSTARDINHA	""	""	COLISÃO	1	1	0	0	0	0	0	0	0	0	0	""	""	""	""	""	""	""	""	""	""	""	""	""
322	2021-02-16T00:00:00	17:27:00	COM VÍTIMA	FINALIZADA	CAXANGÁ	AV JOAQUIM RIBEIRO	487	RUA BELMIRO CORREIA	APOS A UPA DA CAXANGA, SENTIDO CAMARAGIBE	CAXANGÁ	""	SUBURBIO	COLISÃO LATERAL	1	2	0	0	0	0	0	0	0	3	0	Esquina	Bom	Não existe	Perfeito estado	Seca	Perfeito estado	Não existe	Outras	""	Dupla	Canteiro central	""	""
323	2021-02-16T00:00:00	18:49:00	SEM VÍTIMA	FINALIZADA	ALTO SANTA TERESINHA	AV ANIBAL BENEVOLO	1014	""	BIFURCAÇÃO COM A R. DOS ALTOS COQUEIROS	ALTO SANTA TERESINHA	""	""	COLISÃO LATERAL	2	0	0	0	0	0	0	0	0	0	0	""	Bom	Não existe	""	Seca	Mal iluminada	Não existe	Não há placas	""	Dupla	""	""	""
324	2021-02-17T00:00:00	04:11:00	SEM VÍTIMA	CANCELADA	SAN MARTIN	RUA VINTE E UM DE ABRIL	""	""	PRÓXIMO A EMPREL, NO FINAL DA R. 21 DE ABRIL SENT. ABDIAS	SAN MARTIN	""	""	COLISÃO	2	0	0	0	0	0	0	0	0	0	0	""	""	""	""	""	""	""	""	""	""	""	""	""
325	2021-02-17T00:00:00	07:40:00	COM VÍTIMA	FINALIZADA	JARDIM SÃO PAULO	AV RECIFE	5635	AV JOAO CABRAL DE MELO NETO	NA  ENTRADA  DE  JARDIM  SÃO  PAULO     EM  FRENTE  A EMPRESA  SERP	JARDIM SÃO PAULO	259	SUBURBIO	COLISÃO LATERAL	0	1	0	0	0	0	1	0	0	1	0	Longo da via	Bom	Sem defeito	Perfeito estado	Seca	Perfeito estado	Faixa de pedestre	Não há placas	60 km/h	Dupla	Canteiro central	""	""
326	2021-02-17T00:00:00	07:46:00	COM VÍTIMA	FINALIZADA	CAXANGÁ	AV MAURICIO DE NASSAU	268	RUA ENGENHEIRO MOACYR PARAHYBA	PROX. AO  ALTINO VENTURA	CAXANGÁ	""	""	COLISÃO TRANSVERSAL	1	1	0	0	0	0	0	0	0	1	0	Cruzamento	Bom	Não existe	Não existente	Seca	Perfeito estado	Não existe	Não há placas	""	Dupla	Faixa contínua	""	""
327	2021-02-17T00:00:00	12:36:00	COM VÍTIMA	FINALIZADA	BOA VIAGEM	RUA CORONEL SERGIO HENRIQUE CARDIM	""	AV CONSELHEIRO AGUIAR	E/F AOS CORREIOS	BOA VIAGEM	318	CIDADE	ATROPELAMENTO DE PESSOA	0	1	0	0	1	0	0	0	0	1	0	Cruzamento	Bom	Sem defeito	Perfeito estado	Seca	Perfeito estado	Faixa de pedestre	"Placas ""Pare"""	60 km/h	Única	""	""	""
328	2021-02-18T00:00:00	10:10:00	SEM VÍTIMA	FINALIZADA	MACAXEIRA	RUA LUIS JOSE DA CUNHA	128	""	""	MACAXEIRA	""	SUBURBIO	CHOQUE	0	0	0	0	0	0	0	1	0	0	0	Longo da via	Bom	Não existe	Não existente	Seca	Mal conservada	Não existe	Não há placas	""	Única	Não existe	""	""
329	2021-02-18T00:00:00	12:20:00	COM VÍTIMA	FINALIZADA	CASA AMARELA	RUA DA HARMONIA	584	RUA DONA ROSA DA FONSECA	PROX AO ESCOLA VILA SEZAMO	CASA AMARELA	""	CIDADE	COLISÃO LATERAL	1	1	0	0	0	0	0	0	0	1	0	Cruzamento	Bom	Não existe	Perfeito estado	Seca	Perfeito estado	Não existe	R-6a	""	Dupla	Faixa seccionada	""	""