_id	data	hora	natureza_acidente	situacao	bairro	endereco	numero	detalhe_endereco_acidente	complemento	bairro_cruzamento	num_semaforo	sentido_via	tipo	auto	moto	ciclom	ciclista	pedestre	onibus	caminhao	viatura	outros	vitimas	vitimasfatais	acidente_verificado	tempo_clima	situacao_semaforo	sinalizacao	condicao_via	conservacao_via	ponto_controle	situacao_placa	velocidade_max_via	mao_direcao	divisao_via1	divisao_via2	divisao_via3
330	2021-02-18T00:00:00	14:11:00	COM VÍTIMA	FINALIZADA	IBURA	AV PRESIDENTE DUTRA	1405	""	PRÓX AO SAL E BRASA E POSTO IPIRANGA; ANTES DO SEMÁFORO	IBURA	393	BOA VIAGEM	COLISÃO LATERAL	1	1	0	0	0	0	0	0	0	1	0	Longo da via	Bom	Sem defeito	Perfeito estado	Seca	Perfeito estado	Faixa de pedestre	Outras	60 km/h	Dupla	Faixa seccionada	Faixa contínua	""
331	2021-02-18T00:00:00	16:19:00	COM VÍTIMA	FINALIZADA	MADALENA	AV ENGENHEIRO ABDIAS DE CARVALHO	""	""	EM FRENTE À ESTÁCIO	MADALENA	328	SUBURBIO	COLISÃO TRASEIRA	1	1	0	0	0	0	0	0	0	1	0	Longo da via	Bom	Sem defeito	Perfeito estado	Seca	Perfeito estado	""	Não há placas	60 km/h	Dupla	Canteiro central	""	""
332	2021-02-18T00:00:00	17:29:00	COM VÍTIMA	FINALIZADA	PRADO	AV ENGENHEIRO ABDIAS DE CARVALHO	1723	""	PROX A ZERO GRAU	PRADO	""	CIDADE	TOMBAMENTO	0	1	0	0	0	0	0	0	0	1	0	Longo da via	Bom	Não existe	Perfeito estado	Seca	Perfeito estado	Não existe	Não há placas	""	Dupla	Canteiro central	""	""
333	2021-02-18T00:00:00	18:28:00	COM VÍTIMA	FINALIZADA	CORDEIRO	AV GENERAL SAN MARTIN	""	RUA GOMES TABORDA	EM FRENTE AO ATACAREJO IDEAL; POSTO PETRONAC/ OPOSTO Á DROGASIL	CORDEIRO	67	CIDADE	COLISÃO TRANSVERSAL	0	2	0	0	0	0	0	0	0	1	0	Longo da via	Bom	Sem defeito	Perfeito estado	Seca	Perfeito estado	Faixa de pedestre	R-6a	40 km/h	Dupla	Faixa contínua	""	""
334	2021-02-19T00:00:00	08:34:00	COM VÍTIMA	CANCELADA	IPSEP	RUA PINTOR LULA CARDOSO AYRES	""	""	E/F FATO COMERCIO	IPSEP	""	""	COLISÃO	1	1	0	0	0	0	0	0	0	1	0	""	""	""	""	""	""	""	""	""	""	""	""	""
335	2021-02-19T00:00:00	08:51:00	COM VÍTIMA	FINALIZADA	IPSEP	RUA ITACARI	120	RUA IZABEL DE SOUZA	PROX. AO BANCO ITAU	IPSEP	""	SUBURBIO	COLISÃO TRANSVERSAL	1	1	0	0	0	0	0	0	0	1	0	Cruzamento	Bom	Não existe	Perfeito estado	Seca	Perfeito estado	Faixa de retenção	"Placas ""Pare"""	30 km/h	Única	""	""	""
336	2021-02-19T00:00:00	18:58:00	COM VÍTIMA	FINALIZADA	CORDEIRO	RUA GOMES TABORDA	1452	""	SEMÁFORO 067 / PRÓX AO ATACAREJO IDEAL	CORDEIRO	""	SUBURBIO	COLISÃO LATERAL	2	0	0	0	0	0	0	0	0	1	0	Longo da via	Bom	Sem defeito	Perfeito estado	Seca	Perfeito estado	""	R-6a	30 km/h	Dupla	Faixa seccionada	""	""
337	2021-02-19T00:00:00	19:25:00	COM VÍTIMA	FINALIZADA	SANTO AMARO	RUA CAPITAO LIMA	158	RUA DA FUNDICAO	TV GLOBO (AO LADO DA ANTENA)	SANTO AMARO	""	PRC TREZE DE MAIO	COLISÃO COM CICLISTA	1	0	0	1	0	0	0	0	0	2	0	Cruzamento	Bom	Não existe	Perfeito estado	Seca	Perfeito estado	Faixa de pedestre	"Placas ""Pare"""	""	Dupla	Faixa contínua	""	""
338	2021-02-19T00:00:00	19:53:00	COM VÍTIMA	FINALIZADA	MADALENA	RUA PROFESSOR JOSE TORRES PIRES	165	AV BEIRA RIO	EDIF. QUINTA BEIRA RIO	MADALENA	""	TORRE	COLISÃO LATERAL	1	1	0	0	0	0	0	0	0	2	0	Longo da via	Bom	Não existe	Perfeito estado	Seca	Perfeito estado	Não existe	Não há placas	""	Única	Faixa seccionada	""	""
339	2021-02-20T00:00:00	10:22:00	SEM VÍTIMA	FINALIZADA	JORDÃO	RUA ESCOLA DE SAGRES	""	""	EM FRENTE A IGREJA UNIVERSAL /   E A SECRETARIA DE DEFESA SOCIAL	JORDÃO	""	""	COLISÃO	2	0	0	0	0	0	0	0	0	0	0	""	""	""	""	""	""	""	""	""	""	""	""	""
340	2021-02-20T00:00:00	11:50:00	COM VÍTIMA	FINALIZADA	IPUTINGA	AV MAURICIO DE NASSAU	193A	""	LOGO APOS O PARQUE MUNICIPAL CAIARA	IPUTINGA	""	CIDADE	COLISÃO TRANSVERSAL	1	1	0	0	0	0	0	0	0	1	0	Longo da via	Bom	Não existe	Não existente	Seca	Perfeito estado	Não existe	Não há placas	40 km/h	Dupla	Faixa contínua	""	""
341	2021-02-20T00:00:00	14:00:00	COM VÍTIMA	FINALIZADA	IMBIRIBEIRA	AV MARECHAL MASCARENHAS DE MORAES	3421	""	AO LADO DA FACULDADE UNIVERSO. EM FRENTE A CONCESSIONÁRIA LAND ROVER.	IMBIRIBEIRA	289	CIDADE	COLISÃO TRASEIRA	1	1	0	0	0	0	0	0	0	1	0	Longo da via	Bom	Sem defeito	Perfeito estado	Seca	Perfeito estado	Faixa de pedestre	R-6a	60 km/h	Dupla	Faixa seccionada	Canteiro central	""
342	2021-02-20T00:00:00	20:10:00	SEM VÍTIMA	CANCELADA	BOA VIAGEM	RUA CAMBOIM	""	RUA DEZ DE JULHO	PRÓX A MAISON CRISTAL RECEPÇÕES	BOA VIAGEM	""	""	COLISÃO	2	0	0	0	0	0	0	0	0	0	0	""	""	""	""	""	""	""	""	""	""	""	""	""
343	2021-02-20T00:00:00	23:24:40	SEM VÍTIMA	CANCELADA	ESTÂNCIA	AV DR JOSE RUFINO	514	""	PRÓX AO COLÉGIO VISÃO	ESTÂNCIA	""	""	COLISÃO	9	1	0	0	0	0	0	0	0	0	0	""	""	""	""	""	""	""	""	""	""	""	""	""
344	2021-02-21T00:00:00	06:55:00	COM VÍTIMA	FINALIZADA	VÁRZEA	RUA ACADEMICO HELIO RAMOS	40	""	EM FRENTE A IGREJA ASSEMBLEIA DE DEUS, AO LADO CEMITERIO	VÁRZEA	""	""	COLISÃO LATERAL	0	1	0	0	0	1	0	0	0	1	0	Longo da via	Bom	Sem defeito	Não existente	Seca	Perfeito estado	Não existe	Não há placas	""	Dupla	Faixa seccionada	""	""
345	2021-02-21T00:00:00	11:16:00	SEM VÍTIMA	FINALIZADA	HIPÓDROMO	RUA PROFESSOR JERONIMO GUEIROS	423	RUA PROFESSOR JOSE CARNEIRO	""	HIPÓDROMO	""	""	COLISÃO TRASEIRA	1	1	0	0	0	0	0	0	0	0	0	Longo da via	Bom	Não existe	Perfeito estado	Seca	Perfeito estado	Não existe	Não há placas	40 km/h	Dupla	Não existe	""	""
346	2021-02-21T00:00:00	15:11:00	SEM VÍTIMA	FINALIZADA	GUABIRABA	EST DOS MACACOS	4	""	SOB O PONTILHÃO	GUABIRABA	""	CIDADE	COLISÃO LATERAL	0	1	0	0	0	0	0	1	0	0	0	Longo da via	Bom	Sem defeito	Perfeito estado	Seca	""	Não existe	Não há placas	""	Dupla	Não existe	""	""
347	2021-02-21T00:00:00	16:11:00	COM VÍTIMA	CANCELADA	IMBIRIBEIRA	RUA ALAMEDA DAS HORTENCIAS	381	""	PROXIMO AO COLEGIO MOTIVO	IMBIRIBEIRA	""	""	COLISÃO	1	1	0	0	0	0	0	0	0	2	0	""	""	""	""	""	""	""	""	""	""	""	""	""
348	2021-02-21T00:00:00	19:40:00	COM VÍTIMA	FINALIZADA	BREJO DA GUABIRABA	AV VEREADOR OTACILIO AZEVEDO	""	RUA SENHOR DO BONFIM	PROX. A GARAGEM DA GLOBO. CRUZAMENTO COM A TRAVESSA DO SENHOR DO BONFIM.	BREJO DA GUABIRABA	""	SUBURBIO	COLISÃO TRANSVERSAL	0	2	0	0	0	0	0	0	0	1	0	Longo da via	Bom	Não existe	Perfeito estado	Seca	Perfeito estado	Não existe	Outras	30 km/h	Dupla	Não existe	""	""
349	2021-02-21T00:00:00	20:39:40	COM VÍTIMA	CANCELADA	NOVA DESCOBERTA	RUA CORREGO DA AREIA	447	""	ESCOLA MUNICIPAL CASA AMARELA	NOVA DESCOBERTA	""	""	COLISÃO	1	1	0	0	0	0	0	0	0	1	0	""	""	""	""	""	""	""	""	""	""	""	""	""
350	2021-02-21T00:00:00	21:04:40	SEM VÍTIMA	FINALIZADA	PORTO DA MADEIRA	LAD DO SAPOTI	""	AV BEBERIBE	PROX. AO BAR DA FAVA	PORTO DA MADEIRA	""	""	COLISÃO	2	0	0	0	0	0	0	0	0	0	0	""	""	""	""	""	""	""	""	""	""	""	""	""
351	2021-02-22T00:00:00	07:14:00	COM VÍTIMA	FINALIZADA	BOA VIAGEM	AV CONSELHEIRO AGUIAR	2707	RUA PROFESSOR JOSE BRANDAO	EM FRENTE A CLINICA  ARMINDO MOURA	BOA VIAGEM	549	""	COLISÃO TRANSVERSAL	1	1	0	0	0	0	0	0	0	1	0	Longo da via	Bom	Sem defeito	Perfeito estado	Seca	Perfeito estado	Outros	Não há placas	""	Única	""	""	""
352	2021-02-22T00:00:00	07:20:00	COM VÍTIMA	FINALIZADA	ILHA DO RETIRO	RUA SPORT CLUBE DO RECIFE	""	""	SOBRE O VIADUTO CHICO SCIENCE	ILHA DO RETIRO	""	CIDADE	TOMBAMENTO	0	1	0	0	0	0	0	0	0	1	0	Ponte	Bom	Não existe	Perfeito estado	Seca	Perfeito estado	Não existe	Não há placas	""	Dupla	Faixa contínua	""	""
353	2021-02-22T00:00:00	08:05:00	COM VÍTIMA	FINALIZADA	MONTEIRO	AV DEZESSETE DE AGOSTO	2666	""	EM FRENTE A PRAÇA DO MONTEIRO E A ESCOLA SIVA JARDIM E CLUBE DEZESSETE.	MONTEIRO	""	SUBURBIO	COLISÃO TRASEIRA	1	1	0	0	0	0	0	0	0	1	0	Longo da via	Bom	Sem defeito	Perfeito estado	Seca	Perfeito estado	Faixa de pedestre	R-6a	60 km/h	""	Faixa contínua	""	""
354	2021-02-22T00:00:00	08:52:00	COM VÍTIMA	FINALIZADA	ARRUDA	RUA DO TRIUNFO	""	RUA BOM CONSELHO	""	ARRUDA	""	SUBURBIO	COLISÃO LATERAL	1	1	0	0	0	0	0	0	0	2	0	Cruzamento	Bom	Não existe	Não existente	Seca	Perfeito estado	Não existe	Não há placas	""	Dupla	Não existe	""	""
355	2021-02-22T00:00:00	09:27:00	COM VÍTIMA	FINALIZADA	TAMARINEIRA	AV NORTE	3850	""	100 METROS ANTES DA RUA CÔNEGO BARATA (SENTIDO CENTRO). ATLANTA COLCHÕES.	TAMARINEIRA	62	CIDADE	COLISÃO LATERAL	1	1	0	0	0	0	0	0	0	1	0	Longo da via	Bom	Sem defeito	Perfeito estado	Seca	Perfeito estado	Faixa de pedestre	Outras	""	Dupla	Faixa contínua	Faixa seccionada	Canteiro central
356	2021-02-22T00:00:00	10:27:00	COM VÍTIMA	FINALIZADA	CAMPINA DO BARRETO	RUA DAS MOCAS	880	RUA DOS PEIXINHOS	PROX A CHURRASCARIA VERONA E CLÁUDIO BAR.	CAMPINA DO BARRETO	""	SUBURBIO	COLISÃO TRANSVERSAL	1	0	0	0	0	1	0	0	0	1	0	Cruzamento	Bom	Não existe	Perfeito estado	Seca	Perfeito estado	Faixa de retenção	""	30 km/h	Dupla	Faixa seccionada	""	""
357	2021-02-22T00:00:00	12:22:00	COM VÍTIMA	FINALIZADA	AFOGADOS	RUA SAO MIGUEL	""	""	EM FRENTE AO POSTO DE COMBUSTÍVEIS, DISLUB	AFOGADOS	""	SUBURBIO	COLISÃO LATERAL	1	1	0	0	0	0	0	0	0	1	0	Longo da via	Bom	Não existe	Perfeito estado	Seca	Perfeito estado	Faixa de pedestre	Outras	50 km/h	Dupla	Faixa seccionada	""	""
358	2021-02-22T00:00:00	13:13:00	SEM VÍTIMA	FINALIZADA	BOA VIAGEM	RUA FELIX DE BRITO E MELO	""	""	HOTEL ACONCHEGO  RECIFE	BOA VIAGEM	""	CIDADE	COLISÃO TRASEIRA	2	0	0	0	0	0	0	0	0	0	0	Longo da via	Bom	Sem defeito	Perfeito estado	Seca	Perfeito estado	Não existe	R-6a	""	Única	Faixa seccionada	""	""
359	2021-02-22T00:00:00	13:47:00	COM VÍTIMA	FINALIZADA	TORRE	RUA MARQUES DE MARICA	""	RUA SOUZA BANDEIRA	APOS A IGREJA CATOLICA DA TORRE, PRIMEIRA RUA A DIREITA	TORRE	317	SUBURBIO	COLISÃO TRANSVERSAL	1	1	0	0	0	0	0	0	0	1	0	Cruzamento	Bom	Sem defeito	Perfeito estado	Seca	Perfeito estado	Faixa de pedestre	Não há placas	""	Dupla	""	""	""
360	2021-02-22T00:00:00	16:38:00	SEM VÍTIMA	FINALIZADA	BOA VIAGEM	RUA DOS NAVEGANTES	""	""	PRÓXIMO AO EDIFÍCIO VITÓRIA REGIA	BOA VIAGEM	""	SUBURBIO	COLISÃO LATERAL	2	0	0	0	0	0	0	0	0	0	0	Longo da via	Bom	Não existe	Perfeito estado	Seca	Perfeito estado	Não existe	Não há placas	""	Única	Não existe	""	""
361	2021-02-22T00:00:00	17:16:00	COM VÍTIMA	FINALIZADA	SANTO AMARO	AV ENGENHEIRO AGAMENON DE MAGALHAES MELO	""	AV DR JAYME DA FONTE	PROX A DELEGACIA DE ROUBOS E FURTOS / PROX AO CAMPO DO 11	SANTO AMARO	49	SUBURBIO	COLISÃO TRANSVERSAL	1	1	0	0	0	0	0	0	0	1	0	Cruzamento	Bom	Sem defeito	Perfeito estado	Seca	Perfeito estado	Faixa de pedestre	Outras	60 km/h	Dupla	Canal	""	""
362	2021-02-22T00:00:00	20:56:00	COM VÍTIMA	FINALIZADA	COHAB	RUA DR BENIGNO JORDAO DE VASCONCELOS	1195A	""	PROX A UPA LAGOA ENCANTADA / ESCOLA MARIA AUXILIADORA	COHAB	""	SUBURBIO	COLISÃO FRONTAL	2	0	0	0	0	0	0	0	0	1	0	Longo da via	Bom	Não existe	Perfeito estado	Seca	Perfeito estado	Não existe	Não há placas	""	Dupla	Faixa seccionada	""	""
363	2021-02-23T00:00:00	07:56:00	SEM VÍTIMA	FINALIZADA	SANTO AMARO	AV CRUZ CABUGA	449	""	EM FRENTE AO ARMAZÉM CORAL	SANTO AMARO	""	CIDADE	COLISÃO LATERAL	1	1	0	0	0	0	0	0	0	0	0	Longo da via	Bom	Não existe	Perfeito estado	Seca	Perfeito estado	Não existe	R-6a	""	Dupla	Faixa contínua	""	""
364	2021-02-23T00:00:00	08:02:00	COM VÍTIMA	FINALIZADA	SAN MARTIN	AV GENERAL SAN MARTIN	530	""	EM  FRENTE A  MUG  SORVETERIA  E CENTRO AUTOMOTIVO.	SAN MARTIN	""	CIDADE	COLISÃO FRONTAL	1	1	0	0	0	0	0	0	0	1	0	Longo da via	Bom	Não existe	Perfeito estado	Seca	Perfeito estado	Não existe	Não há placas	""	Dupla	Faixa contínua	""	""
365	2021-02-23T00:00:00	08:27:00	COM VÍTIMA	FINALIZADA	ENCRUZILHADA	AV BEBERIBE	301	RUA FERNANDO CESAR	AO LADO DO BANCO DO BRASIL	ENCRUZILHADA	238	CIDADE	COLISÃO LATERAL	2	0	0	0	0	0	0	0	0	1	0	Longo da via	Bom	Sem defeito	Perfeito estado	Seca	Perfeito estado	Não existe	""	40 km/h	Dupla	Faixa contínua	""	""
366	2021-02-23T00:00:00	08:28:00	COM VÍTIMA	FINALIZADA	IBURA	AV DOM HELDER CAMARA	315	""	""	IBURA	""	SUBURBIO	COLISÃO LATERAL	1	1	0	0	0	0	0	0	0	1	0	Longo da via	Bom	Não existe	Não existente	Seca	Mal conservada	Não existe	Não há placas	""	Única	Não existe	""	""
367	2021-02-23T00:00:00	08:31:00	COM VÍTIMA	FINALIZADA	CORDEIRO	AV CAXANGA	2689	""	EM  FRENTE  A  OFICINA   KI  PEÇAS . POSTE B052840.	CORDEIRO	""	CIDADE	COLISÃO FRONTAL	1	1	0	0	0	0	0	0	0	1	0	Longo da via	Bom	Sem defeito	Perfeito estado	Seca	Perfeito estado	Faixa de pedestre	R-6a	60 km/h	Dupla	Canteiro central	""	""
368	2021-02-23T00:00:00	10:13:00	COM VÍTIMA	FINALIZADA	BOA VIAGEM	RUA RIBEIRO DE BRITO	1197	RUA CORONEL ANIZIO RODRIGUES COELHO	PROX. AO RESTAURANTE CARCARA, AO LADO DO POSTO DE GASOLINA BR	BOA VIAGEM	""	SUBURBIO	COLISÃO COM CICLISTA	1	0	0	1	0	0	0	0	0	1	0	Cruzamento	Bom	Não existe	Perfeito estado	Seca	Perfeito estado	Não existe	Outras	40 km/h	Única	Não existe	""	""
369	2021-02-23T00:00:00	11:53:00	SEM VÍTIMA	FINALIZADA	SANTO ANTÔNIO	RUA DO SOL	""	AV GUARARAPES	AGÊNCIA DOS CORREIOS	SANTO ANTÔNIO	14	""	COLISÃO LATERAL	1	0	0	0	0	0	1	0	0	0	0	Cruzamento	Bom	Sem defeito	Perfeito estado	Seca	Perfeito estado	Faixa de pedestre	Não há placas	40 km/h	Única	Faixa contínua	""	""
370	2021-02-23T00:00:00	12:33:00	COM VÍTIMA	CANCELADA	ENCRUZILHADA	AV NORTE	2160	""	LADO OPOSTO A RENAULT,  SENTIDO  CENTRO	ENCRUZILHADA	""	""	COLISÃO	1	1	0	0	0	0	0	0	0	1	0	""	""	""	""	""	""	""	""	""	""	""	""	""
371	2021-02-23T00:00:00	15:39:00	SEM VÍTIMA	FINALIZADA	AFOGADOS	AV SUL	""	""	PX A POLICLINICA AGAMENON MAGALHÃES	AFOGADOS	""	""	COLISÃO	0	0	0	0	0	0	0	0	0	0	0	""	""	""	""	""	""	""	""	""	""	""	""	""
372	2021-02-23T00:00:00	17:39:00	COM VÍTIMA	FINALIZADA	ARRUDA	RUA MEM DE SA	224	""	EM FRENTE A COCA-COLA	ARRUDA	""	""	COLISÃO	1	1	0	0	0	0	0	0	0	1	0	Longo da via	Bom	Não existe	Perfeito estado	Seca	Perfeito estado	Não existe	Não há placas	40 km/h	Dupla	Não existe	""	""
373	2021-02-23T00:00:00	19:26:00	COM VÍTIMA	FINALIZADA	IMBIRIBEIRA	RUA ITAJAI	188	""	FACULDADE BOA VIAGEM	IMBIRIBEIRA	""	SUBURBIO	COLISÃO FRONTAL	1	1	0	0	0	0	0	0	0	1	0	Longo da via	Bom	Não existe	""	Seca	Perfeito estado	Não existe	Não há placas	30 km/h	Dupla	Não existe	""	""
374	2021-02-24T00:00:00	14:49:00	SEM VÍTIMA	FINALIZADA	ILHA JOANA BEZERRA	AV CENTRAL	""	""	EM FRENTE AO COMPAZ DO COQUE	ILHA JOANA BEZERRA	""	CIDADE	COLISÃO LATERAL	1	1	0	0	0	0	0	0	0	0	0	Longo da via	Bom	Não existe	Perfeito estado	Seca	Perfeito estado	""	""	""	Dupla	""	""	""
375	2021-02-24T00:00:00	18:36:00	COM VÍTIMA	FINALIZADA	IMBIRIBEIRA	AV TANCREDO NEVES	""	""	SOBRE O VIADUTO TANCREDO NEVES (SENTIDO BOA VIAGEM)	IMBIRIBEIRA	""	CIDADE	COLISÃO LATERAL	0	2	0	0	0	0	0	0	0	2	0	Viaduto	Bom	Não existe	Não existente	Seca	Perfeito estado	Não existe	Não há placas	""	Dupla	Canteiro central	""	""
376	2021-02-24T00:00:00	22:41:40	SEM VÍTIMA	FINALIZADA	TORRE	RUA CONDE DE IRAJA	""	AV BEIRA RIO	""	TORRE	""	""	COLISÃO	2	0	0	0	0	0	0	0	0	0	0	""	""	""	""	""	""	""	""	""	""	""	""	""
377	2021-02-25T00:00:00	12:44:00	COM VÍTIMA	FINALIZADA	SANTO AMARO	RUA DOS PALMARES	651	""	""	SANTO AMARO	""	CIDADE	COLISÃO LATERAL	1	1	0	0	0	0	0	0	0	1	0	Longo da via	Bom	Não existe	Perfeito estado	Seca	Perfeito estado	Não existe	Não há placas	""	Dupla	Canteiro central	""	""
378	2021-02-25T00:00:00	16:17:00	COM VÍTIMA	FINALIZADA	BOA VIAGEM	RUA BARAO DE SOUZA LEAO	""	RUA RIO AZUL	""	BOA VIAGEM	476	SUBURBIO	COLISÃO TRANSVERSAL	1	1	0	0	0	0	0	0	0	1	0	Cruzamento	Bom	Sem defeito	Perfeito estado	Seca	Perfeito estado	Faixa de pedestre	Outras	""	Única	Faixa contínua	Faixa seccionada	""
379	2021-02-26T00:00:00	07:30:00	COM VÍTIMA	FINALIZADA	CASA FORTE	RUA DONA ADA VIEIRA	892	RUA DONA ADA VIEIRA	EM FRENTE PIZZARIA HUNT	CASA FORTE	""	CIDADE	COLISÃO TRANSVERSAL	1	1	0	0	0	0	0	0	0	1	0	Esquina	Chuvoso	Não existe	Perfeito estado	Molhada	Perfeito estado	Não existe	R-6a	""	Dupla	Faixa contínua	""	""
380	2021-02-26T00:00:00	11:36:00	SEM VÍTIMA	FINALIZADA	DERBY	AV GOVERNADOR AGAMENON MAGALHAES	""	AV RUI BARBOSA	EM FRENTE AO TRE	DERBY	37	BOA  VIAGEM	COLISÃO	1	0	0	0	0	0	0	1	0	0	0	""	""	""	""	""	""	""	""	""	""	""	""	""
381	2021-02-26T00:00:00	14:06:00	SEM VÍTIMA	FINALIZADA	IPSEP	RUA POTENGY	245	""	""	IPSEP	""	""	COLISÃO	0	1	0	0	0	0	0	1	0	0	0	""	""	""	""	""	""	""	""	""	""	""	""	""
382	2021-02-26T00:00:00	15:25:00	COM VÍTIMA	FINALIZADA	MANGABEIRA	AV NORTE	""	AV PROFESSOR JOSE DOS ANJOS	""	MANGABEIRA	364	CIDADE	COLISÃO	2	1	0	0	0	0	0	0	0	1	0	Cruzamento	Chuvoso	Sem defeito	Perfeito estado	Molhada	Perfeito estado	Faixa de pedestre	R-6c	""	Dupla	Faixa contínua	""	""
383	2021-02-26T00:00:00	17:07:00	COM VÍTIMA	FINALIZADA	TAMARINEIRA	RUA IBIAPABA	90	RUA JUNDIA	EM FRENTE AO ESTACIONAMENTO DA FERREIRA COSTA	TAMARINEIRA	""	SUBURBIO	COLISÃO FRONTAL	1	1	0	0	0	0	0	0	0	1	0	Esquina	Chuvoso	Não existe	Perfeito estado	Seca	Perfeito estado	Faixa de pedestre	"Placas ""Pare"""	""	Dupla	Faixa seccionada	""	""
384	2021-02-26T00:00:00	17:56:00	COM VÍTIMA	FINALIZADA	GRAÇAS	RUA DAS GRACAS	704	AV RUI BARBOSA	""	GRAÇAS	562	CIDADE	COLISÃO TRASEIRA	1	0	0	0	0	2	0	0	0	4	0	Longo da via	Chuvoso	Intermitente	Perfeito estado	Molhada	Perfeito estado	Faixa de pedestre	R-6a	""	Única	Faixa contínua	""	""
385	2021-02-26T00:00:00	20:47:00	SEM VÍTIMA	CANCELADA	SANTO AMARO	AV GOVERNADOR AGAMENON MAGALHAES	227	""	PROXIMO DO SHOPPING TACARUNA, PISTA LOCAL, AO LADO DO POSTO PETROBRAS BR	SANTO AMARO	""	SUBURBIO	COLISÃO	2	0	0	0	0	0	0	0	0	0	0	""	""	""	""	""	""	""	""	""	""	""	""	""
386	2021-02-26T00:00:00	22:40:40	SEM VÍTIMA	CANCELADA	IPSEP	AV RECIFE	""	RUA JEAN EMILE FAVRE	PRÓX A PADARIA VILA DO PÃO	IPSEP	""	""	COLISÃO	2	0	0	0	0	0	0	0	0	0	0	""	""	""	""	""	""	""	""	""	""	""	""	""
387	2021-02-27T00:00:00	13:30:00	COM VÍTIMA	FINALIZADA	IPSEP	AV RECIFE	""	""	SOBRE A PONTE DO CAÇOTE,SENTIDO CEASA	IPSEP	""	SUBURBIO	COLISÃO TRASEIRA	1	1	0	0	0	0	0	0	0	1	0	Longo da via	Bom	""	Perfeito estado	Seca	Perfeito estado	""	Não há placas	""	Dupla	Canteiro central	""	""
388	2021-02-27T00:00:00	15:00:00	COM VÍTIMA	CANCELADA	BRASÍLIA TEIMOSA	RUA FRANCISCO VALPASSOS	315	""	PROXIMO AO BAR DO DE GILMAR	BRASÍLIA TEIMOSA	""	""	COLISÃO	1	1	0	0	0	0	0	0	0	1	0	""	""	""	""	""	""	""	""	""	""	""	""	""
389	2021-02-27T00:00:00	16:27:00	SEM VÍTIMA	FINALIZADA	COELHOS	AV AGOSTINHO GOMES	""	""	NA DESCIDA DO VIADULTO  JOAQUIM CARDOSO, SENTIDO JOANA BEZERRA	COELHOS	""	""	COLISÃO	1	0	0	0	0	0	0	1	0	0	0	""	""	""	""	""	""	""	""	""	""	""	""	""
390	2021-02-27T00:00:00	18:59:00	COM VÍTIMA	FINALIZADA	BOA VIAGEM	RUA JOSE DOMINGUES DA SILVA	147	RUA BELMONTE	E/F A FARMACIA PERMANENTE, PRÓX A PAGUE MENOS	BOA VIAGEM	""	""	COLISÃO TRANSVERSAL	1	1	0	0	0	0	1	0	0	1	0	Cruzamento	Bom	Sem defeito	Perfeito estado	Seca	Perfeito estado	Não existe	"Placas ""Pare"""	""	Dupla	Faixa seccionada	""	""
391	2021-02-28T00:00:00	06:53:00	SEM VÍTIMA	FINALIZADA	BAIRRO DO RECIFE	AV MARTINS DE BARROS	""	RUA SIQUEIRA CAMPOS	EM FRENTE A PARADA DO BRT / PROX AO SANTANDER	BAIRRO DO RECIFE	""	""	CHOQUE	0	0	0	0	0	1	0	1	0	0	0	""	""	""	""	""	""	""	""	""	""	""	""	""
392	2021-02-28T00:00:00	09:29:00	SEM VÍTIMA	FINALIZADA	ENCRUZILHADA	AV NORTE	""	""	APOS CRUZAMENTO DA RUA JOSÉ DE SÁ CARNEIRO	ENCRUZILHADA	""	""	COLISÃO	2	0	0	0	0	0	0	0	0	0	0	""	""	""	""	""	""	""	""	""	""	""	""	""
393	2021-02-28T00:00:00	14:10:00	COM VÍTIMA	FINALIZADA	CAXANGÁ	AV CAXANGA	""	RUA MANOEL MOREIRA	EM FRENTE AO TERMINAL III PERIMETRAL	CAXANGÁ	591	CIDADE	COLISÃO TRASEIRA	1	1	0	0	0	0	0	0	0	1	0	Longo da via	Bom	Sem defeito	Perfeito estado	Seca	Perfeito estado	Outros	Outras	""	Dupla	Faixa seccionada	Canteiro central	""
394	2021-02-28T00:00:00	16:37:00	SEM VÍTIMA	CANCELADA	AFOGADOS	RUA SAO MIGUEL	268	""	PRÓX AO DEPATRI	AFOGADOS	""	""	COLISÃO	2	0	0	0	0	0	0	0	0	0	0	""	""	""	""	""	""	""	""	""	""	""	""	""
395	2021-02-28T00:00:00	18:36:00	SEM VÍTIMA	CANCELADA	VÁRZEA	RUA JOSE ANTONIO DA COSTA FILHO	131	""	EM FRENTE AO PASTEL DE LEDA	VÁRZEA	""	""	CHOQUE	0	0	0	0	0	0	0	0	0	0	0	""	""	""	""	""	""	""	""	""	""	""	""	""
396	2021-02-28T00:00:00	19:50:00	COM VÍTIMA	FINALIZADA	IPSEP	RUA PAMPULHA	201	RUA CACHOEIRA	""	IPSEP	""	SUBURBIO	COLISÃO COM CICLISTA	1	0	0	1	0	0	0	0	0	1	0	Cruzamento	Bom	Não existe	Perfeito estado	Seca	Perfeito estado	Faixa de retenção	"Placas ""Pare"""	""	Única	Faixa seccionada	""	""