_id	data	hora	natureza_acidente	situacao	bairro	endereco	numero	detalhe_endereco_acidente	complemento	bairro_cruzamento	num_semaforo	sentido_via	tipo	auto	moto	ciclom	ciclista	pedestre	onibus	caminhao	viatura	outros	vitimas	vitimasfatais	acidente_verificado	tempo_clima	situacao_semaforo	sinalizacao	condicao_via	conservacao_via	ponto_controle	situacao_placa	velocidade_max_via	mao_direcao	divisao_via1	divisao_via2	divisao_via3
397	2021-02-28T00:00:00	19:51:00	SEM VÍTIMA	CANCELADA	MADALENA	AV BEIRA RIO	""	RUA DEMOSTENES DE OLINDA	PRAÇA PAULO FREIRE	MADALENA	689	""	COLISÃO	2	0	0	0	0	0	0	0	0	0	0	""	""	""	""	""	""	""	""	""	""	""	""	""
398	2021-02-28T00:00:00	21:02:40	COM VÍTIMA	CANCELADA	ENCRUZILHADA	EST DE BELEM	""	RUA ANTONIO RANGEL	PROX AO MERCADO QUITANDARIA	ENCRUZILHADA	""	""	COLISÃO	1	1	0	0	0	0	0	0	0	2	0	""	""	""	""	""	""	""	""	""	""	""	""	""
399	2021-03-01T00:00:00	00:11:00	SEM VÍTIMA	CANCELADA	BOA VIAGEM	AV MARECHAL JUAREZ TAVORA	""	""	PRÓXIMO AO MOTEL FÓRUM	BOA VIAGEM	""	""	COLISÃO	0	0	0	0	0	0	0	0	0	0	0	""	""	""	""	""	""	""	""	""	""	""	""	""
400	2021-03-01T00:00:00	06:43:00	COM VÍTIMA	FINALIZADA	PRADO	AV ENGENHEIRO ABDIAS DE CARVALHO	1701	RUA DONA MARIA AUGUSTA NOGUEIRA	EM FRENTE AO POSTO DE GASOLINA BR	PRADO	""	CIDADE	COLISÃO LATERAL	1	1	0	0	0	0	0	0	0	1	0	Cruzamento	Chuvoso	Não existe	Incompleta	Molhada	Perfeito estado	Não existe	R-19	60 km/h	Única	Faixa seccionada	Canteiro central	""
401	2021-03-01T00:00:00	07:31:00	COM VÍTIMA	FINALIZADA	CORDEIRO	AV GENERAL SAN MARTIN	809	""	PROX  AO  GETULIO  VARGAS  EM  FRENTE  A  LOJA  COLORATA	CORDEIRO	""	CIDADE	COLISÃO TRANSVERSAL	1	1	0	0	0	0	0	0	0	1	0	Longo da via	Chuvoso	Não existe	Perfeito estado	Molhada	Perfeito estado	Não existe	""	""	Dupla	Faixa contínua	""	""
402	2021-03-01T00:00:00	09:53:00	COM VÍTIMA	FINALIZADA	NOVA DESCOBERTA	RUA CORREGO DA AREIA	355	""	E/F A IGREJA PENTECOSTAL BOAS NOVAS	NOVA DESCOBERTA	""	SUBURBIO	COLISÃO TRASEIRA	1	1	0	0	0	0	0	0	0	2	0	Longo da via	Chuvoso	Não existe	Perfeito estado	Molhada	Perfeito estado	Não existe	Não há placas	40 km/h	Dupla	Faixa seccionada	""	""
403	2021-03-01T00:00:00	10:20:00	COM VÍTIMA	FINALIZADA	AREIAS	AV RECIFE	1040	""	EM  FRENTE  AO  SUPERMERCADO    BIG  BOM PREÇO  NO SENTIDO  CAXANGA	AREIAS	494	SUBURBIO	COLISÃO TRASEIRA	1	1	0	0	0	0	0	0	0	1	0	Longo da via	Chuvoso	Sem defeito	Perfeito estado	Molhada	Perfeito estado	Faixa de pedestre	Não há placas	60 km/h	Única	Faixa seccionada	""	""
404	2021-03-01T00:00:00	13:44:00	COM VÍTIMA	FINALIZADA	BOA VIAGEM	RUA CAPITAO ZUZINHA	231	""	AUTO ESCOLA PILOTO	BOA VIAGEM	""	BOA VIAGEM	QUEDA	0	1	0	0	0	0	0	0	0	1	0	Longo da via	Chuvoso	Não existe	Perfeito estado	Molhada	Perfeito estado	Faixa de pedestre	Não há placas	""	Única	Faixa seccionada	""	""
405	2021-03-01T00:00:00	16:29:00	COM VÍTIMA	FINALIZADA	CORDEIRO	RUA DR MIGUEL VIEIRA FERREIRA	265	RUA CLAUDIO BROTHERHOOD	EM FRENTE A GRAFICA CAMPELO COMUNICAÇÕES E PROXIMO A BETO BEBIDAS	CORDEIRO	""	SUBURBIO	COLISÃO TRANSVERSAL	1	1	0	0	0	0	0	0	0	2	0	Cruzamento	Chuvoso	Não existe	Não existente	Molhada	Perfeito estado	Faixa de pedestre	Não há placas	""	Dupla	Faixa contínua	""	""
406	2021-03-01T00:00:00	17:07:00	COM VÍTIMA	FINALIZADA	AFOGADOS	RUA VINTE E UM DE ABRIL	1070	""	EM FRENTE A PADARIA IPIRANGA	AFOGADOS	""	SUBURBIO	COLISÃO TRANSVERSAL	1	1	0	0	0	0	0	0	0	1	0	Longo da via	Chuvoso	Não existe	Não existente	Molhada	Perfeito estado	Não existe	Não há placas	""	Dupla	Não existe	""	""
407	2021-03-01T00:00:00	19:23:00	COM VÍTIMA	FINALIZADA	LINHA DO TIRO	RUA CORREGO DO EUCLIDES	3049	""	PROX AO TERMINAL DE ONIBUS DO BREJO	LINHA DO TIRO	""	CIDADE	COLISÃO FRONTAL	1	1	0	0	0	0	0	0	0	1	0	Longo da via	Chuvoso	Não existe	Não existente	Molhada	Perfeito estado	Não existe	Não há placas	""	Dupla	Não existe	""	""
408	2021-03-02T00:00:00	07:17:00	SEM VÍTIMA	FINALIZADA	SAN MARTIN	AV GENERAL SAN MARTIN	""	RUA GOMES TABORDA	SOB O SEMÁFORO 068	SAN MARTIN	68	""	COLISÃO LATERAL	0	0	0	0	0	0	0	0	0	0	0	""	""	""	""	""	""	""	""	""	""	""	""	""
409	2021-03-02T00:00:00	07:20:00	SEM VÍTIMA	FINALIZADA	MACAXEIRA	AV NORTE	""	""	PARQUE DA MACAXEIRA	MACAXEIRA	""	""	MONITORAMENTO	0	0	0	0	0	0	0	0	0	0	0	""	""	""	""	""	""	""	""	""	""	""	""	""
410	2021-03-02T00:00:00	07:23:00	COM VÍTIMA	FINALIZADA	VASCO DA GAMA	AV NORTE	833	RUA VASCO DA GAMA	EM FRENTE A YAMAHA	VASCO DA GAMA	66	SUBURBIO	COLISÃO LATERAL	0	1	0	0	0	1	0	0	0	1	0	Cruzamento	Bom	Sem defeito	Perfeito estado	Seca	Perfeito estado	""	Não há placas	60 km/h	Dupla	Canteiro central	""	""
411	2021-03-02T00:00:00	08:34:00	COM VÍTIMA	FINALIZADA	CORDEIRO	EST DO FORTE DO ARRAIAL N. DO B. JESUS	800	""	EM FRENTE AO DEPOSITO DE GAS	CORDEIRO	""	CIDADE	COLISÃO COM CICLISTA	0	1	0	1	0	0	0	0	0	1	0	Longo da via	Bom	Não existe	Perfeito estado	Seca	Perfeito estado	Não existe	Não há placas	""	Dupla	Faixa contínua	""	""
412	2021-03-02T00:00:00	09:14:00	COM VÍTIMA	FINALIZADA	BEBERIBE	AV BEBERIBE	4456	""	EM FRENTE ZAP MOVEIS	BEBERIBE	""	CIDADE	COLISÃO FRONTAL	1	1	0	0	0	0	0	0	0	1	0	Longo da via	Bom	Não existe	Perfeito estado	Seca	Perfeito estado	Não existe	Não há placas	""	Dupla	Faixa contínua	""	""
413	2021-03-02T00:00:00	10:33:00	COM VÍTIMA	FINALIZADA	CAMPO GRANDE	RUA JERONIMO VILELA	244	""	APÓS A PADARIA SANTO ANTONIO  ,SENTIDO ESTRADA BELEM	CAMPO GRANDE	""	CIDADE	COLISÃO TRASEIRA	1	1	0	0	0	0	0	0	0	1	0	Longo da via	Bom	Não existe	Perfeito estado	Seca	Perfeito estado	Não existe	Outras	""	Dupla	Faixa seccionada	""	""
414	2021-03-02T00:00:00	14:49:00	COM VÍTIMA	FINALIZADA	AREIAS	RUA CAMBUCA	93	RUA OITICICA LINS	EM FRENTE AO SUPERMERCADO COBAL	AREIAS	""	SUBURBIO	COLISÃO TRANSVERSAL	1	1	0	0	0	0	0	0	0	1	0	Cruzamento	Bom	Não existe	Ilegível	Seca	Perfeito estado	Não existe	"Placas ""Pare"""	40 km/h	Dupla	Não existe	""	""
415	2021-03-02T00:00:00	17:00:00	COM VÍTIMA	FINALIZADA	ESTÂNCIA	AV DR JOSE RUFINO	88	""	AO LADO DA ANTIGA FABRICA YOLANDA	ESTÂNCIA	""	CIDADE	COLISÃO LATERAL	0	2	0	0	0	0	0	0	0	2	0	Longo da via	Bom	Não existe	Perfeito estado	Seca	Perfeito estado	Não existe	Não há placas	60 km/h	Dupla	Faixa contínua	""	""
416	2021-03-02T00:00:00	19:46:00	COM VÍTIMA	FINALIZADA	MADALENA	RUA MANOEL BERNARDES	215	""	PRÓX A PRAÇA CALAZANS	MADALENA	""	SUBURBIO	ATROPELAMENTO DE PESSOA	1	0	0	0	1	0	0	0	0	1	0	Outros	Bom	Não existe	Perfeito estado	Seca	Perfeito estado	Não existe	Não há placas	""	Dupla	Não existe	""	""
417	2021-03-02T00:00:00	20:31:40	COM VÍTIMA	FINALIZADA	CASA AMARELA	AV NORTE	""	RUA DA HARMONIA	FARMÁCIA BOM JESUS	CASA AMARELA	312	SUBURBIO	COLISÃO COM CICLISTA	1	0	0	1	0	0	0	0	0	1	0	Cruzamento	Bom	Sem defeito	Perfeito estado	Seca	Perfeito estado	Faixa de pedestre	"Placas ""Pare"""	""	Dupla	Canteiro central	""	""
418	2021-03-03T00:00:00	09:29:00	SEM VÍTIMA	FINALIZADA	CAMPO GRANDE	RUA PRUDENTE DE MORAES	""	RUA CARLOS FERNANDES	E/F AO DEPOSITO DA ULTRAGÁS	CAMPO GRANDE	""	""	COLISÃO	2	0	0	0	0	0	0	0	0	0	0	Cruzamento	Bom	Não existe	Perfeito estado	Seca	Perfeito estado	Faixa de retenção	"Placas ""Pare"""	30km	Dupla	Faixa seccionada	""	""
419	2021-03-03T00:00:00	12:23:00	SEM VÍTIMA	CANCELADA	JOANA BEZERRA	AV GOVERNADOR AGAMENON MAGALHAES	""	""	SOB O VIADULTO CAPITÃO TEMUDO, SENTIDO OLINDA	JOANA BEZERRA	""	""	COLISÃO	1	1	0	0	0	0	0	0	0	0	0	""	""	""	""	""	""	""	""	""	""	""	""	""
420	2021-03-03T00:00:00	13:25:00	COM VÍTIMA	FINALIZADA	ZUMBI	AV CAXANGA	653	""	EM FRENTE AO COMPAZ MIGUEL ARRAES	ZUMBI	""	CIDADE	COLISÃO LATERAL	1	1	0	0	0	0	0	0	0	1	0	Longo da via	Bom	Não existe	Perfeito estado	Seca	Perfeito estado	Não existe	Outras	60 km/h	Dupla	Canteiro central	""	""
421	2021-03-03T00:00:00	13:35:00	COM VÍTIMA	FINALIZADA	IBURA	AV DOIS RIOS	""	RUA RIO XINGU	POSTO PETROBRAS	IBURA	351	CIDADE	COLISÃO FRONTAL	1	1	0	0	0	0	0	0	0	2	0	Cruzamento	Bom	Sem defeito	Perfeito estado	Seca	Perfeito estado	Faixa de retenção	Não há placas	""	Dupla	Faixa contínua	""	""
422	2021-03-03T00:00:00	15:18:00	COM VÍTIMA	FINALIZADA	AFOGADOS	EST DOS REMEDIOS	895	RUA CORONEL ALFREDO DUARTE	POSTO IPIRANGA	AFOGADOS	""	CIDADE	COLISÃO LATERAL	1	1	0	0	0	0	0	0	0	1	0	Esquina	Bom	Não existe	Perfeito estado	Seca	Perfeito estado	Não existe	R-6a	""	Única	Faixa seccionada	""	""
423	2021-03-03T00:00:00	16:35:00	COM VÍTIMA	FINALIZADA	BOMBA DO HEMETÉRIO	RUA JACOB	134	RUA DR JOSE FULCO	EM FRENTE AO ESPAÇO BELEZA MUNIZ CHIC	BOMBA DO HEMETÉRIO	""	SUBURBIO	COLISÃO LATERAL	1	1	0	0	0	0	0	0	0	1	0	Longo da via	Bom	Não existe	Perfeito estado	Seca	Perfeito estado	Não existe	Outras	30 km/h	Dupla	Faixa seccionada	""	""
424	2021-03-03T00:00:00	16:52:00	COM VÍTIMA	FINALIZADA	BAIRRO DO RECIFE	AV ALFREDO LISBOA	""	""	EM FRENTE A DELEGACIA DA MULHER	BAIRRO DO RECIFE	""	SUBURBIO	COLISÃO LATERAL	0	2	0	0	0	0	0	0	0	1	0	Longo da via	Bom	Não existe	Perfeito estado	Seca	Perfeito estado	Não existe	Outras	""	Única	Faixa seccionada	""	""
425	2021-03-03T00:00:00	18:11:00	COM VÍTIMA	FINALIZADA	CASA FORTE	AV DEZESSETE DE AGOSTO	2069	""	E/F A FARMACIA PAGUE MENOS	CASA FORTE	""	SUBURBIO	COLISÃO LATERAL	1	1	0	0	0	0	0	0	0	1	0	Longo da via	Bom	Sem defeito	Perfeito estado	Seca	Perfeito estado	Não existe	R-6a	60 km/h	Dupla	Faixa contínua	""	""
426	2021-03-03T00:00:00	18:46:00	COM VÍTIMA	CANCELADA	IPSEP	AV RECIFE	2820	""	NA ENTRADA DO IBURA / E/F A AUTO ESPORTE VEÍCULO E NOVA ERA	IPSEP	""	""	COLISÃO	1	1	0	0	0	0	0	0	0	2	0	""	""	""	""	""	""	""	""	""	""	""	""	""
427	2021-03-04T00:00:00	07:44:00	COM VÍTIMA	FINALIZADA	SANTO AMARO	AV GOVERNADOR AGAMENON MAGALHAES	""	""	RETORNO DA UPE	SANTO AMARO	108	SUBURBIO	COLISÃO LATERAL	1	1	0	0	0	0	0	0	0	2	0	Longo da via	Bom	Sem defeito	Perfeito estado	Seca	Perfeito estado	Faixa de pedestre	""	60 km/h	Dupla	Faixa contínua	Canteiro central	""
428	2021-03-04T00:00:00	14:39:00	COM VÍTIMA	FINALIZADA	IPSEP	RUA DR RAPOSO PINTO	219	RUA JACUNDA	PRÓX À CIDINHA DELICATESSEN E COLÉGIO WALT DISNEY	IPSEP	""	SUBURBIO	COLISÃO LATERAL	1	1	0	0	0	0	0	0	0	1	0	Longo da via	Bom	Não existe	Perfeito estado	Seca	Perfeito estado	Não existe	""	""	Dupla	Faixa contínua	""	""
429	2021-03-04T00:00:00	15:09:00	SEM VÍTIMA	FINALIZADA	CASA AMARELA	AV NORTE	""	""	EM FRENTE A POLICLÍNICA BARROS LIMA	CASA AMARELA	""	""	COLISÃO	3	0	0	0	0	0	0	0	0	0	0	Longo da via	Bom	Intermitente	Perfeito estado	Seca	Perfeito estado	Faixa de pedestre	Outras	n/i	Dupla	Canteiro central	""	""
430	2021-03-04T00:00:00	16:02:00	SEM VÍTIMA	FINALIZADA	TORRÕES	AV ENGENHEIRO ABDIAS DE CARVALHO	""	""	PRAÇA DA CHESF	TORRÕES	""	""	COLISÃO	0	0	0	0	0	0	0	0	0	0	0	Longo da via	Bom	Sem defeito	Perfeito estado	Seca	Perfeito estado	Faixa de pedestre	Não há placas	60KM/H	Única	Canteiro central	""	""
431	2021-03-04T00:00:00	17:21:00	COM VÍTIMA	CANCELADA	PRADO	AV ENGENHEIRO ABDIAS DE CARVALHO	""	""	EM FRENTE A ENGEFRIO	PRADO	""	SUBURBIO	COLISÃO	1	1	0	0	0	0	0	0	0	2	0	""	""	""	""	""	""	""	""	""	""	""	""	""
432	2021-03-04T00:00:00	17:29:00	SEM VÍTIMA	FINALIZADA	BOA VIAGEM	RUA TOME GIBSON	""	AV ENGENHEIRO DOMINGOS FERREIRA	""	BOA VIAGEM	""	""	COLISÃO	0	0	0	0	0	0	0	0	0	0	0	""	""	""	""	""	""	""	""	""	""	""	""	""
433	2021-03-04T00:00:00	19:30:00	SEM VÍTIMA	FINALIZADA	PINA	AV ANTONIO DE GOES	""	RUA MIRANDA FALCAO	""	PINA	277	""	COLISÃO	2	0	0	0	0	0	0	0	0	0	0	Longo da via	Bom	Sem defeito	Perfeito estado	Seca	Perfeito estado	Faixa de pedestre	Não há placas	60km/h	Única	Faixa seccionada	""	""
434	2021-03-04T00:00:00	23:17:40	SEM VÍTIMA	FINALIZADA	ESPINHEIRO	RUA DA HORA	261	RUA QUARENTA E OITO	EM FRENTE AO EDF MARIA BELANIA	ESPINHEIRO	""	""	COLISÃO	2	0	0	0	0	0	0	0	0	0	0	Cruzamento	Bom	Sem defeito	Perfeito estado	Seca	Perfeito estado	Faixa de pedestre	R-6a	""	Única	Faixa seccionada	""	""
435	2021-03-05T00:00:00	15:21:00	COM VÍTIMA	CANCELADA	BOA VISTA	RUA GERVASIO PIRES	""	AV MANOEL BORBA	""	BOA VISTA	""	""	COLISÃO COM CICLISTA	1	0	0	1	0	1	0	0	0	1	0	""	""	""	""	""	""	""	""	""	""	""	""	""
436	2021-03-05T00:00:00	17:20:00	COM VÍTIMA	FINALIZADA	SANTO AMARO	AV PREFEITO ARTUR LIMA CAVALCANTI	""	""	APÓS A PONTE LIMOEIRO	SANTO AMARO	""	SUBURBIO	CHOQUE	0	1	0	0	0	0	0	0	0	1	0	Longo da via	Bom	Não existe	Não existente	Seca	Perfeito estado	""	""	40 km/h	Dupla	Canteiro central	""	""
437	2021-03-05T00:00:00	20:05:00	COM VÍTIMA	FINALIZADA	PORTO DA MADEIRA	AV BEBERIBE	3530	RUA BARROS BARRETO	PRÓX A DALVA DE OLIVEIRA / E/F AO REI DO ARRUMADINHO  E CONDOMINIO DO CONJUNTO JOÃO PAULO ll	PORTO DA MADEIRA	""	CIDADE	COLISÃO LATERAL	1	1	0	0	0	0	0	0	0	2	0	Cruzamento	Bom	Não existe	Perfeito estado	Seca	Perfeito estado	Não existe	Não há placas	""	Dupla	Faixa seccionada	""	""
438	2021-03-06T00:00:00	09:28:00	COM VÍTIMA	FINALIZADA	IMBIRIBEIRA	AV MARECHAL MASCARENHAS DE MORAES	440	""	EM FRENTE A FLOR E ARTE	IMBIRIBEIRA	279	AEROPORTO	COLISÃO TRASEIRA	1	1	0	0	0	0	0	0	0	2	0	Longo da via	Bom	Sem defeito	Perfeito estado	Seca	Perfeito estado	Faixa de pedestre	R-6a	60 km/h	Única	Faixa contínua	""	""
439	2021-03-06T00:00:00	19:56:00	SEM VÍTIMA	FINALIZADA	JARDIM SÃO PAULO	AV LIBERDADE	428	""	PROXIMO DA DELEGACIA DRACO, EM FRENTE A  FARMACIA DISK REMEDIOS	JARDIM SÃO PAULO	""	""	COLISÃO	2	0	0	0	0	0	0	0	0	0	0	Longo da via	Bom	Não existe	Ilegível	Seca	Perfeito estado	Não existe	Não há placas	""	Dupla	Não existe	""	""
440	2021-03-06T00:00:00	22:32:40	SEM VÍTIMA	FINALIZADA	CAMPO GRANDE	RUA TENENTE GUIMARAES	415	RUA DR MACHADO	PROXIMO DO BRECHO QUINTAL ESPAÇO COLABORATIVO	CAMPO GRANDE	""	""	CHOQUE	1	0	0	0	0	0	0	0	0	0	0	Longo da via	Bom	Não existe	Não existente	Seca	Mal iluminada	Não existe	Não há placas	""	Dupla	Não existe	""	""
441	2021-03-07T00:00:00	00:49:00	SEM VÍTIMA	CANCELADA	IPSEP	RUA ITAJAI	162	""	""	IPSEP	""	""	COLISÃO	2	0	0	0	0	0	0	0	0	0	0	""	""	""	""	""	""	""	""	""	""	""	""	""
442	2021-03-07T00:00:00	21:28:40	COM VÍTIMA	CANCELADA	COHAB	AV PERNAMBUCO	364	""	NA SUBIDA DA LADEIRA / E/F A ACADEMIA DA CIDADE	COHAB	""	""	COLISÃO	1	1	0	0	0	0	0	0	0	1	0	""	""	""	""	""	""	""	""	""	""	""	""	""
443	2021-03-08T00:00:00	01:22:00	SEM VÍTIMA	CANCELADA	DOIS IRMÃOS	RUA DOIS IRMAOS	""	""	INDO PELA AV CAXANGÁ, ANTES DA ENTRADA DA UFRPE - PRÓXIMO AO BAR DA CURVA	DOIS IRMÃOS	""	""	COLISÃO	2	0	0	0	0	0	0	0	0	0	0	""	""	""	""	""	""	""	""	""	""	""	""	""
444	2021-03-08T00:00:00	08:34:00	COM VÍTIMA	FINALIZADA	IPSEP	RUA JEAN EMILE FAVRE	509	""	EM FRENTE A FACULDADE BOA VIAGEM  /	IPSEP	""	CIDADE	COLISÃO COM CICLISTA	1	0	0	1	0	0	0	0	0	1	0	Longo da via	Bom	Não existe	Perfeito estado	Seca	Perfeito estado	Não existe	Outras	""	Dupla	Faixa contínua	Faixa seccionada	Faixa contínua
445	2021-03-08T00:00:00	10:13:00	SEM VÍTIMA	FINALIZADA	SANTO AMARO	AV GOVERNADOR AGAMENON MAGALHAES	1330	""	EM FRENTE AO EDF VISGUEIRO	SANTO AMARO	379	OLINDA	COLISÃO	1	0	0	0	0	0	0	1	0	0	0	""	Bom	Sem defeito	Perfeito estado	Seca	""	Faixa de pedestre	Não há placas	60KM/H	Única	Faixa seccionada	""	""
446	2021-03-08T00:00:00	12:20:00	COM VÍTIMA	CANCELADA	TORRÕES	AV ENGENHEIRO ABDIAS DE CARVALHO	""	""	PRÓX À UPA	TORRÕES	""	SUBURBIO	COLISÃO COM CICLISTA	0	0	0	1	0	1	0	0	0	1	0	""	""	""	""	""	""	""	""	""	""	""	""	""
447	2021-03-08T00:00:00	12:51:00	COM VÍTIMA	FINALIZADA	BOA VIAGEM	RUA VISCONDE DE JEQUITINHONHA	2902	""	ANTES AO QUARTEL DA AERONALTICA,  PROX AO ED. VIA FARINE	BOA VIAGEM	154	SUBURBIO	COLISÃO LATERAL	2	1	0	0	0	0	0	0	0	1	0	Longo da via	Bom	Sem defeito	Perfeito estado	Seca	Perfeito estado	Faixa de pedestre	Outras	60 km/h	Única	Faixa seccionada	Canal	""
448	2021-03-08T00:00:00	21:23:40	COM VÍTIMA	FINALIZADA	SAN MARTIN	AV ENGENHEIRO ABDIAS DE CARVALHO	1827	""	PROXIMO DO ATACAREJO, EM FRENTE A ANTIGA FUNASE	SAN MARTIN	687	CIDADE	COLISÃO LATERAL	1	1	0	0	0	0	0	0	0	1	0	Cruzamento	Bom	Sem defeito	Perfeito estado	Seca	Perfeito estado	Faixa de retenção	Outras	""	""	Faixa seccionada	Blocos	""
449	2021-03-09T00:00:00	05:10:00	SEM VÍTIMA	FINALIZADA	BOA VISTA	AV CONDE DA BOA VISTA	""	""	AO LADO DO SHOPPING BOA VISTA	BOA VISTA	""	""	COLISÃO	0	0	0	0	0	1	1	0	0	0	0	Cruzamento	Bom	Sem defeito	Perfeito estado	Seca	Perfeito estado	Faixa de retenção	Não há placas	""	Dupla	Canteiro central	""	""
450	2021-03-09T00:00:00	11:23:00	COM VÍTIMA	FINALIZADA	BOA VISTA	AV MANOEL BORBA	1000	""	EM FRENTE AO SAMU	BOA VISTA	28	""	COLISÃO LATERAL	1	1	0	0	0	0	0	0	0	1	0	Cruzamento	Bom	Sem defeito	Perfeito estado	Seca	Perfeito estado	Outros	Outras	60 km/h	Única	Faixa contínua	""	""
451	2021-03-09T00:00:00	13:39:00	COM VÍTIMA	FINALIZADA	BREJO DE BEBERIBE	AV VEREADOR OTACILIO AZEVEDO	1073	""	PROXIMO AO CLUBE DA FAZENDA	BREJO DE BEBERIBE	""	CIDADE	COLISÃO LATERAL	2	1	0	0	0	0	0	0	0	1	0	Longo da via	Bom	Não existe	Perfeito estado	Seca	Perfeito estado	Faixa de pedestre	"Placas ""Dê a preferência"""	""	Dupla	Faixa seccionada	""	""
452	2021-03-09T00:00:00	14:05:00	COM VÍTIMA	FINALIZADA	TEJIPIÓ	AV DR JOSE RUFINO	3813	""	EM FRENTE A ESTAÇÃO DE TEJIPIO	TEJIPIÓ	""	CIDADE	COLISÃO LATERAL	1	1	0	0	0	0	0	0	0	1	0	Longo da via	Bom	Não existe	Perfeito estado	Seca	Perfeito estado	Não existe	R-6a	""	Dupla	Faixa contínua	Faixa seccionada	""
453	2021-03-09T00:00:00	14:43:00	COM VÍTIMA	DUPLICIDADE	TEJIPIÓ	AV DR JOSE RUFINO	""	""	EM FRENTE A ESTAÇÃO DE TEJIPIO	TEJIPIÓ	""	""	COLISÃO	1	1	0	0	0	0	0	0	0	1	0	""	""	""	""	""	""	""	""	""	""	""	""	""
454	2021-03-09T00:00:00	15:18:00	COM VÍTIMA	FINALIZADA	MADALENA	AV BEIRA RIO	879	""	EM FRENTE AO EDIFICIO QUATRO ESTAÇÕES	MADALENA	""	SUBURBIO	QUEDA	1	1	0	0	0	0	0	0	0	1	0	Longo da via	Bom	Sem defeito	Perfeito estado	Seca	Perfeito estado	Faixa de pedestre	Outras	""	""	Faixa contínua	Faixa seccionada	""
455	2021-03-09T00:00:00	16:59:00	COM VÍTIMA	FINALIZADA	DERBY	AV GOVERNADOR AGAMENON MAGALHAES	""	""	EM FRENTE AO ANTIGO SPETTUS/ SENTIDO BOA VIAGEM	DERBY	68	""	COLISÃO TRANSVERSAL	1	2	0	0	0	0	0	0	0	1	0	Cruzamento	Bom	Sem defeito	Perfeito estado	Seca	Perfeito estado	""	""	60 km/h	Dupla	Canteiro central	""	""
456	2021-03-09T00:00:00	17:48:00	SEM VÍTIMA	FINALIZADA	AFOGADOS	RUA TEREZINHA LIMA	122	""	PROXIMO AO RESTAURANTE BODE DO NO	AFOGADOS	""	""	CHOQUE	0	0	0	0	0	0	1	0	0	0	0	""	""	""	""	""	""	""	""	""	""	""	""	""
457	2021-03-09T00:00:00	20:22:00	COM VÍTIMA	FINALIZADA	SANTO AMARO	AV CRUZ CABUGA	""	AV NORTE	SEMÁFORO 034 / E/F AO CEMITÉRIO DOS INGLESES	SANTO AMARO	34	CIDADE	COLISÃO TRASEIRA	1	1	0	0	0	0	0	0	0	1	0	Longo da via	Bom	Sem defeito	Perfeito estado	Seca	Perfeito estado	Faixa de pedestre	Outras	60 km/h	Única	Faixa contínua	""	""
458	2021-03-10T00:00:00	12:17:00	COM VÍTIMA	FINALIZADA	PAISSANDU	RUA PAISSANDU	632	AV PORTUGAL	PRÓX AO SÃO MARCOS	PAISSANDU	""	CIDADE	COLISÃO TRANSVERSAL	1	1	0	0	0	0	0	0	0	1	0	Longo da via	Bom	Sem defeito	Perfeito estado	Seca	Perfeito estado	""	R-6a	""	Dupla	Faixa seccionada	Canteiro central	""
459	2021-03-10T00:00:00	14:00:00	COM VÍTIMA	FINALIZADA	IBURA	AV DOM HELDER CAMARA	2330	AV RECIFE	PROX AO SEMAFORO 016	IBURA	16	SUBURBIO	COLISÃO LATERAL	1	2	0	0	0	0	0	0	0	1	0	Longo da via	Bom	Sem defeito	Perfeito estado	Seca	Perfeito estado	Agente	""	60 km/h	Dupla	Faixa contínua	""	""
460	2021-03-10T00:00:00	16:22:00	SEM VÍTIMA	FINALIZADA	MADALENA	RUA DEMOSTENES DE OLINDA	121	AV BEIRA RIO	EM FRENTE AO COLÉGIO EQUIPE	MADALENA	""	""	COLISÃO	0	2	0	0	0	0	0	0	0	0	0	Esquina	Bom	Sem defeito	Perfeito estado	Seca	Perfeito estado	Faixa de pedestre	"Placas ""Pare"""	30KM/H	Única	Faixa contínua	""	""
461	2021-03-10T00:00:00	19:31:00	COM VÍTIMA	FINALIZADA	MADALENA	AV ENGENHEIRO ABDIAS DE CARVALHO	""	EST DOS REMEDIOS	EM FRENTE A FARMÁCIA DROGASIL	MADALENA	52	SUBURBIO	COLISÃO LATERAL	1	1	0	0	0	0	0	0	0	1	0	Cruzamento	Bom	Sem defeito	Perfeito estado	Seca	Perfeito estado	""	Outras	""	Única	Não existe	""	""
462	2021-03-12T00:00:00	13:00:00	SEM VÍTIMA	FINALIZADA	BOA VIAGEM	AV ENGENHEIRO DOMINGOS FERREIRA	""	RUA CORONEL BENEDITO CHAVES	MUNDO DO CABELEREIRO	BOA VIAGEM	128	SUBURBIO	COLISÃO TRASEIRA	2	0	0	0	0	0	0	0	0	0	0	Longo da via	Bom	Sem defeito	Perfeito estado	Seca	Perfeito estado	Faixa de pedestre	Outras	""	Única	Faixa contínua	Canteiro central	""