_id	data	hora	natureza_acidente	situacao	bairro	endereco	numero	detalhe_endereco_acidente	complemento	bairro_cruzamento	num_semaforo	sentido_via	tipo	auto	moto	ciclom	ciclista	pedestre	onibus	caminhao	viatura	outros	vitimas	vitimasfatais	acidente_verificado	tempo_clima	situacao_semaforo	sinalizacao	condicao_via	conservacao_via	ponto_controle	situacao_placa	velocidade_max_via	mao_direcao	divisao_via1	divisao_via2	divisao_via3
529	2021-03-24T00:00:00	17:21:00	COM VÍTIMA	FINALIZADA	CASA AMARELA	AV NORTE	5600	""	EM FRENTE AO CAPP DA AVENIDA NORTE	CASA AMARELA	676	SUBURBIO	COLISÃO LATERAL	1	1	0	0	0	0	0	0	0	1	0	Longo da via	Chuvoso	Sem defeito	Perfeito estado	Molhada	""	Faixa de pedestre	Não há placas	""	Dupla	""	Canteiro central	""
530	2021-03-25T00:00:00	07:07:00	COM VÍTIMA	FINALIZADA	CASA AMARELA	RUA PADRE LEMOS	391	AV PEDRO ALLAIN	EM FRENTE AO SUPERMERCADO CANELA	CASA AMARELA	""	""	COLISÃO LATERAL	0	1	0	0	0	1	0	0	0	1	0	Cruzamento	Bom	Não existe	Perfeito estado	Seca	Perfeito estado	Faixa de pedestre	R-6a	""	Dupla	Não existe	""	""
531	2021-03-25T00:00:00	14:18:00	COM VÍTIMA	FINALIZADA	FUNDÃO	RUA DO MACHADO	862	RUA MANOEL SILVA	NA RUA DOS IRRESPONSÁVEIS	FUNDÃO	""	SUBURBIO	COLISÃO LATERAL	1	1	0	0	0	0	0	0	0	1	0	Cruzamento	Bom	Não existe	Perfeito estado	Seca	Perfeito estado	Faixa de pedestre	Não há placas	30 km/h	Dupla	Faixa seccionada	""	""
532	2021-03-25T00:00:00	15:54:00	COM VÍTIMA	FINALIZADA	GRAÇAS	RUA QUARENTA E OITO	""	RUA CONS PORTELA	FARMACIA PAGUE MENOS	GRAÇAS	11	CIDADE	COLISÃO TRANSVERSAL	1	1	0	0	0	0	0	0	0	2	0	Cruzamento	Bom	Com defeito	Incompleta	Seca	Perfeito estado	Faixa de pedestre	Não há placas	30 km/h	Única	Faixa seccionada	""	""
533	2021-03-25T00:00:00	18:12:00	COM VÍTIMA	FINALIZADA	PINA	AV ANTONIO DE GOES	""	""	PROXIMO AO JCPM	PINA	""	CIDADE	COLISÃO LATERAL	1	1	0	0	0	0	0	0	0	2	0	Longo da via	Bom	Não existe	Perfeito estado	Seca	Perfeito estado	Não existe	Não há placas	60 km/h	Única	Faixa seccionada	Canteiro central	""
534	2021-03-26T00:00:00	09:37:00	SEM VÍTIMA	FINALIZADA	SANTO AMARO	RUA DOIS DE JULHO	392	AV CRUZ CABUGA	""	SANTO AMARO	""	""	""	1	0	0	0	0	0	0	1	0	0	0	Longo da via	Bom	Não existe	Perfeito estado	Seca	Perfeito estado	Outros	Outras	30 km/h	Dupla	Não existe	""	""
535	2021-03-26T00:00:00	11:32:00	COM VÍTIMA	FINALIZADA	IBURA	RUA RIO XINGU	""	AV DOIS RIOS	EM FRENTE AO POSTO BR	IBURA	351	SUBURBIO	COLISÃO TRANSVERSAL	1	1	0	0	0	0	0	0	0	1	0	Cruzamento	Bom	Sem defeito	Perfeito estado	Seca	Perfeito estado	Faixa de pedestre	Não há placas	""	Dupla	""	""	""
536	2021-03-26T00:00:00	11:50:00	COM VÍTIMA	FINALIZADA	BOA VIAGEM	RUA PROFESSOR JOSE BRANDAO	410	RUA FRANCISCO DA CUNHA	EM FRENTE  AO EMPRESARIAL MASTER	BOA VIAGEM	""	SUBURBIO	COLISÃO TRANSVERSAL	2	0	0	0	0	0	0	0	0	1	0	Cruzamento	Bom	Não existe	Perfeito estado	Seca	Perfeito estado	Faixa de retenção	"Placas ""Pare"""	""	Única	Faixa seccionada	""	""
537	2021-03-26T00:00:00	14:57:00	COM VÍTIMA	FINALIZADA	AFOGADOS	RUA COSME VIANA	245	RUA TRES DE AGOSTO	PRÓX AO HOTEL EROS	AFOGADOS	525	SUBURBIO	COLISÃO TRANSVERSAL	1	1	0	0	0	0	0	0	0	1	0	Cruzamento	Bom	Sem defeito	Perfeito estado	Seca	Perfeito estado	Faixa de pedestre	Outras	40 km/h	Única	Faixa contínua	Faixa seccionada	""
538	2021-03-27T00:00:00	03:20:00	COM VÍTIMA	FINALIZADA	ESPINHEIRO	AV CONS ROSA E SILVA	767	RUA ANTENOR NAVARRO	EM FRENTE AO PONTO DO AÇAI	ESPINHEIRO	522	SUBURBIO	COLISÃO TRANSVERSAL	1	1	0	0	0	0	0	0	0	1	0	Cruzamento	Bom	Sem defeito	Perfeito estado	Seca	Perfeito estado	Faixa de pedestre	"Placas ""Pare"""	40 km/h	Única	Faixa seccionada	""	""
539	2021-03-27T00:00:00	15:17:00	COM VÍTIMA	CANCELADA	JIQUIÁ	AV DR JOSE RUFINO	""	RUA MORAIS E SILVA	PROX AO VIADUTO DA AV RECIFE  S/T AFOGADOS	JIQUIÁ	""	""	COLISÃO FRONTAL	1	1	0	0	0	0	0	0	0	1	0	""	""	""	""	""	""	""	""	""	""	""	""	""
540	2021-03-27T00:00:00	17:00:00	COM VÍTIMA	FINALIZADA	TEJIPIÓ	AV DR JOSE RUFINO	441	RUA IGUACU	NO SEMAFORO  285 SENTIDO JABOATAO. EM FRENTE A PADARIA PONTO DO TRIGO / FÁBRICA DA PADARIA.	TEJIPIÓ	285	SUBURBIO	COLISÃO COM CICLISTA	1	0	0	1	0	0	0	0	0	1	0	Longo da via	Bom	Sem defeito	Perfeito estado	Seca	Mal iluminada	Faixa de pedestre	Outras	50 km/h	Dupla	Faixa contínua	""	""
541	2021-03-27T00:00:00	20:11:00	COM VÍTIMA	FINALIZADA	CASA AMARELA	EST DAS UBAIAS	20	RUA CONS NABUCO	E/F AO POSTO BR E PRÓX AO BOMPREÇO // SEMÁFORO 655	CASA AMARELA	655	SUBURBIO	COLISÃO TRANSVERSAL	1	1	0	0	0	0	0	0	0	1	0	Cruzamento	Bom	Sem defeito	Perfeito estado	Seca	Perfeito estado	Faixa de pedestre	""	""	Dupla	Faixa contínua	""	""
542	2021-03-27T00:00:00	21:16:40	COM VÍTIMA	FINALIZADA	CAMPO GRANDE	EST DE BELEM	1217	RUA ODORICO MENDES	ENTRE A EXTRA FARMA E DROGASIL / E/F AO COLÉGIO JESUS CRUCIFICADO	CAMPO GRANDE	26	""	COLISÃO TRASEIRA	1	1	0	0	0	0	0	0	0	1	0	Longo da via	Chuvoso	Sem defeito	Perfeito estado	Molhada	Perfeito estado	Faixa de pedestre	""	""	Dupla	Faixa contínua	""	""
543	2021-03-28T00:00:00	06:15:00	COM VÍTIMA	FINALIZADA	PINA	AVENIDA CELSO FURTADO (VIA MANGUE)	""	""	LADO  OPOSTO AO AERO CLUBE	PINA	""	SUBURBIO	CHOQUE	0	1	0	0	0	0	0	0	0	1	0	Longo da via	Bom	Não existe	""	""	""	Não existe	R-6a	""	Dupla	""	""	""
544	2021-03-28T00:00:00	14:41:00	COM VÍTIMA	FINALIZADA	DERBY	AV GOVERNADOR AGAMENON MAGALHAES	""	RUA HENRIQUE DIAS	NO CRUZAMENTO EM BAIXO DO SEMAFORO 068	DERBY	68	BOA VIAGEM	COLISÃO TRANSVERSAL	1	1	0	0	0	0	0	0	0	1	0	Cruzamento	Bom	Sem defeito	Perfeito estado	Seca	Perfeito estado	Faixa de pedestre	Outras	60 km/h	""	Faixa contínua	Faixa seccionada	Canteiro central
545	2021-03-28T00:00:00	15:36:00	COM VÍTIMA	FINALIZADA	SANTO AMARO	AV GOVERNADOR AGAMENON MAGALHAES	1101	AV JOAO DE BARROS	PRÓX AO POSTO BR - QUITANDARIA (AV. JOAO DE BARROS)	SANTO AMARO	""	CIDADE	COLISÃO LATERAL	1	1	0	0	0	0	0	0	0	1	0	Esquina	Bom	Não existe	Perfeito estado	Seca	Perfeito estado	Não existe	Outras	""	Única	Faixa seccionada	""	""
546	2021-03-28T00:00:00	17:22:00	COM VÍTIMA	FINALIZADA	BOA VIAGEM	AV CONSELHEIRO AGUIAR	4784	RUA RIBEIRO DE BRITO	PXB4D39 X PGW4036	BOA VIAGEM	147	""	COLISÃO LATERAL	2	0	0	0	0	0	0	0	0	3	0	Cruzamento	Bom	Sem defeito	Perfeito estado	Seca	Perfeito estado	Faixa de pedestre	Não há placas	""	Única	Faixa seccionada	""	""
547	2021-03-28T00:00:00	19:43:00	COM VÍTIMA	FINALIZADA	BONGI	RUA PROFESSOR CELESTIN MALZAC	42	""	EM FRENTE A FACULDADE NOVA ROMA	BONGI	""	CIDADE	COLISÃO TRANSVERSAL	1	1	0	0	0	0	0	0	0	1	0	Longo da via	Bom	Não existe	Incompleta	Seca	""	Não existe	Não há placas	""	Dupla	Não existe	""	""
548	2021-03-29T00:00:00	09:24:00	COM VÍTIMA	FINALIZADA	MONTEIRO	RUA DE APIPUCOS	117	RUA DOM MALAN	""	MONTEIRO	""	SUBURBIO	COLISÃO TRANSVERSAL	1	1	0	0	0	0	0	0	0	1	0	Longo da via	Bom	Não existe	Perfeito estado	Seca	Perfeito estado	Não existe	R-6a	""	Dupla	Faixa contínua	""	""
549	2021-03-29T00:00:00	09:47:00	COM VÍTIMA	FINALIZADA	VÁRZEA	RUA ACADEMICO HELIO RAMOS	304	""	PROX. A UNIVER. FEDERAL, JUNTO A GRADE	VÁRZEA	""	SUBURBIO	COLISÃO TRASEIRA	1	1	0	0	0	0	0	0	0	1	0	Longo da via	Bom	Sem defeito	Perfeito estado	Seca	Perfeito estado	Não existe	Não há placas	30 km/h	""	Faixa seccionada	""	""
550	2021-03-29T00:00:00	11:55:00	COM VÍTIMA	FINALIZADA	SANTO AMARO	AV VISCONDE DE SUASSUNA	""	RUA DO HOSPICIO	ESQUINA COM O CENTRO CULTURAL ROSSINI ALVES COUTO	SANTO AMARO	32	CIDADE	COLISÃO LATERAL	1	0	1	0	0	0	0	0	0	1	0	Cruzamento	Bom	Sem defeito	Perfeito estado	Seca	Perfeito estado	Faixa de pedestre	Não há placas	40 km/h	Dupla	Não existe	""	""
551	2021-03-29T00:00:00	13:33:00	COM VÍTIMA	CANCELADA	BEBERIBE	AV BEBERIBE	4215	""	""	BEBERIBE	""	""	COLISÃO FRONTAL	1	1	0	0	0	0	0	0	0	1	0	""	""	""	""	""	""	""	""	""	""	""	""	""
552	2021-03-29T00:00:00	17:04:00	COM VÍTIMA	FINALIZADA	CORDEIRO	RUA DR MIGUEL VIEIRA FERREIRA	1625	RUA IPINIRAS	PROX A ANTIGA RUA DA LAMA S/T  SUDENE   NO SEMAFORO 566	CORDEIRO	""	SUBURBIO	COLISÃO TRANSVERSAL	1	1	0	0	0	0	0	0	0	1	0	Esquina	Bom	Não existe	Não existente	Seca	Perfeito estado	""	""	""	Dupla	Não existe	""	""
553	2021-03-29T00:00:00	19:54:00	COM VÍTIMA	CANCELADA	ILHA DO LEITE	AV GOVERNADOR AGAMENON MAGALHAES	4575	""	E/F AO EMPRESARIAL NASSAU (VIA LOCAL) // SENTIDO OLINDA	ILHA DO LEITE	69	""	ENGAVETAMENTO	4	0	0	0	0	0	0	0	0	3	0	""	""	""	""	""	""	""	""	""	""	""	""	""
554	2021-03-29T00:00:00	22:34:40	SEM VÍTIMA	FINALIZADA	MADALENA	AV BEIRA RIO	""	RUA JOSE OSORIO	COM A RUA JOSÉ OSORIO	MADALENA	327	""	COLISÃO TRASEIRA	1	0	0	0	0	0	0	1	0	0	0	""	""	""	""	""	""	""	""	""	""	""	""	""
555	2021-03-30T00:00:00	05:13:00	COM VÍTIMA	FINALIZADA	IPUTINGA	AV CAXANGA	""	RUA MANOEL JOAQUIM DE ALMEIDA	LADO OPOSTO AO BIG BOMPREÇO	IPUTINGA	533	CIDADE	COLISÃO COM CICLISTA	0	1	0	1	0	0	0	0	0	1	0	Cruzamento	Chuvoso	Sem defeito	Perfeito estado	Molhada	Perfeito estado	Faixa de pedestre	Outras	""	Única	Outros	""	""
556	2021-03-30T00:00:00	08:06:00	COM VÍTIMA	FINALIZADA	IMBIRIBEIRA	AV MARECHAL MASCARENHAS DE MORAES	""	""	EM FRENTE A FACULDADE PERNAMBUCANA DE SAUDE	IMBIRIBEIRA	530	CIDADE	COLISÃO TRASEIRA	1	1	0	0	0	0	0	0	0	1	0	Longo da via	Nublado	Sem defeito	Perfeito estado	Molhada	Perfeito estado	Faixa de pedestre	Outras	""	Única	Faixa seccionada	Canteiro central	""
557	2021-03-30T00:00:00	12:40:00	COM VÍTIMA	FINALIZADA	BOA VIAGEM	RUA VISCONDE DE JEQUITINHONHA	1656	""	""	BOA VIAGEM	158	SUBURBIO	ATROPELAMENTO DE PESSOA	0	1	0	0	1	0	0	0	0	1	0	Longo da via	Bom	Sem defeito	Perfeito estado	Seca	Perfeito estado	Faixa de pedestre	Outras	60 km/h	Única	Faixa seccionada	""	""
558	2021-03-30T00:00:00	18:13:00	COM VÍTIMA	FINALIZADA	IMBIRIBEIRA	AV SUL	""	""	POR TRÁS DA LOJA GRILHO  / PRÓX  A ESTAÇÃO IMBIRIBEIRA	IMBIRIBEIRA	""	SUBURBIO	ATROPELAMENTO DE PESSOA	1	0	0	0	1	0	0	0	0	1	0	Longo da via	Bom	Não existe	Perfeito estado	Seca	Perfeito estado	Não existe	Não há placas	30 km/h	Dupla	Não existe	""	""
559	2021-03-31T00:00:00	08:51:00	COM VÍTIMA	FINALIZADA	CASA AMARELA	RUA CONS NABUCO	151	RUA EVARISTO DA VEIGA	EDIF. SOLAR TRINDADE	CASA AMARELA	285	CIDADE	COLISÃO TRANSVERSAL	1	1	0	0	0	0	0	0	0	2	0	Longo da via	Bom	Sem defeito	Perfeito estado	Seca	Mal iluminada	Faixa de pedestre	Outras	50 km/h	Dupla	Faixa contínua	""	""
560	2021-03-31T00:00:00	15:32:00	SEM VÍTIMA	FINALIZADA	DERBY	AV GOVERNADOR AGAMENON MAGALHAES	""	""	SOB O SEMÁFORO Nº 075 / SENTIDO SUL	DERBY	75	CIDADE	""	1	1	0	0	0	0	0	0	0	0	0	Cruzamento	Bom	Sem defeito	Perfeito estado	Seca	Perfeito estado	Agente	""	60 km/h	Dupla	Canal	""	""
561	2021-03-31T00:00:00	16:15:00	COM VÍTIMA	FINALIZADA	BREJO DA GUABIRABA	AV VEREADOR OTACILIO AZEVEDO	30 B	RUA SENHOR DO BONFIM	E/F A GARAGEM DA GLOBO  S/T  SUB	BREJO DA GUABIRABA	""	""	COLISÃO LATERAL	1	1	0	0	0	0	0	0	0	2	0	Longo da via	Bom	Não existe	Não existente	Seca	Perfeito estado	Não existe	Não há placas	""	Dupla	Não existe	""	""
562	2021-03-31T00:00:00	17:05:00	COM VÍTIMA	FINALIZADA	MADALENA	AV VISCONDE DE ALBUQUERQUE	620	""	PROXIMO A ESQUINA DA RUA DR. ARTHUR GONÇALVES; Hospital D'Ávila	MADALENA	""	SUBURBIO	COLISÃO TRASEIRA	1	1	0	0	0	0	0	0	0	1	0	Longo da via	Bom	Não existe	Perfeito estado	Seca	Perfeito estado	Não existe	Não há placas	30 km/h	Única	Faixa seccionada	""	""
563	2021-03-31T00:00:00	17:39:00	COM VÍTIMA	FINALIZADA	PAISSANDU	AV GOVERNADOR AGAMENON MAGALHAES	""	RUA GENERAL JOAQUIM INACIO	E/F AO BANCO SAFRA  PROX AO HOSPITAL PORTUGUES	PAISSANDU	69	OLINDA	COLISÃO LATERAL	1	1	0	0	0	0	0	0	0	1	0	Cruzamento	Bom	Sem defeito	Perfeito estado	Seca	Perfeito estado	Agente	R-19	60 km/h	Dupla	Canteiro central	""	""
564	2021-03-31T00:00:00	19:57:00	COM VÍTIMA	FINALIZADA	SAN MARTIN	AV RECIFE	""	AV JOAO CABRAL DE MELO NETO	CRUZAMENTO COM  A AV JOÃO CABRAL DE MELO NETO	SAN MARTIN	259	SUBURBIO	COLISÃO TRASEIRA	1	1	0	0	0	0	0	0	0	1	0	Longo da via	Bom	Sem defeito	Perfeito estado	Seca	Perfeito estado	Faixa de pedestre	R-4a	""	Dupla	Canteiro central	Blocos	""
565	2021-04-01T00:00:00	00:14:00	COM VÍTIMA	CANCELADA	IBURA	RUA JORNALISTA EDSON REGIS	""	""	EM FRENTE A FABRICA DA FREVO REFRIGERANTES	IBURA	""	""	COLISÃO LATERAL	1	1	0	0	0	0	0	0	0	1	0	""	""	""	""	""	""	""	""	""	""	""	""	""
566	2021-04-01T00:00:00	07:09:00	COM VÍTIMA	FINALIZADA	IMBIRIBEIRA	AV MARECHAL MASCARENHAS DE MORAES	4900	""	EM FRENTE A FACULDADE PERNAMBUCANA DE SAUDE	IMBIRIBEIRA	531	SUBURBIO	COLISÃO TRASEIRA	1	1	0	0	0	0	0	0	0	1	0	Longo da via	Bom	Sem defeito	Perfeito estado	Seca	Perfeito estado	Faixa de pedestre	R-6a	60 km/h	Dupla	Faixa contínua	Faixa seccionada	Canteiro central
567	2021-04-01T00:00:00	10:58:00	COM VÍTIMA	FINALIZADA	SANTO ANTÔNIO	AV MARTINS DE BARROS	""	RUA SIQUEIRA CAMPOS	""	SANTO ANTÔNIO	""	""	COLISÃO TRASEIRA	1	2	0	0	0	0	0	0	0	1	0	Cruzamento	Bom	Não existe	Perfeito estado	Seca	Perfeito estado	Não existe	Não há placas	40 km/h	Única	Faixa seccionada	""	""
568	2021-04-01T00:00:00	19:19:00	COM VÍTIMA	FINALIZADA	BARRO	AV DR JOSE RUFINO	2342	RUA CAPITAO PONCIANO	PRÓXIMO DA IGREJA DO BARRO	BARRO	""	CIDADE	COLISÃO TRASEIRA	1	1	0	0	0	0	0	0	0	1	0	Cruzamento	Bom	Não existe	Incompleta	Seca	Perfeito estado	Não existe	Outras	40 km/h	Dupla	Faixa contínua	""	""
569	2021-04-01T00:00:00	19:43:00	SEM VÍTIMA	FINALIZADA	SANTO ANTÔNIO	RUA DA CONCORDIA	""	PRC SERGIO LORETO	""	SANTO ANTÔNIO	408	""	CHOQUE	1	0	0	0	0	0	1	0	0	0	0	""	""	""	""	""	""	""	""	""	""	""	""	""
570	2021-04-01T00:00:00	21:22:40	COM VÍTIMA	FINALIZADA	MADALENA	RUA PESSOA DE MELO	""	""	PRC EÇA DE QUEIROZ, EM FRENTE AO BEERDOCK	MADALENA	""	SUBURBIO	COLISÃO FRONTAL	1	1	0	0	0	0	0	0	0	1	0	Cruzamento	Chuvoso	Não existe	Perfeito estado	Molhada	Perfeito estado	Faixa de pedestre	Não há placas	40 km/h	Única	""	""	""
571	2021-04-02T00:00:00	09:25:00	SEM VÍTIMA	FINALIZADA	CAXANGÁ	AV CAXANGA	""	RUA CLAUDIO BROTHERHOOD	""	CAXANGÁ	235	""	SEMÁFORO	0	0	0	0	0	0	0	0	0	0	0	""	""	""	""	""	""	""	""	""	""	""	""	""
572	2021-04-02T00:00:00	11:03:00	SEM VÍTIMA	FINALIZADA	CAXANGÁ	AV CAXANGA	""	RUA CLAUDIO BROTHERHOOD	""	CAXANGÁ	235	""	SEMÁFORO	0	0	0	0	0	0	0	0	0	0	0	""	""	""	""	""	""	""	""	""	""	""	""	""
573	2021-04-02T00:00:00	12:24:00	SEM VÍTIMA	FINALIZADA	CORDEIRO	AV CAXANGA	""	RUA CLAUDIO BROTHERHOOD	""	CORDEIRO	235	""	SEMÁFORO	0	0	0	0	0	0	0	0	0	0	0	""	""	""	""	""	""	""	""	""	""	""	""	""
574	2021-04-02T00:00:00	20:46:00	COM VÍTIMA	CANCELADA	BOA VISTA	AV GOVERNADOR AGAMENON MAGALHAES	""	RUA DR LEOPOLDO LINS	CRUZAMENTO C/A RUA DR LEOPOLDO LINS - SENTIDO OLINDA	BOA VISTA	78	SUBURBIO	COLISÃO LATERAL	0	0	0	0	0	0	0	0	0	1	0	""	""	""	""	""	""	""	""	""	""	""	""	""
575	2021-04-02T00:00:00	21:22:40	COM VÍTIMA	FINALIZADA	TORRE	RUA JOSE BONIFACIO	""	RUA CONDE DE IRAJA	CRUZAMENTO DA RUA JOSE BONIFACIO COM CONDE DE IRAJA	TORRE	191	SUBURBIO	COLISÃO COM CICLISTA	1	0	0	1	0	0	0	0	0	1	0	Cruzamento	Bom	Sem defeito	Perfeito estado	Seca	Perfeito estado	Faixa de pedestre	""	40 km/h	Única	""	""	""
576	2021-04-03T00:00:00	09:47:00	COM VÍTIMA	FINALIZADA	CAMPO GRANDE	EST DE BELEM	""	RUA JERONIMO VILELA	EM FRENTE AO COLEGIO JESUS CRUCIFICADO	CAMPO GRANDE	""	""	COLISÃO LATERAL	1	1	0	0	0	0	0	0	0	2	0	""	""	""	""	""	""	""	""	""	""	""	""	""
577	2021-04-03T00:00:00	10:31:00	COM VÍTIMA	FINALIZADA	SANTO AMARO	AV CRUZ CABUGA	""	""	EM FRENTE A SANTA CASA	SANTO AMARO	474	CIDADE	COLISÃO TRASEIRA	1	1	0	0	0	0	0	0	0	1	0	Longo da via	Bom	Sem defeito	Perfeito estado	Seca	Perfeito estado	Faixa de retenção	Outras	""	Dupla	Blocos	""	""
578	2021-04-03T00:00:00	15:20:00	SEM VÍTIMA	FINALIZADA	BOA VISTA	AV GOVERNADOR AGAMENON MAGALHAES	""	""	EM FRENTE A PARADA DE ÔNIBUS Nº 180184	BOA VISTA	""	SUBURBIO	COLISÃO TRASEIRA	2	0	0	0	0	0	0	0	0	0	0	Longo da via	Bom	Sem defeito	Perfeito estado	Seca	Perfeito estado	Faixa de pedestre	""	60 km/h	Dupla	Canteiro central	""	""
579	2021-04-03T00:00:00	18:17:00	COM VÍTIMA	FINALIZADA	CORDEIRO	AV GENERAL SAN MARTIN	67	RUA GOMES TABORDA	""	CORDEIRO	767	SUBURBIO	COLISÃO FRONTAL	1	1	0	0	0	0	0	0	0	1	0	Cruzamento	Bom	Sem defeito	Perfeito estado	Seca	Perfeito estado	Faixa de pedestre	Não há placas	60 km/h	Dupla	Faixa contínua	""	""
580	2021-04-03T00:00:00	20:59:00	SEM VÍTIMA	FINALIZADA	VÁRZEA	RUA PROFESSOR ANTONIO COELHO	477	RUA EMILIANO BRAGA	TERMINAL DE ÔNIBUS DE PASSAGEIRO ( CDU)	VÁRZEA	""	SUBURBIO	COLISÃO TRANSVERSAL	1	0	0	0	0	1	0	0	0	0	0	Cruzamento	Bom	Não existe	Perfeito estado	Seca	Perfeito estado	Faixa de retenção	"Placas ""Pare"""	""	Única	""	""	""
581	2021-04-04T00:00:00	11:56:00	COM VÍTIMA	FINALIZADA	TAMARINEIRA	RUA CONEGO BARATA	""	""	AO LADO DA FERREIRA COSTA	TAMARINEIRA	""	SUBURBIO	CHOQUE	0	1	0	0	0	0	0	0	0	1	0	Longo da via	Bom	Não existe	Não existente	Seca	Outros	Não existe	Não há placas	""	Única	Não existe	""	""
582	2021-04-05T00:00:00	06:30:00	SEM VÍTIMA	FINALIZADA	PINA	RUA ARQUITETO AUGUSTO REINALDO	""	""	EM FRENTE AO ATACADO DA CONSTRUÇAO	PINA	""	""	COLISÃO LATERAL	1	0	0	0	0	0	0	1	0	0	0	""	""	""	""	""	""	""	""	""	""	""	""	""
583	2021-04-05T00:00:00	14:34:00	COM VÍTIMA	FINALIZADA	ÁGUA FRIA	AV BEBERIBE	1824	EST VELHA DE AGUA FRIA	EM FRENTE A FEIRA NOVA DE ÁGUA FRIA	ÁGUA FRIA	405	CIDADE	COLISÃO COM CICLISTA	0	0	0	1	0	0	1	0	0	1	0	Longo da via	Bom	Sem defeito	Perfeito estado	Seca	Perfeito estado	Faixa de pedestre	Outras	30 km/h	Dupla	Faixa contínua	""	""
584	2021-04-05T00:00:00	15:16:00	SEM VÍTIMA	FINALIZADA	CASA AMARELA	RUA DA HARMONIA	322	""	CONDOMÍNIO ALMEIDA HARMONIA	CASA AMARELA	598	SUBURBIO	COLISÃO TRASEIRA	2	0	0	0	0	0	0	0	0	0	0	Longo da via	Bom	Sem defeito	Perfeito estado	Seca	Perfeito estado	Não existe	""	""	Dupla	Faixa seccionada	""	""
585	2021-04-05T00:00:00	16:21:00	SEM VÍTIMA	FINALIZADA	TORRÕES	RUA ZUMBI DOS PALMARES	""	RUA EDVALDO MARANHAO FERREIRA	UNIDADE DE SAUDE DA FAMILIA COSIROF	TORRÕES	""	SUBURBIO	COLISÃO TRASEIRA	1	0	0	0	0	0	0	0	0	0	0	Cruzamento	Bom	Não existe	Não existente	Seca	Perfeito estado	Não existe	R-6a	30 km/h	Dupla	Não existe	""	""
586	2021-04-05T00:00:00	21:19:40	COM VÍTIMA	FINALIZADA	ILHA JOANA BEZERRA	VIADUTO CAPITAO TEMUDO	""	""	EM CIMA DO VIADUTO CAPITÃO TEMUDO	ILHA JOANA BEZERRA	""	BOA VIAGEM	COLISÃO TRASEIRA	1	1	0	0	0	0	0	0	0	2	0	Viaduto	Bom	Não existe	Perfeito estado	Seca	Perfeito estado	Não existe	Não há placas	60 km/h	Dupla	Faixa seccionada	""	""
587	2021-04-06T00:00:00	08:13:00	COM VÍTIMA	FINALIZADA	CORDEIRO	AV CAXANGA	2957	""	SENT. CIDADE	CORDEIRO	""	CIDADE	COLISÃO TRASEIRA	1	1	0	0	0	0	0	0	0	1	0	Longo da via	Bom	Não existe	Perfeito estado	Seca	Perfeito estado	Não existe	R-6a	""	Dupla	Canteiro central	""	""
588	2021-04-06T00:00:00	12:09:00	COM VÍTIMA	FINALIZADA	COQUEIRAL	RUA ANANIAS CATANHO	2	RUA ALTO PIQUIRI	PRÓXIMO AO TERMINAL DE ONIBUS DE TOTO PLANALTO.	COQUEIRAL	""	CIDADE	ATROPELAMENTO DE PESSOA	0	0	0	0	1	1	0	0	0	1	0	Longo da via	Bom	Não existe	Perfeito estado	Seca	Perfeito estado	Não existe	Não há placas	40 km/h	Dupla	Não existe	""	""
589	2021-04-06T00:00:00	12:34:00	SEM VÍTIMA	FINALIZADA	SÃO JOSÉ	TRV DO RAPOSO	165	""	EM BAIXO DO PONTILHÃO DA FAVELA DO PAPELÃO	SÃO JOSÉ	""	""	COLISÃO LATERAL	1	0	0	0	0	0	0	0	1	0	0	Longo da via	Bom	Não existe	Não existente	Seca	Perfeito estado	Não existe	Não há placas	""	Dupla	Não existe	""	""
590	2021-04-06T00:00:00	13:03:00	COM VÍTIMA	FINALIZADA	PONTO DE PARADA	RUA MEM DE SA	90	RUA DEPUTADO PEDRO VELHO	PROXIMO A COCA COLA	PONTO DE PARADA	""	CIDADE	COLISÃO FRONTAL	1	1	0	0	0	0	0	0	0	2	0	Cruzamento	Bom	Não existe	Incompleta	Seca	Perfeito estado	Não existe	Não há placas	40 km/h	Dupla	Não existe	""	""
591	2021-04-06T00:00:00	14:03:00	COM VÍTIMA	FINALIZADA	AFOGADOS	RUA COSME VIANA	""	RUA CORONEL ALFREDO DUARTE	EM FRENTE AO BOI GRILL E POSTO SETTA	AFOGADOS	430	S	COLISÃO LATERAL	1	1	0	0	0	0	0	0	0	2	0	Cruzamento	Bom	Sem defeito	Perfeito estado	Seca	Perfeito estado	""	R-6a	60 km/h	Única	Faixa contínua	""	""
592	2021-04-06T00:00:00	14:49:00	COM VÍTIMA	CANCELADA	VÁRZEA	RUA EMILIANO BRAGA	485	""	POR TRAS DA CAXANGA VEÍCULO	VÁRZEA	""	""	COLISÃO FRONTAL	1	1	0	0	0	0	0	0	0	1	0	""	""	""	""	""	""	""	""	""	""	""	""	""