_id	data	hora	natureza_acidente	situacao	bairro	endereco	numero	detalhe_endereco_acidente	complemento	bairro_cruzamento	num_semaforo	sentido_via	tipo	auto	moto	ciclom	ciclista	pedestre	onibus	caminhao	viatura	outros	vitimas	vitimasfatais	acidente_verificado	tempo_clima	situacao_semaforo	sinalizacao	condicao_via	conservacao_via	ponto_controle	situacao_placa	velocidade_max_via	mao_direcao	divisao_via1	divisao_via2	divisao_via3
593	2021-04-06T00:00:00	18:22:00	COM VÍTIMA	FINALIZADA	CAXANGÁ	AV CAXANGA	4270	AV LUIZ DE LACERDA	E/F A L2 AUTOMOVEIS. LADO OPOSTO A CAXANGÁ VEÍCULOS.	CAXANGÁ	""	SUBURBIO	COLISÃO LATERAL	1	1	0	0	0	0	0	0	0	1	0	""	Bom	Não existe	Perfeito estado	Seca	Perfeito estado	Não existe	Não há placas	""	Única	Faixa seccionada	""	""
594	2021-04-07T00:00:00	10:03:00	COM VÍTIMA	FINALIZADA	TORRE	RUA MAURICIO DE NASSAU	158	""	AO LADO DO POSTO PETROCAL	TORRE	""	""	ATROPELAMENTO DE PESSOA	0	1	0	0	1	0	0	0	0	1	0	Longo da via	Bom	Não existe	Perfeito estado	Seca	Perfeito estado	""	Não há placas	60 km/h	Dupla	Faixa seccionada	""	""
595	2021-04-07T00:00:00	10:37:00	COM VÍTIMA	FINALIZADA	AFOGADOS	AV SUL	2176	""	EM FRENTE A POLICLINICA AGAMENON MAGALHAES	AFOGADOS	""	CIDADE	COLISÃO COM CICLISTA	0	1	0	1	0	0	0	0	0	4	0	Longo da via	Bom	Sem defeito	Incompleta	Seca	Perfeito estado	Não existe	Outras	""	Única	Faixa seccionada	""	""
596	2021-04-07T00:00:00	10:48:00	COM VÍTIMA	FINALIZADA	DERBY	AV GOVERNADOR AGAMENON MAGALHAES	""	RUA HENRIQUE DIAS	E/F AO ANTIGO RESTAURANTE SPETTUS	DERBY	68	""	COLISÃO LATERAL	1	1	0	0	0	0	0	0	0	1	0	Cruzamento	Bom	Sem defeito	Perfeito estado	Seca	Perfeito estado	Faixa de pedestre	Outras	""	Única	""	""	""
597	2021-04-07T00:00:00	13:01:00	COM VÍTIMA	FINALIZADA	TEJIPIÓ	AV DR JOSE RUFINO	1807	""	EM FRENTE AO CONDOMINIO MORADA DO BARRO	TEJIPIÓ	""	C	COLISÃO LATERAL	1	1	0	0	0	0	0	0	0	1	0	Longo da via	Bom	Não existe	Perfeito estado	Seca	Perfeito estado	Não existe	Não há placas	60 km/h	Dupla	Faixa contínua	""	""
598	2021-04-07T00:00:00	13:24:00	COM VÍTIMA	FINALIZADA	AFOGADOS	RUA SAO MIGUEL	436	""	EM FRENTE AO POSTO DISLUB / TRAVESSA SÃO MIGUEL,01	AFOGADOS	""	SUBURBIO	COLISÃO TRASEIRA	0	1	0	0	0	0	0	1	0	1	0	Longo da via	Bom	Não existe	Perfeito estado	Seca	Perfeito estado	Não existe	""	60 km/h	Dupla	Faixa contínua	""	""
599	2021-04-08T00:00:00	08:32:00	COM VÍTIMA	FINALIZADA	NOVA DESCOBERTA	AV NORTE	6717	1 TRV JUSTICA E PAZ	NO RETORNO DO POSTO SÃO SEBASTIÃO	NOVA DESCOBERTA	""	CIDADE	COLISÃO LATERAL	1	0	1	0	0	0	0	0	0	1	0	""	Bom	Não existe	Incompleta	Seca	Perfeito estado	Não existe	Outras	60 km/h	Dupla	Canteiro central	""	""
600	2021-04-08T00:00:00	14:18:00	COM VÍTIMA	FINALIZADA	JARDIM SÃO PAULO	AV PIRACICABA	801	""	E/F AO ARMAZEM  DE VALERIA	JARDIM SÃO PAULO	""	""	COLISÃO FRONTAL	1	1	0	0	0	1	0	0	0	1	0	""	""	""	""	""	""	""	""	""	""	""	""	""
601	2021-04-08T00:00:00	19:12:00	SEM VÍTIMA	FINALIZADA	ENCRUZILHADA	AV NORTE	""	RUA ALFREDO DE CASTRO	CRUZAMENTO COM A RUA ALFREDO DE CASTRO	ENCRUZILHADA	665	""	CHOQUE	0	0	0	0	0	0	0	0	0	0	0	""	""	""	""	""	""	""	""	""	""	""	""	""
602	2021-04-08T00:00:00	20:39:00	COM VÍTIMA	FINALIZADA	AFOGADOS	RUA VINTE E UM DE ABRIL	""	RUA JOSUE PEREIRA	E/F AO CLUBE FERROVIARIO	AFOGADOS	""	SUBURBIO	COLISÃO LATERAL	1	1	0	0	0	0	0	0	0	2	0	Longo da via	Bom	Sem defeito	Perfeito estado	Seca	Perfeito estado	""	Não há placas	30 km/h	Dupla	Não existe	""	""
603	2021-04-09T00:00:00	08:49:00	SEM VÍTIMA	FINALIZADA	VÁRZEA	AV JOAQUIM RIBEIRO	""	""	SOB O SEMÁFORO 281	VÁRZEA	""	""	COLISÃO TRASEIRA	1	0	0	0	0	0	0	1	0	0	0	Cruzamento	Bom	Sem defeito	Perfeito estado	Seca	Perfeito estado	Faixa de pedestre	Outras	60km/h	Única	Canteiro central	""	""
604	2021-04-09T00:00:00	09:31:00	COM VÍTIMA	FINALIZADA	IMBIRIBEIRA	AV MARECHAL MASCARENHAS DE MORAES	""	RUA JALISCO	EM FRENTE AO GERALDÃO	IMBIRIBEIRA	290	CIDADE	COLISÃO TRASEIRA	2	0	1	0	0	0	1	0	0	1	0	Cruzamento	Bom	Sem defeito	Perfeito estado	Seca	Perfeito estado	Faixa de pedestre	Outras	60 km/h	Única	Faixa contínua	""	""
605	2021-04-09T00:00:00	18:20:00	COM VÍTIMA	FINALIZADA	BOA VIAGEM	RUA RIBEIRO DE BRITO	40	""	ANTES DA SUBIDA DO VIADUTO TANCREDO NEVES	BOA VIAGEM	""	""	ATROPELAMENTO DE PESSOA	0	1	0	0	1	0	0	0	0	1	0	Longo da via	Chuvoso	""	""	Molhada	Perfeito estado	""	Não há placas	""	Única	Faixa contínua	Faixa seccionada	""
606	2021-04-09T00:00:00	19:12:00	SEM VÍTIMA	FINALIZADA	ESPINHEIRO	AV GOVERNADOR AGAMENON MAGALHAES	""	""	EM CIMA DO VIADUTO QUE CRUZA AVENIDA JOÃO DE BARROS	ESPINHEIRO	""	CIDADE	COLISÃO TRASEIRA	1	0	0	0	0	0	0	1	0	0	0	Viaduto	Chuvoso	Não existe	Não existente	Molhada	Perfeito estado	Não existe	Não há placas	""	Única	Faixa contínua	""	""
607	2021-04-10T00:00:00	06:45:00	COM VÍTIMA	FINALIZADA	MADALENA	RUA BENFICA	""	AV VISCONDE DE ALBUQUERQUE	EM FRENTE AO BOM PREÇO E POSTO EXTRA	MADALENA	51	""	COLISÃO LATERAL	0	3	0	0	0	0	0	0	0	1	0	Cruzamento	Chuvoso	Sem defeito	Perfeito estado	Molhada	Perfeito estado	Faixa de pedestre	Não há placas	""	Dupla	Não existe	""	""
608	2021-04-10T00:00:00	07:10:00	COM VÍTIMA	FINALIZADA	ROSARINHO	AV NORTE	""	AV SANTOS DUMONT	PRÓXIMO À PADARIA ROSARINHO	ROSARINHO	""	SUBURBIO	COLISÃO TRANSVERSAL	0	1	0	0	0	0	0	1	0	1	0	Cruzamento	Bom	Sem defeito	Perfeito estado	Molhada	Perfeito estado	Faixa de pedestre	Outras	""	Dupla	""	""	""
609	2021-04-10T00:00:00	11:07:00	SEM VÍTIMA	FINALIZADA	BOA VIAGEM	RUA VISCONDE DE JEQUITINHONHA	""	RUA PROFESSOR MARIO CASTRO	RUA PROFESSOR MÁRIO CASTRO	BOA VIAGEM	158	""	SEMÁFORO	0	0	0	0	0	0	0	0	0	0	0	""	""	""	""	""	""	""	""	""	""	""	""	""
610	2021-04-10T00:00:00	11:45:00	SEM VÍTIMA	FINALIZADA	CASA FORTE	EST DAS UBAIAS	""	RUA CONS NABUCO	RUA CONS NABUCO	CASA FORTE	655	""	SEMÁFORO	0	0	0	0	0	0	0	0	0	0	0	""	""	""	""	""	""	""	""	""	""	""	""	""
611	2021-04-10T00:00:00	16:11:00	SEM VÍTIMA	FINALIZADA	PAISSANDU	AV GOVERNADOR AGAMENON MAGALHAES	""	RUA GENERAL JOAQUIM INACIO	SEMAFORO 069	PAISSANDU	""	""	SEMÁFORO	0	0	0	0	0	0	0	0	0	0	0	""	""	""	""	""	""	""	""	""	""	""	""	""
612	2021-04-10T00:00:00	16:11:00	SEM VÍTIMA	FINALIZADA	PAISSANDU	AV GOVERNADOR AGAMENON MAGALHAES	""	RUA PAISSANDU	SEMAFORO 070	PAISSANDU	""	""	SEMÁFORO	0	0	0	0	0	0	0	0	0	0	0	""	""	""	""	""	""	""	""	""	""	""	""	""
613	2021-04-10T00:00:00	16:36:00	SEM VÍTIMA	FINALIZADA	DERBY	AV GOVERNADOR AGAMENON MAGALHAES	""	AV RUI BARBOSA	""	DERBY	""	""	SEMÁFORO	0	0	0	0	0	0	0	0	0	0	0	""	""	""	""	""	""	""	""	""	""	""	""	""
614	2021-04-10T00:00:00	16:36:00	SEM VÍTIMA	FINALIZADA	DERBY	AV GOVERNADOR AGAMENON MAGALHAES	""	AV RUI BARBOSA	""	DERBY	""	""	SEMÁFORO	0	0	0	0	0	0	0	0	0	0	0	""	""	""	""	""	""	""	""	""	""	""	""	""
615	2021-04-10T00:00:00	19:55:00	COM VÍTIMA	FINALIZADA	CASA FORTE	AV DEZESSETE DE AGOSTO	""	RUA LAURINDO COELHO	E/F A CAOA CHERY	CASA FORTE	""	SUBURBIO	COLISÃO TRANSVERSAL	1	1	0	0	0	0	0	0	0	1	0	Esquina	Chuvoso	Não existe	Perfeito estado	Molhada	Perfeito estado	Não existe	Não há placas	40 km/h	Dupla	Faixa contínua	""	""
616	2021-04-11T00:00:00	07:11:00	SEM VÍTIMA	FINALIZADA	BOA VIAGEM	AV FERNANDO SIMOES BARBOSA	50	""	EM FRENTE AO EDF CATALINA/GALERIA SANTO ANTONIO	BOA VIAGEM	""	""	CHOQUE	1	0	0	0	0	0	0	0	0	0	0	""	""	""	""	""	""	""	""	""	""	""	""	""
617	2021-04-11T00:00:00	17:16:00	COM VÍTIMA	FINALIZADA	PINA	AV REPUBLICA ARABE UNIDA	165	RUA NOGUEIRA DE SOUZA	EM FRENTE AO EDF. SÃO CAETANO	PINA	658	""	COLISÃO LATERAL	2	0	0	0	0	0	0	0	0	3	0	Cruzamento	Chuvoso	Desligado	Perfeito estado	Molhada	Perfeito estado	Faixa de pedestre	Outras	""	Única	Faixa seccionada	""	""
618	2021-04-11T00:00:00	22:02:40	COM VÍTIMA	FINALIZADA	BOA VIAGEM	AV CONSELHEIRO AGUIAR	1275	RUA BALTAZAR PEREIRA	AO LADO DO PORPINO HAMBURGUERIA, EM FRENTE A CASA DE DISIGN MÓVEIS PERSONALIZADOS	BOA VIAGEM	""	CIDADE	COLISÃO FRONTAL	0	2	0	0	0	0	0	0	0	2	0	Cruzamento	Chuvoso	Não existe	Perfeito estado	Molhada	Perfeito estado	Não existe	Não há placas	""	Única	Faixa seccionada	""	""
619	2021-04-11T00:00:00	23:20:40	COM VÍTIMA	CANCELADA	BONGI	RUA ISAAC MARKMAN	""	""	PROXIMO DA CELPE, PROXIMO AO TERMINAL DO BONGI	BONGI	""	""	COLISÃO LATERAL	1	1	0	0	0	0	0	0	0	1	0	""	""	""	""	""	""	""	""	""	""	""	""	""
620	2021-04-12T00:00:00	07:32:00	SEM VÍTIMA	FINALIZADA	CORDEIRO	AV ENGENHEIRO ABDIAS DE CARVALHO	""	EST DO FORTE DO ARRAIAL N. DO B. JESUS	EST DO FORTE DO ARRAIAL N. DO B. JESUS	CORDEIRO	375	""	SEMÁFORO	0	0	0	0	0	0	0	0	0	0	0	""	""	""	""	""	""	""	""	""	""	""	""	""
621	2021-04-12T00:00:00	07:32:00	SEM VÍTIMA	FINALIZADA	MADALENA	AV BEIRA RIO	""	RUA JOSE OSORIO	RUA JOSE OSORIO	MADALENA	387	""	SEMÁFORO	0	0	0	0	0	0	0	0	0	0	0	""	""	""	""	""	""	""	""	""	""	""	""	""
622	2021-04-12T00:00:00	07:32:00	SEM VÍTIMA	FINALIZADA	VÁRZEA	AV CAXANGA	""	RUA RODRIGUES FERREIRA	RUA RODRIGUES FERREIRA	VÁRZEA	232	""	SEMÁFORO	0	0	0	0	0	0	0	0	0	0	0	""	""	""	""	""	""	""	""	""	""	""	""	""
623	2021-04-12T00:00:00	07:48:00	COM VÍTIMA	FINALIZADA	SANTO AMARO	RUA TREZE DE MAIO	""	RUA DOS PALMARES	""	SANTO AMARO	30	SUBURBIO	COLISÃO TRANSVERSAL	1	1	0	0	0	0	0	0	0	1	0	Cruzamento	Bom	Sem defeito	Perfeito estado	Seca	Perfeito estado	Faixa de pedestre	R-4a	""	Única	Faixa contínua	""	""
624	2021-04-12T00:00:00	08:08:00	SEM VÍTIMA	FINALIZADA	VÁRZEA	AV CAXANGA	""	AV AFONSO OLINDENSE	AV AFONSO OLINDENSE	VÁRZEA	568	""	SEMÁFORO	0	0	0	0	0	0	0	0	0	0	0	""	""	""	""	""	""	""	""	""	""	""	""	""
625	2021-04-12T00:00:00	08:09:00	SEM VÍTIMA	FINALIZADA	SÃO JOSÉ	C SANTA RITA	""	""	EM FRENTE AO ARMAZEM 16	SÃO JOSÉ	76	""	SEMÁFORO	0	0	0	0	0	0	0	0	0	0	0	""	""	""	""	""	""	""	""	""	""	""	""	""
626	2021-04-12T00:00:00	08:18:00	SEM VÍTIMA	FINALIZADA	BOA VISTA	RUA DO HOSPICIO	""	RUA PRINCESA IZABEL	""	BOA VISTA	""	""	SEMÁFORO	0	0	0	0	0	0	0	0	0	0	0	""	""	""	""	""	""	""	""	""	""	""	""	""
627	2021-04-12T00:00:00	08:19:00	SEM VÍTIMA	FINALIZADA	BOA VIAGEM	AV BOA VIAGEM	""	RUA PROFESSOR MARIO CASTRO	RUA PROFESSOR MÁRIO CASTRO	BOA VIAGEM	148	""	SEMÁFORO	0	0	0	0	0	0	0	0	0	0	0	""	""	""	""	""	""	""	""	""	""	""	""	""
628	2021-04-12T00:00:00	08:21:00	SEM VÍTIMA	FINALIZADA	BOA VISTA	RUA GERVASIO PIRES	""	RUA DO RIACHUELO	RIACHUELLO	BOA VISTA	175	""	SEMÁFORO	0	0	0	0	0	0	0	0	0	0	0	""	""	""	""	""	""	""	""	""	""	""	""	""
629	2021-04-12T00:00:00	08:44:00	SEM VÍTIMA	FINALIZADA	SANTO ANTÔNIO	RUA DO SOL	""	""	RUA NOVA	SANTO ANTÔNIO	13	""	SEMÁFORO	0	0	0	0	0	0	0	0	0	0	0	""	""	""	""	""	""	""	""	""	""	""	""	""
630	2021-04-12T00:00:00	09:38:00	SEM VÍTIMA	FINALIZADA	BOA VISTA	RUA GERVASIO PIRES	""	RUA DO RIACHUELO	RIACHUELLO	BOA VISTA	175	""	SEMÁFORO	0	0	0	0	0	0	0	0	0	0	0	""	""	""	""	""	""	""	""	""	""	""	""	""
631	2021-04-12T00:00:00	10:12:00	SEM VÍTIMA	FINALIZADA	PAISSANDU	AV GOVERNADOR AGAMENON MAGALHAES	""	RUA GENERAL JOAQUIM INACIO	""	PAISSANDU	69	""	SEMÁFORO	0	0	0	0	0	0	0	0	0	0	0	""	""	""	""	""	""	""	""	""	""	""	""	""
632	2021-04-12T00:00:00	12:27:00	COM VÍTIMA	FINALIZADA	MADALENA	AV ENGENHEIRO ABDIAS DE CARVALHO	""	RUA JOAO IVO DA SILVA	LADO OPOSTO AO HABIB´S/  SENTIDO CIDADE	MADALENA	132	CIDADE	COLISÃO LATERAL	1	1	0	0	0	0	0	0	0	1	0	Cruzamento	Bom	Sem defeito	Perfeito estado	Seca	Perfeito estado	Faixa de pedestre	Outras	60 km/h	Dupla	Canteiro central	""	""
633	2021-04-12T00:00:00	12:50:00	SEM VÍTIMA	CANCELADA	JARDIM SÃO PAULO	RUA LEANDRO BARRETO	""	""	COLISAO SOBRE O VIADUTO	JARDIM SÃO PAULO	""	""	COLISÃO LATERAL	1	1	0	0	0	0	0	0	0	0	0	""	""	""	""	""	""	""	""	""	""	""	""	""
634	2021-04-12T00:00:00	16:18:00	COM VÍTIMA	FINALIZADA	DERBY	AV GOVERNADOR AGAMENON MAGALHAES	""	RUA JOAQUIM NABUCO	AO LADO DO HOSPITAL DA RESTAURAÇÃO	DERBY	174	SUBURBIO	COLISÃO TRANSVERSAL	1	1	0	0	0	0	0	0	0	1	0	Cruzamento	Bom	Sem defeito	Perfeito estado	Seca	Perfeito estado	Faixa de pedestre	Outras	60 km/h	Dupla	Canal	""	""
635	2021-04-12T00:00:00	21:06:40	COM VÍTIMA	FINALIZADA	CAMPO GRANDE	AV GOVERNADOR AGAMENON MAGALHAES	""	RUA ODORICO MENDES	E/F A CENTRAL DE FLAGRANTES	CAMPO GRANDE	49	CIDADE	ATROPELAMENTO DE PESSOA	0	1	0	0	1	0	0	0	0	2	0	Cruzamento	Bom	Sem defeito	Perfeito estado	Seca	Perfeito estado	Faixa de pedestre	""	60 km/h	Dupla	Canal	""	""
636	2021-04-13T00:00:00	10:23:00	SEM VÍTIMA	FINALIZADA	TORRE	RUA JOSE BONIFACIO	""	""	EM FRENTE AO ATACADO DOS PRESENTES	TORRE	""	""	ENGAVETAMENTO	4	0	0	0	0	0	0	0	0	0	0	""	""	""	""	""	""	""	""	""	""	""	""	""
637	2021-04-13T00:00:00	12:57:00	COM VÍTIMA	FINALIZADA	BAIRRO DO RECIFE	AV MILITAR	""	AV MILITAR	""	BAIRRO DO RECIFE	436	SUBURBIO	ATROPELAMENTO DE PESSOA	1	0	0	0	1	0	0	0	0	1	0	Cruzamento	Bom	Sem defeito	Perfeito estado	Seca	Perfeito estado	Faixa de pedestre	Não há placas	40 km/h	Dupla	Canteiro central	""	""
638	2021-04-13T00:00:00	13:05:00	COM VÍTIMA	FINALIZADA	CAXANGÁ	AV CAXANGA	5013	""	POSTO POTENCIAL	CAXANGÁ	""	CIDADE	COLISÃO LATERAL	1	1	0	0	0	0	0	0	0	1	0	Longo da via	Bom	Não existe	Perfeito estado	Seca	Perfeito estado	Não existe	Não há placas	60 km/h	Única	Faixa seccionada	""	""
639	2021-04-13T00:00:00	16:57:00	COM VÍTIMA	FINALIZADA	MADALENA	AV JOSE GONCALVES DE MEDEIROS	118	RUA PROFESSOR BENEDITO MONTEIRO	PRÓX AO EXTRA	MADALENA	""	SUBURBIO	COLISÃO LATERAL	1	1	0	0	0	0	0	0	0	1	0	Longo da via	Bom	Não existe	Perfeito estado	Seca	Perfeito estado	Não existe	Não há placas	""	Dupla	Faixa contínua	""	""
640	2021-04-14T00:00:00	07:52:00	COM VÍTIMA	FINALIZADA	SÃO JOSÉ	PRC DAS CINCO PONTAS	""	""	DESCIDA DO VIADUTO	SÃO JOSÉ	""	CIDADE	COLISÃO LATERAL	0	0	0	0	0	0	0	0	0	1	0	""	""	""	""	""	""	""	""	""	""	""	""	""
641	2021-04-14T00:00:00	12:46:00	COM VÍTIMA	FINALIZADA	CASA FORTE	AV DEZESSETE DE AGOSTO	1961/1986	""	LADO OPOSTO AO CNA	CASA FORTE	""	SUBURBIO	COLISÃO FRONTAL	1	1	0	0	0	0	0	0	0	1	0	Longo da via	Chuvoso	Não existe	Perfeito estado	Molhada	Perfeito estado	Não existe	Não há placas	40 km/h	Dupla	Faixa contínua	""	""
642	2021-04-14T00:00:00	12:48:00	COM VÍTIMA	FINALIZADA	SANTO AMARO	RUA TREZE DE MAIO	322	AV DA SAUDADE,	PROXIMO AO CEMITERIO E A UNINASSAU	SANTO AMARO	428	SUBURBIO	COLISÃO LATERAL	1	1	0	0	0	0	0	0	0	1	0	Cruzamento	Chuvoso	Sem defeito	Perfeito estado	Seca	Perfeito estado	Não existe	Não há placas	40 km/h	Dupla	Faixa contínua	""	""
643	2021-04-14T00:00:00	17:07:00	COM VÍTIMA	FINALIZADA	BOMBA DO HEMETÉRIO	RUA JACOB	""	""	EM FRENTE A UPINHA	BOMBA DO HEMETÉRIO	""	SUBURBIO	COLISÃO LATERAL	1	1	0	0	0	0	0	0	0	1	0	Cruzamento	Chuvoso	Não existe	Não existente	Molhada	Mal iluminada	Não existe	Não há placas	""	Dupla	Não existe	""	""
644	2021-04-14T00:00:00	18:52:00	SEM VÍTIMA	FINALIZADA	VÁRZEA	AV CAXANGA	""	""	EM FRENTE AO RESIDENCIAL CAXANGÁ	VÁRZEA	""	CIDADE	COLISÃO LATERAL	1	0	0	0	0	0	1	0	0	0	0	Cruzamento	Bom	Sem defeito	Não existente	Seca	Perfeito estado	Faixa de pedestre	R-6a	60KM/H	Dupla	Canteiro central	""	""
645	2021-04-14T00:00:00	19:45:00	COM VÍTIMA	FINALIZADA	SÃO JOSÉ	RUA IMPERIAL	1600	RUA LOURENCO DE SA	E/F A JUCEPE	SÃO JOSÉ	87	""	ATROPELAMENTO DE PESSOA	1	0	0	0	1	0	0	0	0	1	0	Cruzamento	Bom	Sem defeito	Perfeito estado	Seca	Perfeito estado	Faixa de pedestre	Não há placas	""	Única	Faixa contínua	""	""
646	2021-04-15T00:00:00	07:52:00	COM VÍTIMA	FINALIZADA	PINA	AV ANTONIO DE GOES	""	""	LADO OPOSTO A ALIANZ	PINA	538	CIDADE	COLISÃO TRASEIRA	1	0	0	0	0	0	1	0	0	1	0	Longo da via	Bom	Sem defeito	Perfeito estado	Seca	Perfeito estado	Faixa de pedestre	R-6a	60 km/h	Única	Faixa contínua	""	""
647	2021-04-15T00:00:00	11:08:00	SEM VÍTIMA	CANCELADA	TORREÃO	AV GOVERNADOR AGAMENON MAGALHAES	""	""	""	TORREÃO	""	""	COLISÃO TRASEIRA	0	0	0	0	0	0	0	0	0	0	0	""	""	""	""	""	""	""	""	""	""	""	""	""
648	2021-04-15T00:00:00	11:51:00	SEM VÍTIMA	FINALIZADA	MADALENA	EST DOS REMEDIOS	""	""	EM FRENTE A CASA DOS COLCHOES	MADALENA	353	""	COLISÃO FRONTAL	1	0	0	0	0	0	0	1	0	0	0	Cruzamento	Chuvoso	Sem defeito	Perfeito estado	Molhada	Perfeito estado	Faixa de pedestre	Não há placas	""	Única	Faixa contínua	""	""
649	2021-04-15T00:00:00	15:43:00	COM VÍTIMA	FINALIZADA	IPSEP	AV RECIFE	105	""	PROX AO AMEREICA FILME EQUIPADORA	IPSEP	393	""	COLISÃO TRASEIRA	1	1	0	0	0	0	0	0	0	1	0	Longo da via	Chuvoso	Sem defeito	Perfeito estado	Molhada	Perfeito estado	Faixa de pedestre	Outras	60 km/h	Dupla	Faixa seccionada	Canteiro central	""
650	2021-04-15T00:00:00	16:00:00	COM VÍTIMA	FINALIZADA	SÃO JOSÉ	RUA FLORIANO PEIXOTO	1155	""	em frente a honda	SÃO JOSÉ	668	SUBURBIO	CHOQUE	1	0	0	0	0	0	0	0	0	1	0	Longo da via	Chuvoso	Sem defeito	Perfeito estado	Molhada	Perfeito estado	Faixa de pedestre	Outras	""	Única	Faixa seccionada	""	""
651	2021-04-15T00:00:00	22:08:40	SEM VÍTIMA	FINALIZADA	IBURA	RUA AGAMENON BEZERRA LAFAYETE	180	""	PRÓX AO DEPÓSITO PAULA BEBIDAS // IGREJA PENTESCOSTAL DA GRAÇA DE DEUS	IBURA	""	""	CHOQUE	1	0	0	0	0	0	0	0	0	0	0	Longo da via	Chuvoso	Não existe	Não existente	Seca	Mal iluminada	Não existe	Não há placas	""	Dupla	Não existe	""	""
652	2021-04-16T00:00:00	09:40:00	SEM VÍTIMA	FINALIZADA	BOA VIAGEM	AV BOA VIAGEM	2594	""	""	BOA VIAGEM	""	""	COLISÃO TRANSVERSAL	0	0	0	0	0	0	0	0	0	0	0	Longo da via	Bom	Não existe	Perfeito estado	Seca	Perfeito estado	Não existe	Não há placas	N/I	Única	Faixa seccionada	""	""
653	2021-04-16T00:00:00	09:40:00	SEM VÍTIMA	FINALIZADA	BOA VIAGEM	AV ENGENHEIRO DOMINGOS FERREIRA	""	RUA CORONEL SERGIO HENRIQUE CARDIM	""	BOA VIAGEM	444	""	SEMÁFORO	0	0	0	0	0	0	0	0	0	0	0	""	""	""	""	""	""	""	""	""	""	""	""	""
654	2021-04-16T00:00:00	09:56:00	COM VÍTIMA	FINALIZADA	PINA	RUA MANOEL DE BRITO	""	""	NO TUNEL,	PINA	""	CIDADE	COLISÃO TRASEIRA	3	0	0	0	0	0	0	0	0	1	0	Outros	Bom	Não existe	Perfeito estado	Seca	Perfeito estado	Não existe	Não há placas	60 km/h	Única	Faixa contínua	""	""
655	2021-04-16T00:00:00	12:24:00	SEM VÍTIMA	FINALIZADA	JARDIM SÃO PAULO	AV RECIFE	""	""	EM FRENTE AO CERPE/ SENTIDO BR	JARDIM SÃO PAULO	""	""	COLISÃO TRASEIRA	2	0	0	0	0	0	0	1	0	0	0	Cruzamento	Chuvoso	Sem defeito	Perfeito estado	Molhada	Perfeito estado	Faixa de pedestre	Outras	""	Dupla	Faixa contínua	""	""
656	2021-04-16T00:00:00	14:05:00	COM VÍTIMA	FINALIZADA	PINA	AV HERCULANO BANDEIRA	544	""	EM FRENTE AO AO MARTELINHO	PINA	""	SUBURBIO	COLISÃO COM CICLISTA	1	0	0	1	0	0	0	0	0	1	0	Longo da via	Chuvoso	Não existe	Perfeito estado	Molhada	Perfeito estado	Não existe	R-6a	60 km/h	Única	Faixa seccionada	""	""
657	2021-04-16T00:00:00	16:39:00	COM VÍTIMA	FINALIZADA	BOA VISTA	AV JOAO DE BARROS	""	""	EM FRENTE A CELPE	BOA VISTA	""	CIDADE	COLISÃO LATERAL	1	1	0	0	0	0	0	0	0	1	0	Longo da via	Chuvoso	Não existe	Perfeito estado	Molhada	Perfeito estado	Não existe	Não há placas	40 km/h	Única	Faixa seccionada	""	""
658	2021-04-16T00:00:00	16:45:00	COM VÍTIMA	CANCELADA	LINHA DO TIRO	AV RIO MORNO	25	""	E/F AO MERCADINHO PONTES	LINHA DO TIRO	""	""	CHOQUE	0	1	0	0	0	0	0	0	0	1	0	""	""	""	""	""	""	""	""	""	""	""	""	""
659	2021-04-17T00:00:00	09:57:00	COM VÍTIMA	FINALIZADA	COELHOS	PRC MIGUEL DE CERVANTES	60	""	EM FRENTE A PRAÇA PROX AO IMIP	COELHOS	""	CIDADE	COLISÃO LATERAL	1	1	0	0	0	0	0	0	0	1	0	Longo da via	Chuvoso	Não existe	Perfeito estado	Molhada	Perfeito estado	Outros	Outras	""	Única	Não existe	""	""
660	2021-04-17T00:00:00	08:16:00	COM VÍTIMA	DUPLICIDADE	COELHOS	RUA ANTONIO GOMES DE FREITAS	60	""	EM FRENTE A PRAÇA PROX AO IMIP	COELHOS	""	""	COLISÃO LATERAL	1	1	0	0	0	0	0	0	0	1	0	""	""	""	""	""	""	""	""	""	""	""	""	""
661	2021-04-17T00:00:00	08:57:00	COM VÍTIMA	FINALIZADA	POÇO DA PANELA	RUA SAMUEL FARIAS	784	AV DEZESSETE DE AGOSTO	OPOSTO EXERCITO BRASILEIRO	POÇO DA PANELA	""	CIDADE	COLISÃO LATERAL	1	1	0	0	0	0	0	0	0	1	0	Esquina	Bom	Não existe	Perfeito estado	Seca	Perfeito estado	Outros	R-6a	""	Dupla	Faixa contínua	Faixa seccionada	""
662	2021-04-17T00:00:00	12:27:00	COM VÍTIMA	FINALIZADA	TORRE	AV BEIRA RIO	""	""	PRÓX À ACADEMIA DA CIDADE / PONTE DA TORRE	TORRE	630	""	COLISÃO LATERAL	2	0	0	0	0	0	0	0	0	2	0	Cruzamento	Bom	Sem defeito	Perfeito estado	Seca	Perfeito estado	Outros	""	40 km/h	Dupla	""	""	""
663	2021-04-17T00:00:00	14:43:00	COM VÍTIMA	FINALIZADA	CAXANGÁ	AV CAXANGA	51	RUA GENERAL POLIDORO	EM FRENTE AO POSTO SHELL	CAXANGÁ	231	""	COLISÃO TRASEIRA	1	1	0	0	0	0	0	0	0	1	0	Longo da via	""	Sem defeito	Perfeito estado	Seca	Perfeito estado	Faixa de pedestre	Não há placas	""	Dupla	Canteiro central	""	""