_id	data	hora	natureza_acidente	situacao	bairro	endereco	numero	detalhe_endereco_acidente	complemento	bairro_cruzamento	num_semaforo	sentido_via	tipo	auto	moto	ciclom	ciclista	pedestre	onibus	caminhao	viatura	outros	vitimas	vitimasfatais	acidente_verificado	tempo_clima	situacao_semaforo	sinalizacao	condicao_via	conservacao_via	ponto_controle	situacao_placa	velocidade_max_via	mao_direcao	divisao_via1	divisao_via2	divisao_via3
732	2021-04-26T00:00:00	20:22:00	SEM VÍTIMA	FINALIZADA	IMBIRIBEIRA	RUA GENERAL GOES MONTEIRO	""	RUA ENGENHEIRO JOSE BRANDAO CAVALCANTE	E/F À CONCESSIONÁRIA MEIRA LINS	IMBIRIBEIRA	""	""	COLISÃO TRANSVERSAL	0	0	0	0	0	0	1	1	0	0	0	Cruzamento	Bom	Não existe	""	Seca	Outros	Não existe	"Placas ""Pare"""	30km/h	Dupla	Não existe	""	""
733	2021-04-27T00:00:00	07:57:00	COM VÍTIMA	FINALIZADA	MADALENA	RUA REAL DA TORRE	""	RUA JOSE OSORIO	CRUZAMENTO	MADALENA	179	SUBURBIO	COLISÃO TRASEIRA	1	1	0	0	0	0	0	0	0	1	0	Cruzamento	Bom	Sem defeito	Perfeito estado	Seca	Perfeito estado	Agente	Não há placas	""	Única	Faixa seccionada	""	""
734	2021-04-27T00:00:00	08:27:00	COM VÍTIMA	FINALIZADA	IPSEP	AV RECIFE	3009	RUA ADOLFO FARO	ANTIGO POSTO FEDERAL	IPSEP	""	CIDADE	COLISÃO TRASEIRA	0	1	0	0	0	0	1	0	0	1	0	Cruzamento	Bom	Não existe	Perfeito estado	Seca	Perfeito estado	Não existe	Não há placas	""	Dupla	Faixa contínua	Faixa seccionada	Canteiro central
735	2021-04-27T00:00:00	08:55:00	COM VÍTIMA	FINALIZADA	MADALENA	RUA DEMOCRITO DE SOUZA FILHO	335	""	EM FRENTE AO EMPRESARIAL GREEN TOWER	MADALENA	""	""	COLISÃO COM CICLISTA	1	0	0	1	0	0	0	0	0	1	0	Longo da via	Bom	Não existe	Perfeito estado	Seca	Perfeito estado	Não existe	R-6a	""	Única	Não existe	""	""
736	2021-04-27T00:00:00	10:41:00	SEM VÍTIMA	CANCELADA	BOA VIAGEM	RUA VISCONDE DE JEQUITINHONHA	1360	""	EM FRENTE AO EDF TOBAGO	BOA VIAGEM	""	""	COLISÃO FRONTAL	2	0	0	0	0	0	0	0	0	0	0	""	""	""	""	""	""	""	""	""	""	""	""	""
737	2021-04-27T00:00:00	10:53:00	SEM VÍTIMA	FINALIZADA	IMBIRIBEIRA	AV MARECHAL MASCARENHAS DE MORAES	""	""	""	IMBIRIBEIRA	""	""	COLISÃO LATERAL	0	0	0	0	0	0	0	0	0	0	0	""	""	""	""	""	""	""	""	""	""	""	""	""
738	2021-04-27T00:00:00	13:59:00	SEM VÍTIMA	FINALIZADA	MADALENA	AV CAXANGA	""	""	SOB O TÚNEL DA ABOLIÇÃO	MADALENA	""	""	COLISÃO LATERAL	1	0	0	0	0	0	0	1	0	0	0	Longo da via	Bom	Sem defeito	Perfeito estado	Seca	Perfeito estado	""	Não há placas	""	Dupla	Faixa contínua	""	""
739	2021-04-27T00:00:00	17:01:00	SEM VÍTIMA	FINALIZADA	CABANGA	RUA PADRE CARLOS DE BARROS BARRETO	25	""	EM FRENTE A COMPESA DO CABANGA	CABANGA	""	""	COLISÃO LATERAL	2	0	0	0	0	0	0	0	0	0	0	Longo da via	Bom	Não existe	Não existente	Seca	Perfeito estado	Não existe	Não há placas	40km/h	Dupla	Não existe	""	""
740	2021-04-27T00:00:00	19:54:00	COM VÍTIMA	FINALIZADA	MADALENA	EST DOS REMEDIOS	""	AV JOSE GONCALVES DE MEDEIROS	EM FRENTE A POLICLINICA LESSA DE ANDRADE	MADALENA	353	""	COLISÃO LATERAL	0	1	0	0	0	0	0	1	0	1	0	Cruzamento	Bom	Sem defeito	Perfeito estado	Seca	Perfeito estado	Faixa de pedestre	""	""	Única	Não existe	""	""
741	2021-04-28T00:00:00	07:23:00	SEM VÍTIMA	FINALIZADA	IPUTINGA	AV CAXANGA	""	EST DO BARBALHO	""	IPUTINGA	533	""	SEMÁFORO	0	0	0	0	0	0	0	0	0	0	0	""	""	""	""	""	""	""	""	""	""	""	""	""
742	2021-04-28T00:00:00	09:30:00	COM VÍTIMA	FINALIZADA	TAMARINEIRA	RUA PADRE ROMA	1	AV CONS ROSA E SILVA	COMEDORIA DA PIZZA	TAMARINEIRA	61	SUBURBIO	COLISÃO TRANSVERSAL	1	1	0	0	0	0	0	0	0	1	0	Longo da via	Chuvoso	Sem defeito	Perfeito estado	Molhada	Perfeito estado	Faixa de pedestre	R-4b	""	Dupla	Faixa contínua	Canteiro central	""
743	2021-04-28T00:00:00	14:11:00	SEM VÍTIMA	FINALIZADA	TORRÕES	AV ENGENHEIRO ABDIAS DE CARVALHO	""	RUA QUINZE DE MARCO	PRAÇA DA CHESF	TORRÕES	422	""	SEMÁFORO	0	0	0	0	0	0	0	0	0	0	0	""	""	""	""	""	""	""	""	""	""	""	""	""
744	2021-04-28T00:00:00	15:43:00	SEM VÍTIMA	FINALIZADA	IPUTINGA	AV CAXANGA	""	EST DO BARBALHO	ESTRADA DO BARBALHO	IPUTINGA	533	""	SEMÁFORO	0	0	0	0	0	0	0	0	0	0	0	""	""	""	""	""	""	""	""	""	""	""	""	""
745	2021-04-28T00:00:00	17:51:00	SEM VÍTIMA	FINALIZADA	BOA VIAGEM	RUA DES JOAO PAES	232	""	""	BOA VIAGEM	""	""	CHOQUE	1	0	0	0	0	0	0	0	0	0	0	""	""	""	""	""	""	""	""	""	""	""	""	""
746	2021-04-28T00:00:00	18:09:00	COM VÍTIMA	FINALIZADA	CASA FORTE	AV DEZESSETE DE AGOSTO	""	RUA PIAUI	SEMÁFORO 251 / PRÓX AO HOSP EMILIO DE MORAES	CASA FORTE	251	CIDADE	COLISÃO LATERAL	1	1	0	0	0	0	0	0	0	1	0	Cruzamento	Bom	Sem defeito	Perfeito estado	Seca	Perfeito estado	Não existe	""	""	Dupla	Faixa contínua	""	""
747	2021-04-28T00:00:00	18:38:00	SEM VÍTIMA	FINALIZADA	TORRÕES	AV ENGENHEIRO ABDIAS DE CARVALHO	422	RUA QUINZE DE MARCO	CRUZAMENTO C/A RUA QUINZE DE MARÇO - PRÓXIMO A PRAÇA DA CHESF	TORRÕES	""	""	SEMÁFORO	0	0	0	0	0	0	0	0	0	0	0	""	""	""	""	""	""	""	""	""	""	""	""	""
748	2021-04-28T00:00:00	19:00:00	COM VÍTIMA	FINALIZADA	CASA AMARELA	AV NORTE	5359	""	ESCOLA SOZEMAR DE MACEDIE LIMA	CASA AMARELA	""	CIDADE	COLISÃO FRONTAL	1	1	0	0	0	0	0	0	0	1	0	Longo da via	Bom	Não existe	Ilegível	Seca	Mal conservada	Não existe	""	""	Única	Não existe	""	""
749	2021-04-29T00:00:00	12:55:00	SEM VÍTIMA	FINALIZADA	SANTO AMARO	AV CRUZ CABUGA	""	""	""	SANTO AMARO	627	""	COLISÃO TRASEIRA	1	1	0	0	0	0	0	0	0	0	0	Longo da via	Bom	Sem defeito	Perfeito estado	Seca	Perfeito estado	Faixa de pedestre	Não há placas	""	Dupla	Faixa contínua	""	""
750	2021-04-29T00:00:00	13:49:00	SEM VÍTIMA	FINALIZADA	IMBIRIBEIRA	RUA SARGENTO SILVINO DE MACEDO	241	""	POR TRAS DA ESTAÇAO DO METRO SHOPING	IMBIRIBEIRA	""	""	COLISÃO FRONTAL	0	0	0	0	0	0	0	0	0	0	0	Cruzamento	Bom	Não existe	Perfeito estado	Seca	Perfeito estado	Não existe	Não há placas	""	Dupla	Não existe	""	""
751	2021-04-29T00:00:00	14:29:00	SEM VÍTIMA	FINALIZADA	ENCRUZILHADA	RUA FERNANDO CESAR	338	""	""	ENCRUZILHADA	""	CIDADE	CAPOTAMENTO	1	0	0	0	0	0	0	0	0	0	0	Longo da via	Bom	Sem defeito	Perfeito estado	Seca	Perfeito estado	Faixa de pedestre	Outras	""	Única	Faixa seccionada	""	""
752	2021-04-29T00:00:00	19:29:00	COM VÍTIMA	FINALIZADA	BOA VIAGEM	AV ENGENHEIRO DOMINGOS FERREIRA	2869	""	PROXIMO DO BANCO DO NORDESTE, FAIXA DA ESQUERDA	BOA VIAGEM	""	SUBURBIO	COLISÃO TRASEIRA	3	1	0	0	0	0	0	0	0	1	0	Longo da via	Bom	Não existe	Perfeito estado	Seca	Perfeito estado	Não existe	Não há placas	""	Dupla	Canteiro central	""	""
753	2021-04-29T00:00:00	21:27:40	COM VÍTIMA	FINALIZADA	SÃO JOSÉ	RUA IMPERIAL	222	RUA BOM SUCESSO	EM FRENTE AO NUMERO 222	SÃO JOSÉ	""	SUBURBIO	COLISÃO LATERAL	2	0	0	0	0	0	0	0	0	2	0	Cruzamento	Bom	Não existe	Perfeito estado	Seca	Perfeito estado	Não existe	Não há placas	""	Única	Faixa seccionada	""	""
754	2021-04-30T00:00:00	08:08:00	COM VÍTIMA	FINALIZADA	CASA AMARELA	RUA CONS NABUCO	325	""	PROXIMO A ESCOLA BRINQUEDOS E BRINCADEIRAS	CASA AMARELA	""	""	COLISÃO FRONTAL	1	1	0	0	0	0	0	0	0	1	0	Longo da via	Chuvoso	Não existe	Perfeito estado	Molhada	Perfeito estado	Não existe	R-6a	""	Dupla	Não existe	""	""
755	2021-04-30T00:00:00	08:17:00	SEM VÍTIMA	FINALIZADA	BOA VISTA	RUA DOM BOSCO	""	""	EM FRENTE AO BATALHÃO DA RP	BOA VISTA	""	""	COLISÃO LATERAL	1	0	0	0	0	0	0	1	0	0	0	Longo da via	Chuvoso	Não existe	Perfeito estado	Molhada	Perfeito estado	Não existe	Não há placas	""	Única	Faixa contínua	""	""
756	2021-04-30T00:00:00	09:56:00	SEM VÍTIMA	FINALIZADA	SANTO AMARO	AV GOVERNADOR AGAMENON MAGALHAES	""	""	EM FRENTE A ANTIGA UNICORDIS	SANTO AMARO	""	BOA VIAGEM	COLISÃO TRASEIRA	1	0	0	0	0	0	0	1	0	0	0	Longo da via	Bom	Sem defeito	Perfeito estado	Seca	Perfeito estado	Faixa de pedestre	Não há placas	""	Dupla	Canal	""	""
757	2021-04-30T00:00:00	11:59:00	COM VÍTIMA	FINALIZADA	CORDEIRO	RUA GOMES TABORDA	948	""	EM FRENTE A HENRIQUE CELL	CORDEIRO	""	CIDADE	ATROPELAMENTO DE PESSOA	0	1	0	0	1	0	0	0	0	1	0	Longo da via	Chuvoso	Não existe	Perfeito estado	Molhada	Perfeito estado	Não existe	Não há placas	30 km/h	Dupla	Faixa seccionada	""	""
758	2021-04-30T00:00:00	12:23:00	SEM VÍTIMA	FINALIZADA	IPUTINGA	EST DO BARBALHO	""	AV CAXANGA	""	IPUTINGA	""	""	SEMÁFORO	0	0	0	0	0	0	0	0	0	0	0	""	""	""	""	""	""	""	""	""	""	""	""	""
759	2021-04-30T00:00:00	16:10:00	COM VÍTIMA	FINALIZADA	SÍTIO DOS PINTOS	RUA MANUEL DE MEDEIROS	17	""	EM FRENTE UFRPE CCEAGRI	SÍTIO DOS PINTOS	""	SUBURBIO	COLISÃO LATERAL	1	1	0	0	0	0	0	0	0	1	0	Longo da via	Chuvoso	Não existe	Perfeito estado	Seca	Mal conservada	Não existe	R-19	30 km/h	Dupla	Não existe	""	""
760	2021-04-30T00:00:00	16:12:00	SEM VÍTIMA	FINALIZADA	CAXANGÁ	AV CAXANGA	""	AV GENERAL SAN MARTIN	""	CAXANGÁ	80	""	SEMÁFORO	0	0	0	0	0	0	0	0	0	0	0	""	""	""	""	""	""	""	""	""	""	""	""	""
761	2021-04-30T00:00:00	18:19:00	COM VÍTIMA	FINALIZADA	CASA AMARELA	AV NORTE	2519	""	E/F AO NUCLEO DE CASA AMARELA, SNT CID	CASA AMARELA	""	CIDADE	QUEDA	1	1	0	0	0	0	0	0	0	1	0	Longo da via	Bom	Não existe	Perfeito estado	Seca	Mal iluminada	Outros	Outras	""	Dupla	Canteiro central	""	""
762	2021-04-30T00:00:00	19:29:00	COM VÍTIMA	FINALIZADA	CABANGA	PRC GOVERNADOR PAULO GUERRA	""	PTE GOVERNADOR PAULO GUERRA	LARGO DO CABANGA - SENTIDO BOA VIAGEM - APÓS A LOMBADA ELETRÔNICA - NA CABECEIRA DA PONTE ESTAIADA	CABANGA	662	SUBURBIO	ATROPELAMENTO DE PESSOA	0	1	0	0	1	0	0	0	0	1	0	Longo da via	Bom	Sem defeito	Perfeito estado	Seca	Perfeito estado	Não existe	""	60 km/h	""	Faixa contínua	""	""
763	2021-05-01T00:00:00	13:01:00	COM VÍTIMA	FINALIZADA	TOTÓ	AV LIBERDADE	""	""	EM FRENTE AO CEMITERIO PARQUE DA FLORES	TOTÓ	""	SUBURBIO	COLISÃO COM CICLISTA	1	0	0	1	0	0	0	0	0	1	0	Longo da via	Bom	Sem defeito	Perfeito estado	Seca	Perfeito estado	Não existe	Não há placas	""	Dupla	Faixa contínua	""	""
764	2021-05-01T00:00:00	13:16:00	COM VÍTIMA	FINALIZADA	ENCRUZILHADA	AV NORTE	""	AV SANTOS DUMONT	PAMELA  ROSARINHO	ENCRUZILHADA	81	CIDADE	COLISÃO LATERAL	1	0	0	0	0	0	0	0	0	1	0	Cruzamento	Nublado	Sem defeito	Perfeito estado	Seca	Perfeito estado	Faixa de pedestre	Outras	""	Única	Canteiro central	""	""
765	2021-05-01T00:00:00	14:45:00	COM VÍTIMA	FINALIZADA	BOA VIAGEM	AV ENGENHEIRO DOMINGOS FERREIRA	2571	RUA PROFESSOR JOSE BRANDAO	FARMÁCIA INDEPENDENTE	BOA VIAGEM	550	""	COLISÃO LATERAL	1	1	0	0	0	0	0	0	0	1	0	Longo da via	Bom	Sem defeito	Perfeito estado	Seca	Perfeito estado	Faixa de pedestre	Não há placas	""	Única	Faixa seccionada	""	""
766	2021-05-01T00:00:00	14:59:00	COM VÍTIMA	FINALIZADA	APIPUCOS	RUA DE APIPUCOS	1200	""	PROX AO BPM DO GATI / NO SEMAFORO 248	APIPUCOS	248	CIDADE	ATROPELAMENTO DE PESSOA	1	0	0	0	1	0	0	0	0	1	0	Longo da via	Bom	Sem defeito	Perfeito estado	Seca	Perfeito estado	Faixa de pedestre	Outras	""	Dupla	Faixa contínua	""	""
767	2021-05-02T00:00:00	00:27:00	COM VÍTIMA	CANCELADA	IPSEP	RUA ARACATUBA	""	""	PRAÇA DA MAURICEIA , PRÓXIMO AO COLÉGIO ESTADUAL ELEANOR ROOSEVELT	IPSEP	""	""	COLISÃO TRASEIRA	1	1	0	0	0	0	0	0	0	1	0	""	""	""	""	""	""	""	""	""	""	""	""	""
768	2021-05-02T00:00:00	12:58:00	COM VÍTIMA	FINALIZADA	IMBIRIBEIRA	AV MARECHAL MASCARENHAS DE MORAES	943	""	E/F A GRILLO HOME DECOR S/T CID	IMBIRIBEIRA	""	""	COLISÃO TRASEIRA	1	1	0	0	0	0	0	0	0	1	0	Longo da via	Chuvoso	Sem defeito	Perfeito estado	Molhada	Perfeito estado	Não existe	Outras	""	Dupla	Faixa contínua	Faixa seccionada	Canteiro central
769	2021-05-02T00:00:00	17:51:00	COM VÍTIMA	FINALIZADA	BONGI	RUA APARECIDA DE MINAS	53	""	POR TRÁS DA CELPE	BONGI	""	SUBURBIO	CHOQUE	1	1	0	0	0	0	0	0	0	1	0	Longo da via	Bom	Não existe	Não existente	Seca	Perfeito estado	Não existe	Não há placas	""	Dupla	Não existe	""	""
770	2021-05-02T00:00:00	18:05:00	COM VÍTIMA	FINALIZADA	MADALENA	RUA LOPES DE CARVALHO	401	AV VISCONDE DE ALBUQUERQUE	PRÓX AO BAR AMADALENA E ASTRAL MULTI MARCAS	MADALENA	""	CIDADE	COLISÃO LATERAL	1	1	0	0	0	0	0	0	0	1	0	Longo da via	Bom	Não existe	Não existente	Seca	Perfeito estado	Não existe	Não há placas	60 km/h	Única	Faixa seccionada	""	""
771	2021-05-02T00:00:00	18:23:00	COM VÍTIMA	FINALIZADA	IPSEP	RUA PINTOR ANTONIO ALBUQUERQUE	476	""	EM FRENTE AO SMOPE	IPSEP	""	SUBURBIO	COLISÃO COM CICLISTA	1	0	0	1	0	0	0	0	0	1	0	Longo da via	Bom	Não existe	Perfeito estado	Seca	Perfeito estado	Não existe	Não há placas	30 km/h	Única	Faixa contínua	""	""
772	2021-05-02T00:00:00	19:25:00	COM VÍTIMA	FINALIZADA	CORDEIRO	EST DO FORTE DO ARRAIAL N. DO B. JESUS	1077	""	AO LADO DO CONJUNTO ARRAIAL E E/F AO ANTIGO CAMPO DO 15 / PRÓX AO POSTO SHELL	CORDEIRO	""	SUBURBIO	COLISÃO LATERAL	1	1	0	0	0	0	0	0	0	1	0	Longo da via	Bom	Não existe	Perfeito estado	Seca	Perfeito estado	Não existe	Não há placas	""	Dupla	Faixa contínua	""	""
773	2021-05-03T00:00:00	08:07:00	COM VÍTIMA	FINALIZADA	CORDEIRO	RUA GOMES TABORDA	1460	AV GENERAL SAN MARTIN	EM  FRENTE AO SUPERMERCADO IDEAL	CORDEIRO	67	CIDADE	COLISÃO FRONTAL	1	1	0	0	0	0	0	0	0	1	0	Longo da via	Bom	Sem defeito	Perfeito estado	Seca	Perfeito estado	Faixa de pedestre	"Placas ""Pare"""	""	Dupla	Faixa seccionada	""	""
774	2021-05-03T00:00:00	08:20:00	COM VÍTIMA	FINALIZADA	GRAÇAS	RUA AMELIA	""	AV RUI BARBOSA	PROXIMO AO  POSTO BR	GRAÇAS	845	CIDADE	CAPOTAMENTO	1	0	0	0	0	0	0	0	0	1	0	Longo da via	Bom	Sem defeito	Perfeito estado	Seca	Perfeito estado	""	Outras	""	Única	Faixa seccionada	""	""
775	2021-05-03T00:00:00	08:38:00	COM VÍTIMA	FINALIZADA	IMBIRIBEIRA	RUA ARQUITETO LUIZ NUNES	""	RUA MIS JOEL CARLSON	NA ESQUINA DO ATACAREJO ,NOVO TEMPO	IMBIRIBEIRA	633	CIDADE	ATROPELAMENTO DE PESSOA	1	0	0	0	1	0	0	0	0	1	0	Cruzamento	Chuvoso	Sem defeito	Perfeito estado	Molhada	Perfeito estado	Faixa de pedestre	Não há placas	70 km/h	Dupla	Faixa contínua	""	""
776	2021-05-03T00:00:00	14:59:00	COM VÍTIMA	FINALIZADA	TORRÕES	AV INACIO MONTEIRO	842	RUA DR MIGUEL VIEIRA FERREIRA	PROX A FARMACIA DROGARIA CORDEIRO	TORRÕES	566	""	COLISÃO LATERAL	1	1	0	0	0	0	0	0	0	1	0	Cruzamento	Bom	Com defeito	Perfeito estado	Seca	Perfeito estado	Faixa de pedestre	Não há placas	30 km/h	Dupla	""	""	""
777	2021-05-03T00:00:00	15:49:00	COM VÍTIMA	FINALIZADA	SÃO JOSÉ	AV DANTAS BARRETO	""	RUA DO PEIXOTO	SOB O SEMÁFORO DE N. 181	SÃO JOSÉ	181	SUBURBIO	COLISÃO LATERAL	0	1	0	0	0	1	0	0	0	1	0	Cruzamento	Bom	Sem defeito	Perfeito estado	Seca	Perfeito estado	Faixa de pedestre	Não há placas	""	Dupla	Faixa contínua	Faixa seccionada	""
778	2021-05-03T00:00:00	16:51:00	COM VÍTIMA	FINALIZADA	DOIS IRMÃOS	RUA DOIS IRMAOS	112	""	PROX AO LAFEPE	DOIS IRMÃOS	189	SUBURBIO	COLISÃO LATERAL	1	1	0	0	0	0	0	0	0	1	0	Longo da via	Bom	Sem defeito	Perfeito estado	Seca	Perfeito estado	Faixa de pedestre	Outras	""	Dupla	Faixa contínua	Faixa seccionada	""
779	2021-05-03T00:00:00	18:05:00	SEM VÍTIMA	FINALIZADA	BOA VISTA	AV GOVERNADOR AGAMENON MAGALHAES	""	""	PROX. AO AMERICANO BATISTA	BOA VISTA	37	""	COLISÃO TRASEIRA	3	0	0	0	0	0	0	0	0	0	0	""	""	""	""	""	""	""	""	""	""	""	""	""
780	2021-05-03T00:00:00	18:18:00	COM VÍTIMA	FINALIZADA	SÃO JOSÉ	C SANTA RITA	""	""	EM FRENTE A GERMAN E AS TORRES GEMEAS	SÃO JOSÉ	76	CIDADE	""	0	1	0	0	0	0	0	0	0	2	0	Longo da via	Bom	Não existe	Perfeito estado	Seca	Perfeito estado	Não existe	Não há placas	60 km/h	Dupla	Canteiro central	""	""
781	2021-05-03T00:00:00	18:37:00	COM VÍTIMA	FINALIZADA	IMBIRIBEIRA	RUA ANTONIO FALCAO	100	RUA JACY	EM FRENTE AO POSTO YPIRANGA / APÓS O PADEIRÃO	IMBIRIBEIRA	""	SUBURBIO	COLISÃO LATERAL	1	1	0	0	0	0	0	0	0	2	0	Longo da via	Bom	Sem defeito	Perfeito estado	Seca	Perfeito estado	Faixa de pedestre	"Placas ""Pare"""	""	Única	Faixa seccionada	""	""
782	2021-05-03T00:00:00	21:50:40	COM VÍTIMA	FINALIZADA	AFOGADOS	RUA SAO MIGUEL	1357	""	EM FRENTE  AO BODE DO NÔ	AFOGADOS	""	CIDADE	COLISÃO FRONTAL	1	1	0	0	0	0	0	0	0	1	0	Longo da via	Chuvoso	Não existe	Perfeito estado	Molhada	Perfeito estado	Não existe	Não há placas	""	Dupla	Faixa seccionada	""	""
783	2021-05-04T00:00:00	08:22:00	COM VÍTIMA	FINALIZADA	SANTO AMARO	AV NORTE	1184	""	E/F A IGREJA SÃO SEBASTIÃO	SANTO AMARO	""	SUBURBIO	COLISÃO LATERAL	0	0	0	0	0	0	0	0	0	1	0	Longo da via	Chuvoso	Sem defeito	Perfeito estado	Molhada	Perfeito estado	Não existe	Outras	""	Dupla	Canteiro central	""	""
784	2021-05-04T00:00:00	08:39:00	COM VÍTIMA	FINALIZADA	BOA VIAGEM	RUA COPACABANA	""	RUA COPACABANA	PROX. AO TERMINAL DE SETUBAL E AO LADO DO COLEGIO FERNANDO MOTTA	BOA VIAGEM	""	CIDADE	COLISÃO TRASEIRA	2	0	0	0	0	0	0	0	0	1	0	Cruzamento	Chuvoso	Não existe	Incompleta	Molhada	Perfeito estado	Não existe	Outras	""	Dupla	Faixa contínua	Faixa seccionada	""
785	2021-05-04T00:00:00	12:28:00	COM VÍTIMA	FINALIZADA	CABANGA	AV SUL	1374	AV SUL	EM FRENTE A INDUSTRIA PORTELA	CABANGA	260	SUBURBIO	COLISÃO FRONTAL	0	1	0	0	0	1	0	0	0	1	0	Cruzamento	Chuvoso	Sem defeito	Perfeito estado	Molhada	Perfeito estado	Não existe	Não há placas	""	Dupla	Blocos	""	""
786	2021-05-04T00:00:00	13:35:00	COM VÍTIMA	FINALIZADA	CORDEIRO	RUA GOMES TABORDA	""	RUA DES ADOLFO CIRIACO	EM FRENTE A SINDI COMBUSTIVEIS E PROXIMO AO ANTIGO CLUBE PERFUMADO	CORDEIRO	""	CIDADE	COLISÃO LATERAL	1	1	0	0	0	0	0	0	0	1	0	Longo da via	Bom	Não existe	Não existente	Seca	Perfeito estado	Não existe	Não há placas	60 km/h	Dupla	Faixa seccionada	""	""
787	2021-05-04T00:00:00	14:34:00	SEM VÍTIMA	CANCELADA	CASA AMARELA	RUA CONS NABUCO	571	""	EM FRENTE AO STUDIO TAISA	CASA AMARELA	""	""	COLISÃO LATERAL	2	0	0	0	0	0	0	0	0	0	0	""	""	""	""	""	""	""	""	""	""	""	""	""
788	2021-05-04T00:00:00	17:11:00	COM VÍTIMA	FINALIZADA	CASA FORTE	EST DO ENCANAMENTO	454	RUA DO MARQUES	""	CASA FORTE	""	SUBURBIO	COLISÃO TRANSVERSAL	1	1	0	0	0	0	0	0	0	1	0	Longo da via	Nublado	Não existe	Perfeito estado	Seca	Perfeito estado	Faixa de pedestre	Outras	30 km/h	Dupla	Faixa seccionada	""	""
789	2021-05-04T00:00:00	20:59:40	SEM VÍTIMA	CANCELADA	CAXANGÁ	AV CAXANGA	""	""	E;F A ACADEMIA REF / PRÓX AO HOSPITAL SANTA TEREZINHA E POSTO SHELL,. SNT CAMARAGIBE	CAXANGÁ	""	""	COLISÃO TRASEIRA	2	0	0	0	0	0	0	0	0	0	0	""	""	""	""	""	""	""	""	""	""	""	""	""
790	2021-05-05T00:00:00	08:27:00	COM VÍTIMA	FINALIZADA	SANTO AMARO	AV CRUZ CABUGA	981	""	EM FRENTE AO COLEGIO  SIGISNANDO FERREIRA	SANTO AMARO	""	CIDADE	COLISÃO TRASEIRA	1	1	0	0	0	0	0	0	0	2	0	Longo da via	Bom	Não existe	Perfeito estado	Seca	Perfeito estado	Não existe	Não há placas	""	Dupla	Faixa contínua	""	""
791	2021-05-05T00:00:00	11:58:00	COM VÍTIMA	FINALIZADA	CIDADE UNIVERSITÁRIA	RUA PROFESSOR ANTONIO COELHO	""	RUA MARECHAL MANOEL LUIS OSORIO	EM FRENTE AO COLEGIO PONTUAL	CIDADE UNIVERSITÁRIA	""	""	COLISÃO LATERAL	1	1	0	0	0	0	0	0	0	1	0	""	""	""	""	""	""	""	""	""	""	""	""	""
792	2021-05-05T00:00:00	13:46:00	COM VÍTIMA	FINALIZADA	CABANGA	RUA COMANDANTE ANTONIO MANHAES DE MATTOS	""	""	AO LADO DA COMPESA	CABANGA	""	CIDADE	COLISÃO FRONTAL	1	1	0	0	0	0	0	0	0	1	0	Cruzamento	Bom	Não existe	""	Seca	Perfeito estado	Não existe	Não há placas	""	Dupla	Não existe	""	""
793	2021-05-05T00:00:00	14:48:00	COM VÍTIMA	FINALIZADA	SANTO AMARO	AV GOVERNADOR AGAMENON MAGALHAES	""	""	PRÓX SHOPPING TACARUNA /  PRÓX AO VDO ENG ROBERTO PEREIRA DE CARVALHO	SANTO AMARO	""	OLINDA	COLISÃO TRASEIRA	1	1	0	0	0	1	0	0	0	1	0	""	""	""	""	""	""	""	""	""	""	""	""	""
794	2021-05-06T00:00:00	05:15:00	COM VÍTIMA	FINALIZADA	CAXANGÁ	AV CAXANGA	""	""	EM FRENTE AO BOI E BRASA	CAXANGÁ	""	SUBURBIO	COLISÃO FRONTAL	1	2	0	0	0	0	0	0	0	3	0	Longo da via	Bom	Sem defeito	Perfeito estado	Seca	Perfeito estado	Não existe	Não há placas	""	Dupla	Canteiro central	""	""
795	2021-05-06T00:00:00	09:19:00	COM VÍTIMA	FINALIZADA	ENCRUZILHADA	RUA CASTRO ALVES	112	RUA JOSE DE SA CARNEIRO	EN FRENTE A CAIXA DA ENCRUZILHADA	ENCRUZILHADA	666	SUBURBIO	ATROPELAMENTO DE PESSOA	1	0	0	0	1	0	0	0	0	1	0	Esquina	Bom	Sem defeito	Perfeito estado	Seca	Perfeito estado	Outros	Não há placas	30 km/h	Única	Faixa seccionada	""	""
796	2021-05-06T00:00:00	12:48:00	COM VÍTIMA	CANCELADA	CORDEIRO	AV MAURICIO DE NASSAU	261	""	E/F A PADARIA  ATLANTICA  S/T  SUB	CORDEIRO	""	""	COLISÃO FRONTAL	2	1	0	0	0	0	0	0	0	1	0	""	""	""	""	""	""	""	""	""	""	""	""	""
797	2021-05-06T00:00:00	14:46:00	COM VÍTIMA	FINALIZADA	SANTO AMARO	AV CRUZ CABUGA	1200	RUA LEAO TREZE	E/F AO HOSPITAL DA MARINHA S/T CID	SANTO AMARO	""	CIDADE	COLISÃO LATERAL	1	1	0	0	0	0	0	0	0	1	0	Longo da via	Bom	Não existe	Perfeito estado	Seca	Perfeito estado	Não existe	R-6a	""	Dupla	Faixa seccionada	""	""