_id	data	hora	natureza_acidente	situacao	bairro	endereco	numero	detalhe_endereco_acidente	complemento	bairro_cruzamento	num_semaforo	sentido_via	tipo	auto	moto	ciclom	ciclista	pedestre	onibus	caminhao	viatura	outros	vitimas	vitimasfatais	acidente_verificado	tempo_clima	situacao_semaforo	sinalizacao	condicao_via	conservacao_via	ponto_controle	situacao_placa	velocidade_max_via	mao_direcao	divisao_via1	divisao_via2	divisao_via3
997	2021-06-11T00:00:00	12:36:00	COM VÍTIMA	FINALIZADA	CORDEIRO	AV INACIO MONTEIRO	341	""	PROXIMO AO COLEGIO ALBERT SABIN	CORDEIRO	""	DUPLO	COLISÃO LATERAL	1	1	0	0	0	0	0	0	0	1	0	Cruzamento	Bom	Não existe	Perfeito estado	Seca	Perfeito estado	Não existe	Não há placas	""	Dupla	Faixa seccionada	""	""
998	2021-06-11T00:00:00	12:38:00	COM VÍTIMA	FINALIZADA	JORDÃO	RUA BOANERGES PEREIRA	12	""	PRÓX À DROGARIA RECIFE	JORDÃO	""	SUBURBIO	CAPOTAMENTO	2	0	0	0	0	0	0	0	0	1	0	Longo da via	Bom	Não existe	Não existente	Seca	Perfeito estado	Não existe	Não há placas	""	Dupla	Não existe	""	""
999	2021-06-11T00:00:00	12:56:00	COM VÍTIMA	FINALIZADA	BOA VIAGEM	VIADUTO TANCREDO NEVES	""	""	EM CIMA DO VIADUTO/ SENTIDO BOA VIAGEM	BOA VIAGEM	""	BOA VIAGEM	COLISÃO TRASEIRA	1	1	0	0	0	0	0	0	0	1	0	Longo da via	Bom	Não existe	Perfeito estado	Seca	Perfeito estado	Não existe	Não há placas	60 km/h	Única	Não existe	""	""
1000	2021-06-11T00:00:00	20:28:00	COM VÍTIMA	FINALIZADA	IPSEP	AV RECIFE	""	RUA JEAN EMILE FAVRE	SEMÁFORO 247, SNT BV	IPSEP	""	BOA VIAGEM	COLISÃO LATERAL	0	2	0	0	0	0	0	0	0	1	0	Longo da via	Bom	Sem defeito	Perfeito estado	Seca	Perfeito estado	Não existe	Não há placas	60 km/h	Dupla	Faixa seccionada	Canteiro central	""
1001	2021-06-11T00:00:00	20:43:40	COM VÍTIMA	CANCELADA	CASA FORTE	AV DEZESSETE DE AGOSTO	2450	""	PRÓX AO  GUAIAMUM BAR E RESTAURANTE	CASA FORTE	""	""	COLISÃO TRASEIRA	1	1	0	0	0	0	0	0	0	1	0	""	""	""	""	""	""	""	""	""	""	""	""	""
1002	2021-06-12T00:00:00	03:22:00	COM VÍTIMA	FINALIZADA	JORDÃO	AV MARIA IRENE	1542	""	EDF. MARIA IRENE	JORDÃO	""	CIDADE	COLISÃO FRONTAL	1	1	0	0	0	0	0	0	0	2	0	Longo da via	Bom	Não existe	Não existente	Seca	Perfeito estado	Não existe	Não há placas	""	Dupla	Canteiro central	""	""
1003	2021-06-12T00:00:00	07:48:00	COM VÍTIMA	FINALIZADA	SANTO AMARO	RUA DOS CASADOS	1597	PRC GENERAL CARLOS PINTO	AO LADO DA PRAÇA GENERAL CARLOS PINTO	SANTO AMARO	202	CIDADE	COLISÃO LATERAL	1	1	0	0	0	0	0	0	0	1	0	Esquina	Bom	Sem defeito	""	Seca	Perfeito estado	Não existe	R-6a	""	Dupla	Não existe	""	""
1004	2021-06-12T00:00:00	09:37:00	SEM VÍTIMA	FINALIZADA	NOVA DESCOBERTA	RUA JOSE REBOUCAS	113	""	PROX. AO TERMINAL DO BREJO // BIFURCAÇÃO COM A RUA NICOLINO MIRANDA	NOVA DESCOBERTA	""	SUBURBIO	COLISÃO FRONTAL	0	2	0	0	0	0	0	0	0	0	0	Longo da via	Bom	Não existe	Não existente	Seca	Perfeito estado	Não existe	Não há placas	""	Dupla	Não existe	""	""
1005	2021-06-12T00:00:00	10:06:00	COM VÍTIMA	FINALIZADA	CASA AMARELA	AV NORTE	4341	""	PROX. AO SESC, SENT. CIDADE	CASA AMARELA	364	CIDADE	COLISÃO TRASEIRA	0	2	0	0	0	0	0	0	0	1	0	Cruzamento	Bom	Sem defeito	Perfeito estado	Seca	Perfeito estado	Faixa de pedestre	Outras	""	Dupla	Faixa seccionada	""	""
1006	2021-06-12T00:00:00	10:57:00	COM VÍTIMA	FINALIZADA	AFOGADOS	RUA COSME VIANA	1281	RUA PADRE TEOFILO TWORZ	E/F A LOJA TUPAN	AFOGADOS	""	SUBURBIO	COLISÃO LATERAL	3	1	0	0	0	0	0	0	0	1	0	Cruzamento	Bom	Sem defeito	Perfeito estado	Seca	Perfeito estado	Outros	Não há placas	""	Única	Canteiro central	""	""
1007	2021-06-12T00:00:00	12:00:00	COM VÍTIMA	FINALIZADA	BOA VIAGEM	AV BOA VIAGEM	5600	""	PROX. AO PARK HOTEL	BOA VIAGEM	""	CIDADE	COLISÃO TRASEIRA	1	1	0	0	0	0	0	0	0	1	0	Longo da via	Bom	Sem defeito	Perfeito estado	Seca	Perfeito estado	Não existe	Não há placas	""	Única	Faixa contínua	Faixa seccionada	""
1008	2021-06-12T00:00:00	12:34:00	COM VÍTIMA	FINALIZADA	ARRUDA	AV BEBERIBE	1253	""	AO LADO DO ARMAZÉM CORAL	ARRUDA	""	SUBURBIO	COLISÃO LATERAL	1	0	0	0	0	0	0	0	0	1	0	Cruzamento	Bom	Não existe	Incompleta	Seca	Perfeito estado	Não existe	Não há placas	""	Dupla	""	""	""
1009	2021-06-12T00:00:00	12:41:00	SEM VÍTIMA	CANCELADA	IMBIRIBEIRA	RUA CAFESOPOLIS	22	""	POR TRÁS DO FORUN PEQUENAS CAUSAS	IMBIRIBEIRA	""	""	COLISÃO TRASEIRA	2	0	0	0	0	0	0	0	0	0	0	""	""	""	""	""	""	""	""	""	""	""	""	""
1010	2021-06-12T00:00:00	13:33:00	COM VÍTIMA	FINALIZADA	TORRE	RUA REAL DA TORRE	""	""	SOBRE A PONTE DA TORRE	TORRE	""	""	COLISÃO LATERAL	1	1	0	0	0	0	0	0	0	1	0	Longo da via	Bom	Não existe	Não existente	Seca	Perfeito estado	Não existe	Outras	""	Única	Faixa seccionada	""	""
1011	2021-06-12T00:00:00	13:54:00	SEM VÍTIMA	FINALIZADA	CIDADE UNIVERSITÁRIA	RUA GENERAL POLIDORO	100	""	PRÓX À REEF ACADEMIA	CIDADE UNIVERSITÁRIA	""	""	COLISÃO LATERAL	1	1	0	0	0	0	0	0	0	0	0	""	""	""	""	""	""	""	""	""	""	""	""	""
1012	2021-06-12T00:00:00	14:33:00	SEM VÍTIMA	CANCELADA	COHAB	RUA DR BENIGNO JORDAO DE VASCONCELOS	206	""	AO LADO CANAL/ESCOLA LAGOA ENCANTADA	COHAB	""	""	COLISÃO LATERAL	0	2	0	0	0	0	0	0	0	0	0	""	""	""	""	""	""	""	""	""	""	""	""	""
1013	2021-06-12T00:00:00	21:00:40	COM VÍTIMA	FINALIZADA	BARRO	AV DR JOSE RUFINO	2001	""	E/F AO CONVENTO DO BARRO	BARRO	""	SUBURBIO	COLISÃO FRONTAL	1	1	0	0	0	0	0	0	0	1	0	Longo da via	Bom	Não existe	Perfeito estado	Seca	Perfeito estado	Não existe	R-6a	60 km/h	Dupla	Faixa contínua	""	""
1014	2021-06-12T00:00:00	21:10:40	COM VÍTIMA	FINALIZADA	AFOGADOS	RUA DA PAZ	""	""	EM FRENTE A POLICLINICA AGAMENON MAGALHAES	AFOGADOS	""	SUBURBIO	COLISÃO COM CICLISTA	1	0	0	1	0	0	0	0	0	1	0	Longo da via	Bom	Não existe	Perfeito estado	Seca	Perfeito estado	Não existe	Outras	""	Única	Faixa seccionada	""	""
1015	2021-06-13T00:00:00	06:15:00	COM VÍTIMA	FINALIZADA	BRASÍLIA TEIMOSA	RUA COMENDADOR MORAES	262	""	AO LADO DO JC PM	BRASÍLIA TEIMOSA	""	SUBURBIO	QUEDA	0	0	1	0	0	0	0	0	0	2	0	Longo da via	Bom	Não existe	Perfeito estado	Seca	Perfeito estado	Não existe	Outras	""	Única	Faixa seccionada	""	""
1016	2021-06-13T00:00:00	10:18:00	COM VÍTIMA	FINALIZADA	IPSEP	RUA JEAN EMILE FAVRE	890	RUA BLUMENAU	""	IPSEP	101	SUBURBIO	COLISÃO LATERAL	1	1	0	0	0	0	0	0	0	1	0	Cruzamento	Bom	Sem defeito	Perfeito estado	Seca	Perfeito estado	Faixa de pedestre	R-6a	""	Dupla	Faixa contínua	""	""
1017	2021-06-13T00:00:00	19:11:00	COM VÍTIMA	FINALIZADA	BONGI	EST DO BONGI	""	""	PROX A DELEGACIA DA POLICIA CIVIL	BONGI	""	CIDADE	COLISÃO COM CICLISTA	0	1	0	1	0	0	0	0	0	1	0	Longo da via	Bom	Não existe	Perfeito estado	Seca	Perfeito estado	""	Não há placas	30 km/h	Dupla	Faixa contínua	""	""
1018	2021-06-13T00:00:00	20:20:00	COM VÍTIMA	FINALIZADA	CAMPO GRANDE	AV GOVERNADOR AGAMENON MAGALHAES	""	""	PROX AO POSTO DISLUB	CAMPO GRANDE	""	OLINDA	COLISÃO LATERAL	1	1	0	0	0	0	0	0	0	1	0	""	""	""	""	""	""	""	""	""	""	""	""	""
1019	2021-06-13T00:00:00	21:25:40	COM VÍTIMA	FINALIZADA	BONGI	RUA PADRE TEOFILO TWORZ	""	RUA CARLOS GOMES	NO CRUZAMNETO MESMO	BONGI	""	SUBURBIO	COLISÃO FRONTAL	1	1	0	0	0	0	0	0	0	1	0	Cruzamento	Bom	Não existe	Perfeito estado	Seca	Perfeito estado	Não existe	"Placas ""Pare"""	""	Única	Faixa seccionada	""	""
1020	2021-06-14T00:00:00	07:01:00	COM VÍTIMA	FINALIZADA	BAIRRO DO RECIFE	AV MILITAR	550	""	EM FRENTE O POSTO BR E PROX. DA PREFEITURA	BAIRRO DO RECIFE	""	""	COLISÃO LATERAL	0	1	0	0	0	1	0	0	0	1	0	""	""	""	""	""	""	""	""	""	""	""	""	""
1021	2021-06-14T00:00:00	11:52:00	SEM VÍTIMA	FINALIZADA	TEJIPIÓ	AV PADRE IBIAPINA	""	""	AO LADO DO POSTE Nº B 088968	TEJIPIÓ	""	SUBURBIO	COLISÃO TRASEIRA	2	0	0	0	0	0	0	0	0	0	0	Longo da via	Bom	Não existe	Não existente	Seca	Perfeito estado	Não existe	Não há placas	60 km/h	Dupla	Não existe	""	""
1022	2021-06-14T00:00:00	11:55:00	COM VÍTIMA	FINALIZADA	BEBERIBE	AV BEBERIBE	3677	RUA DALVA DE OLIVEIRA	""	BEBERIBE	575	""	COLISÃO LATERAL	1	1	0	0	0	0	0	0	0	1	0	Cruzamento	Chuvoso	Sem defeito	Perfeito estado	Molhada	Perfeito estado	Faixa de pedestre	Outras	60 km/h	Dupla	Faixa contínua	""	""
1023	2021-06-14T00:00:00	14:22:00	COM VÍTIMA	FINALIZADA	DERBY	PRC DO DERBY	177	""	EM FRENTE AO LABORATÓRIO MARCELO MAGALHÃES	DERBY	""	CIDADE	ATROPELAMENTO DE PESSOA	1	0	0	0	1	0	0	0	0	1	0	Longo da via	Bom	Não existe	Perfeito estado	Seca	Perfeito estado	Não existe	Outras	""	Única	Faixa seccionada	""	""
1024	2021-06-14T00:00:00	17:04:00	COM VÍTIMA	CANCELADA	CASA AMARELA	RUA DES MOTTA JUNIOR	""	""	E/F A ESCOLA ESTADUAL CARLOS DE LIMA CAVALCANTI	CASA AMARELA	""	""	COLISÃO LATERAL	1	1	0	0	0	0	0	0	0	1	0	""	""	""	""	""	""	""	""	""	""	""	""	""
1025	2021-06-14T00:00:00	19:36:00	COM VÍTIMA	FINALIZADA	MADALENA	RUA JOSE OSORIO	9727	""	PRÓX A AUTO NORDESTE E MULTI MARCAS	MADALENA	""	CIDADE	COLISÃO FRONTAL	1	1	0	0	0	0	0	0	0	1	0	Longo da via	Chuvoso	Não existe	Perfeito estado	Molhada	Perfeito estado	Não existe	Não há placas	""	Dupla	Faixa contínua	""	""
1026	2021-06-14T00:00:00	20:33:40	COM VÍTIMA	FINALIZADA	BOA VISTA	AV CONDE DA BOA VISTA	233	""	LOGO APÓS O CRUZAMENTO COM A RUA GERVÁSIO PIRES	BOA VISTA	""	SUBURBIO	COLISÃO FRONTAL	0	1	0	0	0	0	0	0	0	1	0	Longo da via	Chuvoso	Não existe	Perfeito estado	Molhada	Perfeito estado	Não existe	Outras	""	Única	Faixa seccionada	""	""
1027	2021-06-15T00:00:00	11:05:00	COM VÍTIMA	FINALIZADA	BEBERIBE	AV BEBERIBE	1796	RUA ZEFERINO AGRA	AO LADO OFICINA SAO MARCOS	BEBERIBE	""	CIDADE	COLISÃO FRONTAL	1	1	0	0	0	0	0	0	0	1	0	Longo da via	Bom	Não existe	Perfeito estado	Seca	Perfeito estado	Faixa de pedestre	Não há placas	60 km/h	Dupla	Faixa contínua	""	""
1028	2021-06-15T00:00:00	11:07:00	COM VÍTIMA	FINALIZADA	CAMPO GRANDE	AV PROFESSOR JOSE DOS ANJOS	36	""	SENT. OLINDA, EM FRENTE AO SUPERMERCADO BOA FEIRA	CAMPO GRANDE	""	""	COLISÃO TRASEIRA	1	1	0	0	0	0	0	0	0	1	0	Longo da via	Bom	Não existe	Perfeito estado	Seca	Perfeito estado	Não existe	Não há placas	""	Única	Faixa seccionada	""	""
1029	2021-06-15T00:00:00	11:14:00	COM VÍTIMA	FINALIZADA	SAN MARTIN	RUA CLOTILDE DE OLIVEIRA	""	""	PROX. DO GERTULIO VARGAS	SAN MARTIN	""	CIDADE	COLISÃO FRONTAL	1	1	0	0	0	0	0	0	0	1	0	Cruzamento	Bom	Sem defeito	Ilegível	Seca	Mal conservada	Faixa de pedestre	R-6a	""	Dupla	Faixa contínua	""	""
1030	2021-06-15T00:00:00	12:17:00	COM VÍTIMA	FINALIZADA	BOA VIAGEM	RUA BALTAZAR PASSOS	""	RUA ALMIRANTE BATISTA LEAO	AO LADO DO COLEGIO MADRE DE DEUS  E/F AO BAR DO LUIZ	BOA VIAGEM	""	""	COLISÃO LATERAL	1	1	0	0	0	0	0	0	0	1	0	Cruzamento	Bom	Não existe	Incompleta	Seca	Perfeito estado	Não existe	"Placas ""Pare"""	""	Única	Faixa seccionada	""	""
1031	2021-06-15T00:00:00	13:36:00	COM VÍTIMA	FINALIZADA	ESPINHEIRO	RUA DA HORA	628	""	APÓS O BRADESCO	ESPINHEIRO	""	""	COLISÃO COM CICLISTA	1	0	0	1	0	0	0	0	0	1	0	Longo da via	Bom	Não existe	Perfeito estado	Seca	Perfeito estado	Outros	Não há placas	""	Única	Não existe	""	""
1032	2021-06-15T00:00:00	15:32:00	COM VÍTIMA	CANCELADA	CASA AMARELA	AV DR EURICO CHAVES	957	""	PRÓX À PADARIA MANDACARU	CASA AMARELA	""	""	COLISÃO LATERAL	2	1	0	0	0	0	0	0	0	1	0	""	""	""	""	""	""	""	""	""	""	""	""	""
1033	2021-06-15T00:00:00	16:22:00	COM VÍTIMA	FINALIZADA	MACAXEIRA	RUA TEREZA CARNEIRO	115	""	PROXIMO A QUITANDA DO DINHO	MACAXEIRA	""	SUBURBIO	COLISÃO LATERAL	0	1	0	0	0	0	0	1	0	2	0	Longo da via	Chuvoso	Não existe	Não existente	Molhada	Mal conservada	Não existe	Não há placas	""	Dupla	Não existe	""	""
1034	2021-06-15T00:00:00	18:28:00	SEM VÍTIMA	CANCELADA	BEBERIBE	RUA URIEL DE HOLANDA	160	""	ENTRADA DE DOIS UNIDOS. APÓS A PRAÇA DA CONVENÇÃO	BEBERIBE	""	""	APOIO COMPESA	0	0	0	0	0	0	0	0	0	0	0	""	""	""	""	""	""	""	""	""	""	""	""	""
1035	2021-06-16T00:00:00	12:38:00	COM VÍTIMA	FINALIZADA	BOA VIAGEM	RUA DEZ DE JULHO	481	RUA CAMBOIM	AO LADO DA MAISON CHRISTAL RECEPÇÕES	BOA VIAGEM	""	CIDADE	COLISÃO LATERAL	1	1	0	0	0	0	0	0	0	1	0	Cruzamento	Bom	Não existe	Perfeito estado	Seca	Perfeito estado	Faixa de pedestre	"Placas ""Pare"""	30 km/h	Única	Faixa contínua	Faixa seccionada	""
1036	2021-06-16T00:00:00	15:45:00	COM VÍTIMA	FINALIZADA	ENCRUZILHADA	RUA CASTRO ALVES	767	""	PRÓX À CHURRASCARIA LEITÃO	ENCRUZILHADA	377	SUBURBIO	COLISÃO LATERAL	1	1	0	0	0	0	0	0	0	1	0	Longo da via	Bom	Sem defeito	Perfeito estado	Seca	Perfeito estado	Faixa de pedestre	Outras	""	Única	Faixa contínua	Faixa seccionada	""
1037	2021-06-16T00:00:00	16:10:00	COM VÍTIMA	FINALIZADA	BEBERIBE	PRC DA CONVENCAO	4592	""	E/F AIGREJA BATISTA  E O MAGAZINE LUIZA	BEBERIBE	""	SUBURBIO	ATROPELAMENTO DE PESSOA	0	1	0	0	1	0	0	0	0	2	0	Longo da via	Bom	Sem defeito	Perfeito estado	Seca	Perfeito estado	Outros	Não há placas	""	Dupla	Faixa contínua	Faixa seccionada	""
1038	2021-06-16T00:00:00	17:59:00	COM VÍTIMA	FINALIZADA	AREIAS	AV DR JOSE RUFINO	""	""	E/F AO CT DA HONDA	AREIAS	""	SUBURBIO	COLISÃO FRONTAL	0	2	0	0	0	0	0	0	0	1	0	Longo da via	Bom	Não existe	Perfeito estado	Seca	Perfeito estado	Não existe	Não há placas	""	Dupla	Faixa contínua	""	""
1039	2021-06-17T00:00:00	18:38:00	SEM VÍTIMA	FINALIZADA	MADALENA	AV BEIRA RIO	591	""	E/F AO EDF SOBRADO DO CAPIBARIBE	MADALENA	""	""	COLISÃO LATERAL	3	0	0	0	0	0	0	0	0	0	0	""	""	""	""	""	""	""	""	""	""	""	""	""
1040	2021-06-17T00:00:00	19:07:00	COM VÍTIMA	FINALIZADA	SANTO AMARO	AV MARIO MELO	""	AV CRUZ CABUGA	SEMÁFORO 171 / SNT SUB-CID	SANTO AMARO	171	CIDADE	COLISÃO FRONTAL	0	1	0	0	0	1	0	0	0	1	0	Cruzamento	Bom	Sem defeito	Perfeito estado	Seca	Perfeito estado	Outros	R-4a	""	Dupla	Faixa contínua	""	""
1041	2021-06-17T00:00:00	19:24:00	COM VÍTIMA	FINALIZADA	VÁRZEA	RUA ENGENHEIRO VASCONCELOS BITTENCOURT	330	RUA ABATIA	E/F A PRC DO CAXITO	VÁRZEA	""	SUBURBIO	ATROPELAMENTO DE PESSOA	0	1	0	0	1	0	0	0	0	1	0	Longo da via	Bom	Não existe	Não existente	Seca	Perfeito estado	Não existe	Não há placas	30 km/h	Dupla	Não existe	""	""
1042	2021-06-17T00:00:00	20:41:40	SEM VÍTIMA	FINALIZADA	BOA VIAGEM	RUA CORONEL ANIZIO RODRIGUES COELHO	678	""	E/F AO EDF CASTELO DE VAN GOGH / PRÓX A IGREJA NOSSA SENHORA DE FATIMA	BOA VIAGEM	""	""	ENGAVETAMENTO	3	0	0	0	0	0	0	0	0	0	0	""	""	""	""	""	""	""	""	""	""	""	""	""
1043	2021-06-17T00:00:00	21:00:40	COM VÍTIMA	FINALIZADA	BOA VIAGEM	RUA GENERAL SALGADO	820	RUA COSMORAMA	NO CRUZAMENTO MESMO	BOA VIAGEM	""	SUBURBIO	COLISÃO LATERAL	1	1	0	0	0	0	0	0	0	1	0	Cruzamento	Chuvoso	Não existe	Perfeito estado	Molhada	Perfeito estado	Não existe	"Placas ""Pare"""	40 km/h	Dupla	""	""	""
1044	2021-06-17T00:00:00	21:01:40	SEM VÍTIMA	FINALIZADA	ARRUDA	RUA DO MACHADO	886	""	PRÓX AO EMPORIO DA CERVEJA	ARRUDA	""	""	COLISÃO LATERAL	1	0	0	0	0	0	0	1	0	0	0	""	""	""	""	""	""	""	""	""	""	""	""	""
1045	2021-06-18T00:00:00	03:37:00	SEM VÍTIMA	FINALIZADA	SANTO AMARO	AV GOVERNADOR AGAMENON MAGALHAES	""	""	POSTO BR, SENTIDO OLINDA	SANTO AMARO	378	""	CHOQUE	1	0	0	0	0	0	0	0	0	0	0	""	""	""	""	""	""	""	""	""	""	""	""	""
1046	2021-06-18T00:00:00	19:11:00	SEM VÍTIMA	CANCELADA	JARDIM SÃO PAULO	RUA LEANDRO BARRETO	385	""	E/F A PÁDARIA SABORES DA PRAÇA	JARDIM SÃO PAULO	""	""	COLISÃO TRASEIRA	2	0	0	0	0	0	0	0	0	0	0	""	""	""	""	""	""	""	""	""	""	""	""	""
1047	2021-06-19T00:00:00	08:23:00	COM VÍTIMA	FINALIZADA	CORDEIRO	AV CAXANGA	2900	""	SUPERMERCADO EXTRA	CORDEIRO	""	SUBURBIO	CHOQUE	0	1	0	0	0	0	0	0	0	1	0	Longo da via	Chuvoso	Não existe	Perfeito estado	Molhada	Perfeito estado	Não existe	Não há placas	""	Dupla	Canteiro central	""	""
1048	2021-06-19T00:00:00	08:50:00	COM VÍTIMA	CANCELADA	MADALENA	RUA JOSE OSORIO	877	""	EM FRENTE A LOJA SEU CARANGO	MADALENA	""	""	COLISÃO TRASEIRA	1	1	0	0	0	0	0	0	0	1	0	""	""	""	""	""	""	""	""	""	""	""	""	""
1049	2021-06-19T00:00:00	13:17:00	COM VÍTIMA	FINALIZADA	CAMPO GRANDE	AV CORREIA DE BRITO	""	""	EM FRENTE A CONSTRUTORA PLINIO CAVALCANTI	CAMPO GRANDE	""	SUBURBIO	COLISÃO FRONTAL	1	1	0	0	0	0	0	0	0	1	0	Longo da via	Bom	Não existe	Não existente	Seca	Perfeito estado	Não existe	Não há placas	""	Dupla	Não existe	""	""
1050	2021-06-19T00:00:00	16:33:00	SEM VÍTIMA	FINALIZADA	IPSEP	AV RECIFE	""	""	LADO OPOSTO AO POSTO DE COMBUSTIVEIS FEDERAL	IPSEP	""	SUBURBIO	CAPOTAMENTO	1	0	0	0	0	0	0	0	0	0	0	Longo da via	Chuvoso	Não existe	Perfeito estado	Molhada	Perfeito estado	Não existe	Não há placas	""	Dupla	Faixa contínua	Faixa seccionada	Canteiro central
1051	2021-06-19T00:00:00	17:09:00	COM VÍTIMA	FINALIZADA	SÃO JOSÉ	RUA IMPERIAL	""	RUA BOM SUCESSO	APOS O COLEGIO JOAQUIM NABUCO  VT  01  ESTA NO LOCAL AGUARDANDO A VT 22	SÃO JOSÉ	""	AFOGADOS	COLISÃO LATERAL	1	1	0	0	0	0	0	0	0	1	0	Cruzamento	Chuvoso	Não existe	Incompleta	Molhada	Perfeito estado	Não existe	Outras	40 km/h	Única	Não existe	""	""
1052	2021-06-19T00:00:00	17:49:00	SEM VÍTIMA	FINALIZADA	BAIRRO DO RECIFE	AV RIO BRANCO	""	""	APOS A POLICIA FEDERAL	BAIRRO DO RECIFE	19	""	""	1	0	0	0	0	0	0	1	0	0	0	Longo da via	Bom	Sem defeito	Perfeito estado	Molhada	Perfeito estado	Faixa de pedestre	R-6c	""	Dupla	Faixa contínua	Faixa seccionada	""
1053	2021-06-19T00:00:00	21:06:40	SEM VÍTIMA	CANCELADA	IPUTINGA	EST DO BARBALHO	1365	""	EM FRENTE A GRANJA DE BIRA	IPUTINGA	""	""	COLISÃO LATERAL	4	0	0	0	0	0	0	0	0	0	0	""	""	""	""	""	""	""	""	""	""	""	""	""
1054	2021-06-19T00:00:00	22:49:40	COM VÍTIMA	FINALIZADA	BOA VIAGEM	RUA HENRIQUE CAPITULINO	143	AV CONSELHEIRO AGUIAR	COM A  AV  CONS AGUIAR	BOA VIAGEM	143	CIDADE	COLISÃO FRONTAL	1	1	0	0	0	0	0	0	0	1	0	Cruzamento	Chuvoso	Sem defeito	Perfeito estado	Molhada	Perfeito estado	Faixa de pedestre	Outras	""	Única	Faixa seccionada	""	""
1055	2021-06-21T00:00:00	07:11:00	COM VÍTIMA	CANCELADA	IPUTINGA	RUA BARAO DE ITAPISSUMA	""	""	PROX AO POSTO DE GASOLINA ECOPOSTO /  ESQ COM A IGREJA PRIMEIRA BATISTA DA IPUTINGA	IPUTINGA	""	""	COLISÃO TRASEIRA	1	1	0	0	0	0	0	0	0	1	0	""	""	""	""	""	""	""	""	""	""	""	""	""
1056	2021-06-21T00:00:00	12:39:00	SEM VÍTIMA	FINALIZADA	ENCRUZILHADA	RUA DONA ELVIRA	194	RUA FREDERICO	PROX A CONFRARIA DO MAR	ENCRUZILHADA	""	""	COLISÃO LATERAL	2	0	0	0	0	0	0	0	0	0	0	""	""	""	""	""	""	""	""	""	""	""	""	""
1057	2021-06-21T00:00:00	12:44:00	COM VÍTIMA	FINALIZADA	PORTO DA MADEIRA	AV BEBERIBE	4333	""	POSTO SINIVI	PORTO DA MADEIRA	""	CIDADE	ATROPELAMENTO DE PESSOA	0	1	0	0	1	0	0	0	0	1	0	Longo da via	Bom	Não existe	Perfeito estado	Seca	Mal conservada	Não existe	Não há placas	""	Dupla	Faixa contínua	""	""
1058	2021-06-21T00:00:00	13:23:00	COM VÍTIMA	FINALIZADA	CASA AMARELA	AV NORTE	""	""	EM FRENTE À PRAÇA DO TRABALHO	CASA AMARELA	676	SUBURBIO	COLISÃO LATERAL	0	1	0	0	0	2	0	0	0	2	0	Longo da via	Bom	Sem defeito	Perfeito estado	Seca	Perfeito estado	Faixa de pedestre	Não há placas	60 km/h	Dupla	Canteiro central	""	""
1059	2021-06-21T00:00:00	14:08:00	SEM VÍTIMA	FINALIZADA	SANTO AMARO	AV DR JAYME DA FONTE	""	""	E/F AO CAMPO DO ONZE	SANTO AMARO	""	""	COLISÃO TRASEIRA	2	0	0	0	0	0	0	0	0	0	0	""	""	""	""	""	""	""	""	""	""	""	""	""
1060	2021-06-21T00:00:00	20:46:40	SEM VÍTIMA	FINALIZADA	GRAÇAS	AV CONS ROSA E SILVA	""	RUA AMELIA	CRUZAMENTO	GRAÇAS	46	""	COLISÃO LATERAL	1	0	1	0	0	0	0	0	0	0	0	""	""	""	""	""	""	""	""	""	""	""	""	""
1061	2021-06-21T00:00:00	22:20:40	COM VÍTIMA	CANCELADA	CASA FORTE	AV DEZESSETE DE AGOSTO	""	RUA PIAUI	PRÓX AO MUSEU DO HOMEM DO NORDESTE / SEMÁFORO 251	CASA FORTE	""	""	COLISÃO LATERAL	1	1	0	0	0	0	0	0	0	1	0	""	""	""	""	""	""	""	""	""	""	""	""	""
1062	2021-06-22T00:00:00	07:32:00	COM VÍTIMA	FINALIZADA	SANTO AMARO	RUA PEDRO AFONSO	""	RUA TREZE DE MAIO	SER EDUCACIONAL E SESC/ IML	SANTO AMARO	427	CIDADE	COLISÃO TRANSVERSAL	1	1	0	0	0	0	0	0	0	1	0	""	""	""	""	""	""	""	""	""	""	""	""	""
1063	2021-06-22T00:00:00	08:30:00	COM VÍTIMA	FINALIZADA	APIPUCOS	RUA DE APIPUCOS	355	""	EDIF. ARQUIPELAGO DOS AÇORES.	APIPUCOS	""	CIDADE	QUEDA	0	1	0	0	0	0	0	0	0	2	0	""	""	""	""	""	""	""	""	""	""	""	""	""
1064	2021-06-22T00:00:00	08:32:00	COM VÍTIMA	FINALIZADA	ÁGUA FRIA	AV BEBERIBE	418	RUA PROFESSOR OTAVIO DE FREITAS	""	ÁGUA FRIA	""	SUBURBIO	COLISÃO LATERAL	0	1	0	0	0	1	0	0	0	1	0	Longo da via	Bom	Não existe	""	Seca	""	Outros	Outras	""	Dupla	Faixa contínua	""	""
1065	2021-06-22T00:00:00	09:48:00	COM VÍTIMA	FINALIZADA	BOA VIAGEM	RUA VISCONDE DE JEQUITINHONHA	420	""	LADO OPOSTO À ACADEMIA SELF IT	BOA VIAGEM	433	SUBURBIO	COLISÃO TRASEIRA	3	1	0	0	0	0	0	0	0	1	0	""	""	""	""	""	""	""	""	""	""	""	""	""