_id	data	hora	natureza_acidente	situacao	bairro	endereco	numero	detalhe_endereco_acidente	complemento	bairro_cruzamento	num_semaforo	sentido_via	tipo	auto	moto	ciclom	ciclista	pedestre	onibus	caminhao	viatura	outros	vitimas	vitimasfatais	acidente_verificado	tempo_clima	situacao_semaforo	sinalizacao	condicao_via	conservacao_via	ponto_controle	situacao_placa	velocidade_max_via	mao_direcao	divisao_via1	divisao_via2	divisao_via3
1404	2021-08-13T00:00:00	14:59:00	SEM VÍTIMA	FINALIZADA	BOA VIAGEM	RUA ANTONIO LUMACK DO MONTE	""	""	FERREIRA COSTA	BOA VIAGEM	""	SUBURBIO	""	0	0	0	0	0	0	0	0	0	0	0	""	""	""	""	""	""	""	""	""	""	""	""	""
1405	2021-08-13T00:00:00	16:42:00	COM VÍTIMA	FINALIZADA	CORDEIRO	EST DO FORTE DO ARRAIAL N. DO B. JESUS	477	RUA EURICO DE SOUZA LEAO	E/F ACADEMIA  CIA FIT	CORDEIRO	""	AV CAXANGA	COLISÃO LATERAL	1	1	0	0	0	0	0	0	0	1	0	Cruzamento	Bom	Não existe	Perfeito estado	Seca	""	Não existe	Não há placas	""	Dupla	Não existe	""	""
1406	2021-08-13T00:00:00	19:07:00	COM VÍTIMA	FINALIZADA	SANTO ANTÔNIO	AV SUL	""	""	E/F AO POSTO BR	SANTO ANTÔNIO	311	CIDADE	COLISÃO COM CICLISTA	0	1	0	1	0	0	0	0	0	1	0	Longo da via	Bom	Sem defeito	Perfeito estado	Seca	Perfeito estado	Não existe	Não há placas	""	Dupla	Não existe	""	""
1407	2021-08-13T00:00:00	20:21:00	SEM VÍTIMA	FINALIZADA	IPSEP	RUA ITAJAI	""	RUA JAMAICA	""	IPSEP	""	SUBURBIO	COLISÃO TRANSVERSAL	2	0	0	0	0	0	0	0	0	0	0	Cruzamento	Bom	Não existe	Perfeito estado	Seca	Perfeito estado	Faixa de pedestre	Outras	40 km/h	Única	Faixa contínua	""	""
1408	2021-08-13T00:00:00	22:36:40	SEM VÍTIMA	FINALIZADA	SANTO AMARO	AV CRUZ CABUGA	""	""	EM FRENTE AO SHOPPING TACARUNA	SANTO AMARO	""	SUBURBIO	COLISÃO LATERAL	0	1	0	0	0	0	1	0	0	0	0	""	""	""	""	""	""	""	""	""	""	""	""	""
1409	2021-08-14T00:00:00	09:18:00	COM VÍTIMA	FINALIZADA	SANTO ANTÔNIO	AV MARTINS DE BARROS	""	""	EM FRENTE AO BANCO SANTANDER	SANTO ANTÔNIO	""	SUBURBIO	COLISÃO TRANSVERSAL	1	1	0	0	0	0	0	0	0	1	0	Longo da via	Bom	Não existe	Perfeito estado	Seca	Perfeito estado	""	""	""	""	""	""	""
1410	2021-08-14T00:00:00	15:57:00	COM VÍTIMA	FINALIZADA	IPUTINGA	RUA SAO MATEUS	""	""	EM FRENTE A CENTRAL DE DISTRIBUIÇÃO DOS CORREIOS	IPUTINGA	""	CIDADE	COLISÃO LATERAL	1	1	0	0	0	0	0	0	0	1	0	Longo da via	Bom	Não existe	Perfeito estado	Seca	Perfeito estado	Não existe	Não há placas	""	Dupla	Não existe	""	""
1411	2021-08-14T00:00:00	22:29:40	SEM VÍTIMA	FINALIZADA	ESPINHEIRO	AV JOAO DE BARROS	1187	""	POSTO BR E LOMBADA ELETRÔNICA	ESPINHEIRO	""	SUBURBIO	CHOQUE	2	0	0	0	0	0	0	0	0	0	0	Longo da via	Chuvoso	Não existe	Perfeito estado	Molhada	Perfeito estado	Não existe	Outras	""	Única	Faixa seccionada	""	""
1412	2021-08-15T00:00:00	15:45:00	COM VÍTIMA	FINALIZADA	IPUTINGA	AV MAURICIO DE NASSAU	""	""	DEPOIS DO GOE	IPUTINGA	""	SUBURBIO	CHOQUE	0	1	0	0	0	0	0	0	0	1	0	Longo da via	Bom	Não existe	Perfeito estado	Seca	Perfeito estado	Não existe	Outras	""	Dupla	Faixa contínua	""	""
1413	2021-08-15T00:00:00	17:06:00	COM VÍTIMA	CANCELADA	PRADO	AV ENGENHEIRO ABDIAS DE CARVALHO	1009	""	PROX. AO CORREIOS	PRADO	""	""	COLISÃO FRONTAL	3	0	0	0	0	0	0	0	0	2	0	""	""	""	""	""	""	""	""	""	""	""	""	""
1414	2021-08-15T00:00:00	18:15:00	COM VÍTIMA	FINALIZADA	CASA AMARELA	AV NORTE MIGUEL ARRAES DE ALENCAR	678	""	EM FRENTE A PASSARELA	CASA AMARELA	""	""	COLISÃO LATERAL	1	1	0	0	0	0	0	0	0	1	0	Longo da via	Bom	Não existe	Perfeito estado	Seca	Perfeito estado	Não existe	Não há placas	60 km/h	Dupla	""	""	""
1415	2021-08-16T00:00:00	00:33:00	SEM VÍTIMA	CANCELADA	ESPINHEIRO	RUA CONS PORTELA	536	""	""	ESPINHEIRO	""	""	CHOQUE	2	0	0	0	0	0	0	0	0	0	0	""	""	""	""	""	""	""	""	""	""	""	""	""
1416	2021-08-16T00:00:00	09:00:00	VÍTIMA FATAL	FINALIZADA	MADALENA	AV CAXANGA	1049	RUA FREI TEOFILO DE VIRGOLETTA	E/F A SEMINOVOS LOCALIZA	MADALENA	""	CIDADE	ATROPELAMENTO DE PESSOA	0	0	0	0	1	1	0	0	0	0	1	Longo da via	Bom	Não existe	Perfeito estado	Seca	Perfeito estado	Não existe	Não há placas	60 km/h	Dupla	Canteiro central	""	""
1417	2021-08-16T00:00:00	12:23:00	COM VÍTIMA	FINALIZADA	BONGI	EST DO BONGI	775	""	PRÓXIMO A LANCHONETE BOKA LOKA	BONGI	""	CIDADE	COLISÃO FRONTAL	1	1	0	0	0	0	0	0	0	1	0	Longo da via	Bom	Sem defeito	Perfeito estado	Seca	Perfeito estado	Não existe	Não há placas	30 km/h	Dupla	Faixa seccionada	""	""
1418	2021-08-16T00:00:00	12:29:00	COM VÍTIMA	FINALIZADA	SANTO AMARO	RUA TREZE DE MAIO	""	""	EM FRENTE DA PRAÇA DO CAMPO SANTO	SANTO AMARO	""	SUBURBIO	COLISÃO LATERAL	1	1	0	0	0	0	0	0	0	1	0	Longo da via	Bom	Não existe	Perfeito estado	Seca	Perfeito estado	Não existe	Outras	""	Dupla	Faixa contínua	""	""
1419	2021-08-16T00:00:00	13:51:00	COM VÍTIMA	FINALIZADA	AFOGADOS	RUA MOTOCOLOMBO	184	""	AO LADO DA IGREJA PRESBITERIANA DO LARGO DA PAZ	AFOGADOS	""	SUBURBIO	COLISÃO FRONTAL	1	1	0	0	0	0	0	0	0	1	0	Longo da via	Bom	Não existe	Não existente	Seca	Perfeito estado	Não existe	Não há placas	""	Única	Faixa seccionada	""	""
1420	2021-08-16T00:00:00	15:13:00	COM VÍTIMA	FINALIZADA	DERBY	AV GOVERNADOR AGAMENON MAGALHAES	""	""	SOB O SEMÁFORO N° 75	DERBY	75	SUBURBIO	COLISÃO TRASEIRA	1	1	0	0	0	0	0	0	0	1	0	Cruzamento	Bom	Sem defeito	Perfeito estado	Seca	Perfeito estado	Faixa de pedestre	Outras	60 km/h	Dupla	Canal	""	""
1421	2021-08-16T00:00:00	17:30:00	VÍTIMA FATAL	FINALIZADA	SANTO AMARO	AV GOVERNADOR AGAMENON MAGALHAES	""	""	SOB O VIADUTO DA AVENIDA NORTE	SANTO AMARO	""	SUBURBIO	ATROPELAMENTO DE PESSOA	0	0	0	0	1	1	0	0	0	1	1	Longo da via	Bom	""	Perfeito estado	Seca	""	""	""	""	""	""	""	""
1422	2021-08-16T00:00:00	18:04:00	COM VÍTIMA	FINALIZADA	BOA VIAGEM	RUA BALTAZAR PASSOS	515	RUA JOSE HIPOLITO CARDOSO	E/F AO CAFE SAO BRAZ	BOA VIAGEM	""	""	COLISÃO FRONTAL	1	2	0	0	0	0	0	0	0	1	0	Cruzamento	Bom	Não existe	Perfeito estado	Seca	Perfeito estado	Faixa de pedestre	"Placas ""Pare"""	""	Única	Não existe	""	""
1423	2021-08-16T00:00:00	19:43:00	COM VÍTIMA	FINALIZADA	BOA VIAGEM	AV BOA VIAGEM	452	""	E/F AO EDF MAR DEL PLATA E ORLA	BOA VIAGEM	""	CIDADE	ATROPELAMENTO DE PESSOA	0	1	0	0	1	0	0	0	0	1	0	Longo da via	Bom	Sem defeito	Perfeito estado	Seca	Perfeito estado	""	Outras	50 km/h	Única	""	""	""
1424	2021-08-16T00:00:00	19:53:00	COM VÍTIMA	FINALIZADA	CABANGA	AV ENGENHEIRO JOSE ESTELITA	""	""	EM FRENTE AO GABANGA IATE  CLUBE	CABANGA	""	""	COLISÃO LATERAL	0	0	0	0	0	0	0	0	0	1	0	""	""	""	""	""	""	""	""	""	""	""	""	""
1425	2021-08-16T00:00:00	20:13:00	COM VÍTIMA	FINALIZADA	CAJUEIRO	AV SEBASTIAO SALAZAR	156	""	PRÓX AO BAR DA FAVA E POSTO BRAZ CAJUEIRO	CAJUEIRO	""	""	COLISÃO LATERAL	1	1	0	0	0	0	0	0	0	1	0	Longo da via	Bom	Não existe	Perfeito estado	Seca	Perfeito estado	Não existe	Outras	""	Dupla	Faixa contínua	""	""
1426	2021-08-16T00:00:00	22:38:40	COM VÍTIMA	FINALIZADA	BAIRRO DO RECIFE	AV MARQUES DE OLINDA	""	RUA MADRE DEUS	E/F AOS CORREIOS	BAIRRO DO RECIFE	20	SUBURBIO	COLISÃO LATERAL	1	0	0	0	0	1	0	0	0	1	0	Cruzamento	Chuvoso	Intermitente	Perfeito estado	Molhada	Perfeito estado	Faixa de pedestre	Outras	""	Única	Faixa seccionada	""	""
1427	2021-08-17T00:00:00	00:12:00	COM VÍTIMA	FINALIZADA	DERBY	AV GOVERNADOR AGAMENON MAGALHAES	""	RUA JOAQUIM NABUCO	EM FRENTE AO HOSPITAL DA RESTAURAÇÃO	DERBY	174	SUBURBIO	COLISÃO TRANSVERSAL	0	0	0	0	0	0	0	0	0	1	0	Cruzamento	Bom	Sem defeito	Perfeito estado	Seca	Perfeito estado	Faixa de pedestre	R-6a	50 km/h	Dupla	Canal	""	""
1428	2021-08-17T00:00:00	07:48:00	SEM VÍTIMA	FINALIZADA	ARRUDA	AV BEBERIBE	1020	""	REGIONAL NORTE, APOIO A EMLURB,GEOP, GCUTI	ARRUDA	""	SUBURBIO	""	0	0	0	0	0	0	0	0	0	0	0	""	""	""	""	""	""	""	""	""	""	""	""	""
1429	2021-08-17T00:00:00	10:28:00	SEM VÍTIMA	FINALIZADA	JOANA BEZERRA	AV BEIRA RIO	""	VIADUTO CAPITAO TEMUDO	AO LADO DO FORUM DES RODOLFO AURELIANO	JOANA BEZERRA	38	CIDADE	COLISÃO TRASEIRA	1	0	0	0	0	0	0	1	0	0	0	Longo da via	Bom	Sem defeito	Incompleta	Seca	Perfeito estado	""	R-6a	""	Dupla	Faixa contínua	""	""
1430	2021-08-17T00:00:00	10:24:00	COM VÍTIMA	FINALIZADA	BOA VIAGEM	AV ENGENHEIRO DOMINGOS FERREIRA	""	RUA FELIX DE BRITO E MELO	PROX. A PAPIC PAPELARIA	BOA VIAGEM	545	CIDADE	COLISÃO LATERAL	1	1	0	0	0	0	0	0	0	1	0	Cruzamento	Bom	Sem defeito	Perfeito estado	Seca	Perfeito estado	Faixa de pedestre	""	""	Única	Canteiro central	""	""
1431	2021-08-17T00:00:00	12:15:00	COM VÍTIMA	FINALIZADA	TAMARINEIRA	AV NORTE MIGUEL ARRAES DE ALENCAR	3892	""	EM FRENTE A CANTANHEDE DIESEL	TAMARINEIRA	""	SUBURBIO	ATROPELAMENTO DE PESSOA	0	1	0	0	1	0	0	0	0	1	0	Longo da via	Bom	Não existe	Perfeito estado	Seca	Perfeito estado	Não existe	R-6a	""	Dupla	Faixa seccionada	Canteiro central	""
1432	2021-08-17T00:00:00	13:21:00	COM VÍTIMA	FINALIZADA	BAIRRO DO RECIFE	CAIS DO APOLO	""	""	EM FRENTE A PREFEITURA DO RECIFE	BAIRRO DO RECIFE	436	SUBURBIO	QUEDA	0	1	0	0	0	0	0	0	0	1	0	Longo da via	Chuvoso	Sem defeito	Perfeito estado	Molhada	Perfeito estado	Faixa de pedestre	Outras	""	Única	Faixa seccionada	""	""
1433	2021-08-17T00:00:00	13:55:00	COM VÍTIMA	FINALIZADA	VÁRZEA	AV AFONSO OLINDENSE	""	""	E/F A SECRETARIA DE EDUCAÇAO	VÁRZEA	""	CIDADE	COLISÃO LATERAL	0	1	0	0	0	0	0	1	0	1	0	Longo da via	Chuvoso	Não existe	Perfeito estado	Molhada	Perfeito estado	Não existe	Não há placas	""	Dupla	Faixa contínua	""	""
1434	2021-08-17T00:00:00	15:16:00	COM VÍTIMA	FINALIZADA	ZUMBI	AV CAXANGA	340	""	LADO OPOSTO AO NÚMERO 345	ZUMBI	""	SUBURBIO	COLISÃO COM CICLISTA	0	0	0	1	0	1	0	0	0	1	0	Longo da via	Bom	Não existe	Perfeito estado	Seca	Perfeito estado	Não existe	Não há placas	""	Dupla	Faixa contínua	Faixa seccionada	Canteiro central
1435	2021-08-17T00:00:00	17:29:00	COM VÍTIMA	FINALIZADA	SANTO AMARO	AV PREFEITO ARTUR LIMA CAVALCANTI	""	""	PRÓXIMO A PONTE DO LIMOEIRO	SANTO AMARO	""	SUBURBIO	COLISÃO TRASEIRA	1	1	0	0	0	0	0	0	0	1	0	Longo da via	Bom	Não existe	Perfeito estado	Seca	Perfeito estado	Não existe	Não há placas	40 km/h	""	Faixa seccionada	""	""
1436	2021-08-17T00:00:00	17:50:00	COM VÍTIMA	FINALIZADA	CORDEIRO	RUA GOMES TABORDA	1560	""	PROXIMO AO ATACAREJO IDEAL	CORDEIRO	""	CIDADE	COLISÃO LATERAL	1	1	0	0	0	0	0	0	0	1	0	Longo da via	Bom	Não existe	Incompleta	Seca	Mal iluminada	Não existe	R-6a	""	Dupla	Faixa seccionada	""	""
1437	2021-08-17T00:00:00	18:42:00	COM VÍTIMA	FINALIZADA	BARRO	AV DR JOSE RUFINO	""	RUA PEDRO JOSE VIEIRA	E/F AO PONTO IMPERIO	BARRO	""	DUPLO	COLISÃO FRONTAL	1	1	0	0	0	0	0	0	0	1	0	Cruzamento	Bom	Não existe	Perfeito estado	Seca	Perfeito estado	Não existe	""	""	Dupla	Não existe	""	""
1438	2021-08-17T00:00:00	19:37:00	COM VÍTIMA	FINALIZADA	BOA VIAGEM	AV BOA VIAGEM	1800	RUA FRANCA PEREIRA	PROX AO SEGUNDO JARDIN	BOA VIAGEM	3	CIDADE	COLISÃO TRANSVERSAL	1	1	0	0	0	0	0	0	0	1	0	Longo da via	Bom	Sem defeito	Perfeito estado	Seca	Perfeito estado	Faixa de pedestre	Não há placas	""	Única	Faixa contínua	""	""
1439	2021-08-17T00:00:00	22:44:40	COM VÍTIMA	FINALIZADA	BAIRRO DO RECIFE	AV ALFREDO LISBOA	""	""	E/F AO FORTE DO BRUM	BAIRRO DO RECIFE	""	SUBURBIO	COLISÃO COM CICLISTA	1	0	0	2	0	0	0	0	0	2	0	Longo da via	Bom	Sem defeito	Perfeito estado	Seca	Mal iluminada	Faixa de pedestre	Outras	60 km/h	Única	Faixa seccionada	""	""
1440	2021-08-18T00:00:00	08:29:00	COM VÍTIMA	FINALIZADA	SANTO AMARO	AV PREFEITO ARTUR LIMA CAVALCANTI	""	""	POR TRAS DO PREDIO DA CONTAX, NA CURVA	SANTO AMARO	""	SUBURBIO	QUEDA	0	1	0	0	0	0	0	0	0	1	0	Longo da via	Bom	Não existe	Perfeito estado	Seca	Perfeito estado	Não existe	Não há placas	""	Dupla	Canteiro central	""	""
1441	2021-08-18T00:00:00	09:39:00	SEM VÍTIMA	CANCELADA	ILHA DO RETIRO	EST DOS REMEDIOS	1632	""	PROX. A HYUNDAI	ILHA DO RETIRO	""	""	COLISÃO TRASEIRA	2	0	0	0	0	0	0	0	0	0	0	""	""	""	""	""	""	""	""	""	""	""	""	""
1442	2021-08-18T00:00:00	09:50:00	SEM VÍTIMA	FINALIZADA	ESPINHEIRO	AV GOVERNADOR AGAMENON MAGALHAES	""	RUA BUENOS AYRES	LADO OPOSTO A CAIXA ECONÔMICA FEDERAL	ESPINHEIRO	78	SUBURBIO	""	1	0	0	0	0	0	1	0	0	0	0	Cruzamento	Bom	Sem defeito	Perfeito estado	Seca	Perfeito estado	Faixa de pedestre	Outras	""	Dupla	Canal	""	""
1443	2021-08-18T00:00:00	09:59:00	COM VÍTIMA	FINALIZADA	MADALENA	RUA DEMOCRITO DE SOUZA FILHO	452	RUA PROFESSOR JOSE TORRES PIRES	EM FRENTE A BARBEARIA BELEZA CAFE E MODA	MADALENA	""	SUBURBIO	COLISÃO LATERAL	1	1	0	0	0	0	0	0	0	1	0	Cruzamento	Bom	Não existe	Perfeito estado	Seca	Perfeito estado	Não existe	R-3	""	Única	Não existe	""	""
1444	2021-08-18T00:00:00	10:04:00	SEM VÍTIMA	DUPLICIDADE	BOA VISTA	AV GOVERNADOR AGAMENON MAGALHAES	""	RUA DR LEOPOLDO LINS	EM FRENTE A CAIXA ECONÔMICA, SENTIDO OLINDA	BOA VISTA	""	""	COLISÃO LATERAL	1	0	0	0	0	0	0	1	0	0	0	""	""	""	""	""	""	""	""	""	""	""	""	""
1445	2021-08-18T00:00:00	11:29:00	COM VÍTIMA	FINALIZADA	PAISSANDU	AV GOVERNADOR AGAMENON MAGALHAES	""	""	PROXIMO AO BRADESCO PRIME	PAISSANDU	""	BOA VIAGEM	COLISÃO TRASEIRA	1	1	0	0	0	0	0	0	0	1	0	Longo da via	Bom	Não existe	Não existente	Seca	Perfeito estado	Não existe	Não há placas	60 km/h	Única	Faixa seccionada	""	""
1446	2021-08-18T00:00:00	12:11:00	COM VÍTIMA	FINALIZADA	BOA VIAGEM	AV ENGENHEIRO DOMINGOS FERREIRA	2391	""	EM FRENTE AO EMPRESARIAL SAN MARINO	BOA VIAGEM	""	SUBURBIO	COLISÃO LATERAL	1	1	0	0	0	0	0	0	0	1	0	Longo da via	Bom	Não existe	Perfeito estado	Seca	Perfeito estado	Não existe	Não há placas	""	Dupla	Canteiro central	""	""
1447	2021-08-18T00:00:00	11:55:00	COM VÍTIMA	FINALIZADA	CASA AMARELA	RUA PADRE LEMOS	525	""	AO LADO DA ASSEMBLEIA DE DEUS	CASA AMARELA	369	SUBURBIO	COLISÃO LATERAL	1	1	0	0	0	0	0	0	0	1	0	Longo da via	Bom	Sem defeito	Incompleta	Seca	Mal conservada	Faixa de pedestre	Outras	30 km/h	Dupla	Não existe	""	""
1448	2021-08-19T00:00:00	06:31:00	COM VÍTIMA	FINALIZADA	BOA VISTA	RUA JOSE DE ALENCAR	""	RUA BARAO DE SAO BORJA	HOTEL BOA VISTA	BOA VISTA	""	CIDADE	COLISÃO FRONTAL	1	0	0	0	0	0	0	0	1	1	0	Cruzamento	Chuvoso	Não existe	Perfeito estado	Molhada	Perfeito estado	Faixa de pedestre	Outras	""	Única	Outros	""	""
1449	2021-08-19T00:00:00	07:48:00	COM VÍTIMA	FINALIZADA	BEBERIBE	AV BEBERIBE	2238	""	LOJA KI BIKE	BEBERIBE	""	SUBURBIO	COLISÃO COM CICLISTA	0	0	0	1	0	0	0	0	0	1	0	Longo da via	Nublado	Não existe	Perfeito estado	Molhada	Perfeito estado	Não existe	R-6a	""	Dupla	Faixa seccionada	""	""
1450	2021-08-19T00:00:00	12:59:00	COM VÍTIMA	FINALIZADA	MADALENA	RUA DEMOCRITO DE SOUZA FILHO	418	RUA PROFESSOR JOSE TORRES PIRES	PRÓX À ASSOCIAÇÃO NOSSA SENHORA DO PERPÉTUO SOCORRO	MADALENA	""	CIDADE	COLISÃO FRONTAL	1	0	0	0	0	0	0	0	0	1	0	Cruzamento	Chuvoso	Não existe	Incompleta	Molhada	Perfeito estado	Não existe	Não há placas	""	Única	Não existe	""	""
1451	2021-08-19T00:00:00	15:28:00	SEM VÍTIMA	FINALIZADA	TORRÕES	AV ENGENHEIRO ABDIAS DE CARVALHO	""	EST DO FORTE DO ARRAIAL N. DO B. JESUS	KI XOI GALETOS	TORRÕES	375	SUBURBIO	COLISÃO TRASEIRA	1	0	0	0	0	0	2	0	0	0	0	Longo da via	Chuvoso	Sem defeito	Perfeito estado	Molhada	Perfeito estado	Faixa de pedestre	""	60 km/h	Dupla	Faixa seccionada	Canteiro central	""
1452	2021-08-19T00:00:00	17:54:00	COM VÍTIMA	FINALIZADA	SAN MARTIN	AV GENERAL SAN MARTIN	2455	""	PTOXIMO A ESCOLA ADVENTISTA DE SAN MARTIN	SAN MARTIN	""	NORTE / SUL	COLISÃO FRONTAL	0	2	0	0	0	0	0	0	0	1	0	Longo da via	Bom	Não existe	Perfeito estado	Seca	Perfeito estado	Não existe	Não há placas	40 km/h	Dupla	Faixa contínua	""	""
1453	2021-08-19T00:00:00	18:55:00	COM VÍTIMA	CANCELADA	CASA AMARELA	EST DO ENCANAMENTO	""	RUA DA HARMONIA	NO CRUZAMENTO	CASA AMARELA	435	""	ATROPELAMENTO DE PESSOA	0	1	0	0	1	0	0	0	0	1	0	""	""	""	""	""	""	""	""	""	""	""	""	""
1454	2021-08-19T00:00:00	19:48:00	COM VÍTIMA	FINALIZADA	SANTO AMARO	RUA AURORA	1027	""	PRÓX A TV GLOBO	SANTO AMARO	""	SUBURBIO	ATROPELAMENTO DE ANIMAL	1	0	0	0	0	0	0	0	0	1	0	Longo da via	Bom	Não existe	Perfeito estado	Seca	Perfeito estado	Não existe	Não há placas	""	Dupla	Faixa contínua	Canteiro central	""
1455	2021-08-20T00:00:00	00:49:00	COM VÍTIMA	FINALIZADA	GRAÇAS	RUA ALBERTO PAIVA	222	RUA ANTONIO NOVAIS	APÓS A PIZZARIA HUT	GRAÇAS	""	DUPLO	COLISÃO LATERAL	2	0	0	0	0	0	0	0	0	2	0	Cruzamento	Chuvoso	Sem defeito	Perfeito estado	Molhada	Perfeito estado	Faixa de pedestre	Não há placas	""	Dupla	Não existe	""	""
1456	2021-08-20T00:00:00	08:18:00	COM VÍTIMA	FINALIZADA	CASA AMARELA	AV NORTE MIGUEL ARRAES DE ALENCAR	5841	""	EM FRENTE A RETIFICA PADRÃO, SENT. CIDADE	CASA AMARELA	95	CIDADE	COLISÃO TRASEIRA	1	1	0	0	0	0	0	0	0	1	0	Longo da via	Chuvoso	Sem defeito	Perfeito estado	Molhada	Perfeito estado	Faixa de pedestre	Outras	60 km/h	Dupla	Canteiro central	""	""
1457	2021-08-20T00:00:00	10:11:00	COM VÍTIMA	FINALIZADA	CASA AMARELA	COR DO BARTOLOMEU	376	""	E/F CENTRO SOCIAL DOS SERVIDORES DO RECIFE	CASA AMARELA	""	SUBURBIO	COLISÃO TRANSVERSAL	0	2	0	0	0	0	0	0	0	2	0	Longo da via	Chuvoso	Não existe	Perfeito estado	Molhada	Perfeito estado	Não existe	R-6a	30 km/h	Dupla	Faixa seccionada	""	""
1458	2021-08-20T00:00:00	11:24:00	COM VÍTIMA	FINALIZADA	SANTO AMARO	AV CRUZ CABUGA	""	RUA FREI CASSIMIRO	""	SANTO AMARO	""	SUBURBIO	COLISÃO TRASEIRA	0	1	0	0	0	0	1	0	0	1	0	Cruzamento	Chuvoso	Não existe	Perfeito estado	Seca	Perfeito estado	Não existe	R-6a	""	Dupla	Faixa contínua	""	""
1459	2021-08-20T00:00:00	16:31:00	COM VÍTIMA	FINALIZADA	MADALENA	RUA REAL DA TORRE	682	RUA DES LUIZ SALAZAR	PROX AO MERCADO DA MADALENA  VT 08 NO LOCAL	MADALENA	""	SUBURBIO	COLISÃO LATERAL	2	0	0	0	0	0	0	0	0	1	0	Longo da via	Chuvoso	Não existe	Perfeito estado	Molhada	Perfeito estado	Não existe	Não há placas	60 km/h	Única	Não existe	""	""
1460	2021-08-21T00:00:00	00:03:00	COM VÍTIMA	FINALIZADA	JARDIM SÃO PAULO	AV LIBERDADE	""	""	APOS AO N° 125, SOBRE O VIADUTO	JARDIM SÃO PAULO	""	CIDADE	COLISÃO FRONTAL	1	1	0	0	0	0	0	0	0	1	0	Longo da via	Bom	Não existe	""	Seca	Perfeito estado	Não existe	Não há placas	60 km/h	Dupla	Faixa contínua	""	""
1461	2021-08-21T00:00:00	11:19:00	COM VÍTIMA	FINALIZADA	BEBERIBE	RUA ARAO BOTLER	3370	""	EM FRENTE A GALERIA DO TERRAÇO	BEBERIBE	""	SUBURBIO	COLISÃO LATERAL	1	1	0	0	0	0	0	0	0	2	0	Longo da via	Bom	""	Perfeito estado	Seca	Perfeito estado	Não existe	Não há placas	""	Única	Não existe	""	""
1462	2021-08-21T00:00:00	15:08:00	COM VÍTIMA	FINALIZADA	ILHA DO RETIRO	RUA SPORT CLUBE DO RECIFE	""	""	EM FRENTE A SEDE SPORT CLUB DO REIFE	ILHA DO RETIRO	367	CIDADE	COLISÃO TRASEIRA	1	1	0	0	0	0	0	0	0	1	0	Longo da via	Bom	Sem defeito	Perfeito estado	Seca	Perfeito estado	""	Não há placas	""	Dupla	Faixa contínua	Canteiro central	""
1463	2021-08-21T00:00:00	17:02:00	COM VÍTIMA	CANCELADA	IMBIRIBEIRA	AV MARECHAL MASCARENHAS DE MORAES	""	""	VIADUTO DA MASCARENHAS DE MORAES / AEROPORTO / SENTIDO RECIFE.	IMBIRIBEIRA	""	""	COLISÃO LATERAL	1	1	0	0	0	0	0	0	0	1	0	""	""	""	""	""	""	""	""	""	""	""	""	""
1464	2021-08-21T00:00:00	17:02:00	COM VÍTIMA	FINALIZADA	BOA VIAGEM	AV ENGENHEIRO DOMINGOS FERREIRA	""	RUA PROFESSOR JOSE BRANDAO	ENFRENTE A FARMACIA INDEPENDENTE	BOA VIAGEM	550	SUBURBIO	ENGAVETAMENTO	3	0	0	0	0	0	0	0	0	1	0	Longo da via	Bom	Sem defeito	Perfeito estado	Seca	Perfeito estado	Faixa de pedestre	Outras	""	Única	Faixa contínua	""	""
1465	2021-08-21T00:00:00	17:10:00	COM VÍTIMA	FINALIZADA	JORDÃO	AV MARIA IRENE	""	RUA CRISTALIA	ESQUINA DO MERCADINHO EVA RAÇOES	JORDÃO	""	CIDADE	COLISÃO LATERAL	1	1	0	0	0	0	0	0	0	1	0	Longo da via	Bom	Não existe	Perfeito estado	Seca	Perfeito estado	Não existe	Não há placas	40 km/h	Dupla	""	""	""
1466	2021-08-21T00:00:00	22:36:40	COM VÍTIMA	FINALIZADA	MACAXEIRA	RUA MARIA CANDIDA	""	AV NORTE MIGUEL ARRAES DE ALENCAR	PARQUE IRANO DA MACAXEIRA	MACAXEIRA	""	SUBURBIO	COLISÃO LATERAL	1	1	0	0	0	0	0	0	0	1	0	Cruzamento	Chuvoso	Sem defeito	Perfeito estado	Seca	Perfeito estado	Faixa de pedestre	Outras	""	Dupla	Faixa seccionada	""	""
1467	2021-08-22T00:00:00	13:02:00	COM VÍTIMA	FINALIZADA	ILHA JOANA BEZERRA	VDO PAPA JOAO PAULO II	""	""	SOB O VIADUTO	ILHA JOANA BEZERRA	""	RECIFE / OLINDA	COLISÃO LATERAL	0	2	0	0	0	0	0	0	0	1	0	Longo da via	Bom	Não existe	Perfeito estado	Seca	Perfeito estado	Outros	Outras	60 km/h	Dupla	Canteiro central	""	""