_id	data	hora	natureza_acidente	situacao	bairro	endereco	numero	detalhe_endereco_acidente	complemento	bairro_cruzamento	num_semaforo	sentido_via	tipo	auto	moto	ciclom	ciclista	pedestre	onibus	caminhao	viatura	outros	vitimas	vitimasfatais	acidente_verificado	tempo_clima	situacao_semaforo	sinalizacao	condicao_via	conservacao_via	ponto_controle	situacao_placa	velocidade_max_via	mao_direcao	divisao_via1	divisao_via2	divisao_via3
1659	2021-09-20T00:00:00	18:23:00	COM VÍTIMA	FINALIZADA	PAISSANDU	RUA PAISSANDU	567	""	AO LADO DO BRADESCO	PAISSANDU	""	CIDADE	ATROPELAMENTO DE PESSOA	1	0	0	0	1	0	0	0	0	1	0	Longo da via	Bom	Não existe	Perfeito estado	Seca	Perfeito estado	Não existe	Outras	""	Dupla	Canteiro central	""	""
1660	2021-09-21T00:00:00	11:05:00	COM VÍTIMA	FINALIZADA	AREIAS	AV RECIFE	5520	""	LADO OPOSTO AO 5520- T&F DESIGN GESSO	AREIAS	""	SUBURBIO	COLISÃO FRONTAL	0	0	0	0	0	0	0	0	0	1	0	Ponte	Bom	Não existe	Perfeito estado	Seca	Perfeito estado	Não existe	Não há placas	""	Dupla	Canteiro central	""	""
1661	2021-09-21T00:00:00	12:14:00	COM VÍTIMA	FINALIZADA	LINHA DO TIRO	RUA URIEL DE HOLANDA	1096	RUA BARAO DE MURITIBA	EM FRENTE A LAVA JATO	LINHA DO TIRO	""	SUBURBIO	COLISÃO FRONTAL	1	1	0	0	0	0	0	0	0	2	0	Esquina	Bom	Não existe	Perfeito estado	Seca	Perfeito estado	Não existe	Outras	""	Dupla	Não existe	""	""
1662	2021-09-21T00:00:00	13:31:00	COM VÍTIMA	FINALIZADA	SANTO AMARO	AV NORTE MIGUEL ARRAES DE ALENCAR	743	RUA TREZE DE MAIO	""	SANTO AMARO	36	CIDADE	COLISÃO FRONTAL	0	0	0	0	0	0	0	0	0	1	0	Longo da via	Bom	Sem defeito	Perfeito estado	Seca	Perfeito estado	Faixa de pedestre	Não há placas	60 km/h	Dupla	Canteiro central	""	""
1663	2021-09-21T00:00:00	14:31:00	SEM VÍTIMA	FINALIZADA	MADALENA	AV JOSE GONCALVES DE MEDEIROS	107	""	EM FRENTE AO SUPERMERCADO EXTRA	MADALENA	""	""	COLISÃO TRANSVERSAL	1	0	0	0	0	1	0	0	0	0	0	Longo da via	Bom	Não existe	Perfeito estado	Seca	Perfeito estado	Não existe	Não há placas	""	Dupla	""	""	""
1664	2021-09-21T00:00:00	21:43:40	COM VÍTIMA	FINALIZADA	ENCRUZILHADA	AV BEBERIBE	""	""	SOB O SEMÁFORO 186	ENCRUZILHADA	186	SUBURBIO	ATROPELAMENTO DE PESSOA	1	0	0	0	1	0	0	0	0	1	0	Longo da via	Bom	Sem defeito	Perfeito estado	Seca	Perfeito estado	Outros	R-6a	""	Dupla	Faixa contínua	""	""
1665	2021-09-21T00:00:00	21:55:40	COM VÍTIMA	FINALIZADA	BOA VIAGEM	AV CONSELHEIRO AGUIAR	1285	""	EM FRENTE AO IMÓVEL 1177	BOA VIAGEM	""	CIDADE	COLISÃO TRASEIRA	0	1	0	0	0	1	0	0	0	1	0	Longo da via	Bom	Não existe	Perfeito estado	Seca	Perfeito estado	Faixa de pedestre	R-6a	60 km/h	Única	""	""	""
1666	2021-09-22T00:00:00	08:46:00	COM VÍTIMA	FINALIZADA	AFOGADOS	RUA COSME VIANA	""	RUA PADRE TEOFILO TWORZ	E/F A TUPAN	AFOGADOS	503	SUBURBIO	COLISÃO TRANSVERSAL	1	1	0	0	0	0	0	0	0	1	0	Cruzamento	Bom	Sem defeito	Incompleta	Seca	Perfeito estado	Faixa de pedestre	Outras	""	Única	Faixa contínua	Faixa seccionada	""
1667	2021-09-22T00:00:00	12:15:00	COM VÍTIMA	FINALIZADA	CASA AMARELA	AV NORTE MIGUEL ARRAES DE ALENCAR	""	""	SUPERMERCADO MAIS VOCÊ	CASA AMARELA	95	CIDADE	COLISÃO TRASEIRA	2	1	0	0	0	0	0	0	0	1	0	Longo da via	Bom	Sem defeito	Perfeito estado	Seca	Perfeito estado	Faixa de pedestre	Outras	""	Dupla	Faixa seccionada	""	""
1668	2021-09-22T00:00:00	16:13:00	COM VÍTIMA	FINALIZADA	IPSEP	RUA JEAN EMILE FAVRE	1464	""	E/F A DELEGACIA DO IPSEP	IPSEP	70	SUBURBIO	ATROPELAMENTO DE PESSOA	1	0	0	0	2	0	0	0	0	2	0	Cruzamento	Bom	Sem defeito	Perfeito estado	Seca	Perfeito estado	Faixa de pedestre	R-6a	""	Dupla	Faixa contínua	""	""
1669	2021-09-22T00:00:00	20:33:00	COM VÍTIMA	FINALIZADA	BOA VIAGEM	RUA ANTONIO FALCAO	646	""	E/F AO BANCO SANTANDER / E/F AO EDF LUZO	BOA VIAGEM	""	ÚNICO	CHOQUE	2	0	0	0	0	0	0	0	0	1	0	Longo da via	Bom	Não existe	Perfeito estado	Seca	Perfeito estado	Não existe	Não há placas	""	Única	Faixa seccionada	""	""
1670	2021-09-23T00:00:00	07:44:00	COM VÍTIMA	FINALIZADA	MACAXEIRA	AV NORTE MIGUEL ARRAES DE ALENCAR	""	""	PRÓXIMO AO TI MACAXEIRA	MACAXEIRA	""	SUBURBIO	COLISÃO TRANSVERSAL	1	1	0	0	0	0	0	0	0	1	0	Cruzamento	Bom	Não existe	Perfeito estado	Seca	Perfeito estado	Não existe	Não há placas	60 km/h	""	Não existe	""	""
1671	2021-09-23T00:00:00	10:41:00	SEM VÍTIMA	FINALIZADA	BOA VISTA	AV CONDE DA BOA VISTA	1317	RUA GONCALVES MAIA	EM FRENTE AO POSTO SHELL	BOA VISTA	299	CIDADE	COLISÃO TRASEIRA	1	0	0	0	0	0	0	1	0	0	0	Longo da via	Bom	Sem defeito	Perfeito estado	Seca	Perfeito estado	Faixa de pedestre	Não há placas	""	Dupla	Canteiro central	""	""
1672	2021-09-23T00:00:00	12:50:00	COM VÍTIMA	FINALIZADA	IPSEP	RUA IBIPITUBA	335	RUA FRANCISCO BARRETO	EM FRENTE AO ANTIGO 19º BATAHÃO	IPSEP	""	""	COLISÃO TRANSVERSAL	1	1	0	0	0	0	0	0	0	1	0	Cruzamento	Bom	Não existe	Não existente	Seca	Perfeito estado	Não existe	Não há placas	""	Dupla	Não existe	""	""
1673	2021-09-23T00:00:00	17:23:00	COM VÍTIMA	FINALIZADA	PAISSANDU	RUA SPORT CLUBE DO RECIFE	""	""	LADO OPOSTO AO SPORT/ NA DESCIDA DA PONTE/ SENTIDO BR	PAISSANDU	""	SUBURBIO	COLISÃO TRASEIRA	1	1	0	0	0	0	0	0	0	1	0	Longo da via	Bom	Sem defeito	Perfeito estado	Seca	Perfeito estado	Agente	R-26	""	Dupla	Faixa contínua	""	""
1674	2021-09-23T00:00:00	17:41:00	COM VÍTIMA	FINALIZADA	ARRUDA	AV BEBERIBE	1664	""	E/F AO MERCADÃO DO OLEO S/T  SUB	ARRUDA	""	CIDADE	ATROPELAMENTO DE PESSOA	0	1	0	0	1	0	0	0	0	1	0	Longo da via	Bom	Não existe	Perfeito estado	Seca	Perfeito estado	Não existe	Não há placas	""	Dupla	Faixa contínua	""	""
1675	2021-09-23T00:00:00	18:48:00	COM VÍTIMA	FINALIZADA	IMBIRIBEIRA	RUA ARQUITETO LUIZ NUNES	245	""	SEMÁFORO 634	IMBIRIBEIRA	634	CIDADE	COLISÃO TRANSVERSAL	1	1	0	0	0	0	0	0	0	1	0	Cruzamento	Bom	Sem defeito	Perfeito estado	Seca	Perfeito estado	Faixa de pedestre	Não há placas	40 km/h	Dupla	""	""	""
1676	2021-09-23T00:00:00	19:35:00	COM VÍTIMA	FINALIZADA	AFOGADOS	RUA SAO MIGUEL	""	RUA DA PAZ	LADO DA PRAÇA DA PAZ	AFOGADOS	53	SUBURBIO	CHOQUE	0	0	0	0	0	1	0	0	0	1	0	Cruzamento	Bom	Sem defeito	Perfeito estado	Seca	Perfeito estado	Faixa de pedestre	Outras	""	Única	Faixa seccionada	""	""
1677	2021-09-24T00:00:00	08:25:00	COM VÍTIMA	FINALIZADA	APIPUCOS	RUA DE APIPUCOS	1031	RUA CORONEL JOAO BATISTA DO REGO BARROS	CENTRO MÉDICO DE SAÚDE SÃO JOÃO	APIPUCOS	540	""	CHOQUE	1	0	0	0	0	0	0	0	0	1	0	Longo da via	Chuvoso	Sem defeito	Perfeito estado	Molhada	Perfeito estado	Faixa de retenção	Outras	""	Dupla	Faixa contínua	""	""
1678	2021-09-24T00:00:00	10:39:00	COM VÍTIMA	FINALIZADA	MADALENA	RUA BENFICA	""	""	EM FRENTE AO INTERNACIAL	MADALENA	""	CIDADE	COLISÃO COM CICLISTA	1	0	0	1	0	0	0	0	0	1	0	Longo da via	Bom	Não existe	Perfeito estado	Seca	Perfeito estado	Não existe	Não há placas	""	Dupla	Outros	""	""
1679	2021-09-24T00:00:00	16:13:00	SEM VÍTIMA	FINALIZADA	BOA VIAGEM	RUA CAPITAO ZUZINHA	""	RUA VISCONDE DE JEQUITINHONHA	""	BOA VIAGEM	433	CIDADE	COLISÃO TRANSVERSAL	0	0	0	0	0	0	0	1	0	0	0	""	""	""	""	""	""	""	""	""	""	""	""	""
1680	2021-09-24T00:00:00	16:05:00	SEM VÍTIMA	FINALIZADA	BOA VIAGEM	RUA CAPITAO ZUZINHA	""	RUA VISCONDE DE JEQUITINHONHA	ACIDENTE ENTRE DOIS VEÍCULOS SENDO UM VEÍC OFÍCIAL EMLURB	BOA VIAGEM	420	SUBURBIO	COLISÃO TRANSVERSAL	0	0	0	0	0	0	0	0	0	0	0	""	""	""	""	""	""	""	""	""	""	""	""	""
1681	2021-09-24T00:00:00	18:04:00	COM VÍTIMA	FINALIZADA	AREIAS	AV PRESIDENTE DUTRA	91	""	E/F AO SAL E BRASA	AREIAS	""	AEROPORTO INTERNACIONA DO RECIFE	COLISÃO COM CICLISTA	0	1	0	1	0	0	0	0	0	1	0	Longo da via	Bom	Não existe	Perfeito estado	Seca	Perfeito estado	Não existe	Não há placas	""	Dupla	Canteiro central	""	""
1682	2021-09-25T00:00:00	10:25:00	COM VÍTIMA	FINALIZADA	PINA	AVENIDA CELSO FURTADO (VIA MANGUE)	""	""	PRÓXIMO AO 19° B.P.M	PINA	""	CIDADE	QUEDA	0	1	0	0	0	0	0	0	0	1	0	Longo da via	Bom	Não existe	Perfeito estado	Seca	Perfeito estado	Não existe	Não há placas	60 km/h	Dupla	Canteiro central	""	""
1683	2021-09-25T00:00:00	10:49:00	COM VÍTIMA	FINALIZADA	IPUTINGA	AV CAXANGA	3789	""	EM FRENTE AO 17° CARTÓRIO DE REGISTRO CIVIL DA VÁRZEA	IPUTINGA	229	CIDADE	COLISÃO LATERAL	0	2	0	0	0	0	0	0	0	1	0	Longo da via	Bom	Sem defeito	Incompleta	Seca	""	Faixa de pedestre	Não há placas	""	Dupla	Canteiro central	""	""
1684	2021-09-26T00:00:00	11:44:00	COM VÍTIMA	FINALIZADA	BEBERIBE	PRC DA CONVENCAO	""	""	E/F A IGREJA CATOLICA DE BEBERIBE	BEBERIBE	""	""	QUEDA	0	1	0	0	0	0	0	0	0	1	0	""	""	""	""	""	""	""	""	""	""	""	""	""
1685	2021-09-26T00:00:00	16:32:00	COM VÍTIMA	FINALIZADA	GRAÇAS	AV RUI BARBOSA	""	RUA ESMERALDINO BANDEIRA	SOB  O SEMÁROFO  DE NUMERO 126  - RUA CARDEAL  ARCO VERDE ,  REF.  PIZZARIA ATLANTICO	GRAÇAS	126	CIDADE	COLISÃO COM CICLISTA	1	0	0	1	0	0	0	0	0	1	0	Cruzamento	Bom	Sem defeito	Perfeito estado	Seca	Perfeito estado	Faixa de pedestre	Não há placas	""	Única	Não existe	""	""
1686	2021-09-27T00:00:00	01:52:00	SEM VÍTIMA	FINALIZADA	ILHA JOANA BEZERRA	VIADUTO CAPITAO TEMUDO	""	""	EM CIMA DO VIADUTO CAPITAO TEMUDO	ILHA JOANA BEZERRA	""	""	CHOQUE	1	0	0	0	0	0	0	0	0	0	0	""	""	""	""	""	""	""	""	""	""	""	""	""
1687	2021-09-27T00:00:00	06:18:00	COM VÍTIMA	FINALIZADA	PRADO	AV ENGENHEIRO ABDIAS DE CARVALHO	""	RUA SANTA EDWIRGES	PROX A ENGENFRIO	PRADO	354	CIDADE	COLISÃO FRONTAL	1	1	0	0	0	0	0	0	0	1	0	Cruzamento	Bom	Sem defeito	Perfeito estado	Seca	Perfeito estado	Faixa de pedestre	Outras	60 km/h	Dupla	Canteiro central	""	""
1688	2021-09-27T00:00:00	08:40:00	COM VÍTIMA	FINALIZADA	TEJIPIÓ	RUA APRIGIO GUIMARAES	1020	RUA MANDUZINHO	MERCADINHO CUSTODIA	TEJIPIÓ	157	SUBURBIO	QUEDA	0	1	0	0	0	0	0	0	0	1	0	Longo da via	Bom	Sem defeito	Perfeito estado	Seca	Mal conservada	Faixa de pedestre	R-6a	""	Dupla	Faixa contínua	""	""
1689	2021-09-27T00:00:00	14:44:00	COM VÍTIMA	FINALIZADA	TORRÕES	RUA DR MIGUEL VIEIRA FERREIRA	301	RUA CLAUDIO BROTHERHOOD	UPAS LIDER VIDROS	TORRÕES	""	SUBURBIO	COLISÃO TRANSVERSAL	2	0	0	0	0	0	0	0	0	1	0	Cruzamento	Bom	Não existe	Perfeito estado	Seca	Perfeito estado	Faixa de retenção	"Placas ""Pare"""	""	Dupla	Faixa seccionada	""	""
1690	2021-09-27T00:00:00	15:25:00	COM VÍTIMA	CANCELADA	SANTO AMARO	AV GOVERNADOR AGAMENON MAGALHAES	""	""	NA SUBIDA DO VIADUTO AO LADO DO CIRCULO MILITAR S/T OLINDA	SANTO AMARO	""	""	ENGAVETAMENTO	3	0	0	0	0	0	0	0	0	2	0	""	""	""	""	""	""	""	""	""	""	""	""	""
1691	2021-09-27T00:00:00	15:37:00	COM VÍTIMA	FINALIZADA	IMBIRIBEIRA	RUA JOSE DA SILVA LUCENA	241	RUA SARGENTO SILVINO DE MACEDO	EM FRENTE AO NÚMERO 241	IMBIRIBEIRA	""	SUBURBIO	COLISÃO FRONTAL	1	1	0	0	0	0	0	0	0	1	0	Cruzamento	Bom	Não existe	Perfeito estado	Seca	Perfeito estado	Não existe	Não há placas	60 km/h	Dupla	Não existe	""	""
1692	2021-09-27T00:00:00	16:14:00	SEM VÍTIMA	FINALIZADA	CAMPO GRANDE	RUA FRANCISCO BERENGUER	359	""	""	CAMPO GRANDE	""	SUBURBIO	COLISÃO TRASEIRA	2	0	0	0	0	0	0	0	0	0	0	Longo da via	Bom	Não existe	""	Seca	Perfeito estado	Não existe	Não há placas	30 km/h	Dupla	Não existe	""	""
1693	2021-09-27T00:00:00	20:08:00	COM VÍTIMA	FINALIZADA	IBURA	AV DOIS RIOS	""	LAD DA COHAB	AO LADO DA POLICLINA PROFESSOR ARNALDO BASTOS	IBURA	""	SUBURBIO	COLISÃO FRONTAL	1	2	0	0	0	0	0	0	0	2	0	Longo da via	Bom	Não existe	Perfeito estado	Seca	Perfeito estado	Não existe	Não há placas	""	Dupla	Não existe	""	""
1694	2021-09-27T00:00:00	21:53:40	COM VÍTIMA	FINALIZADA	CASA AMARELA	RUA DOIS DE FEVEREIRO	95	""	CENTRO PEDRO CARNEIRO	CASA AMARELA	""	CIDADE	COLISÃO FRONTAL	1	1	0	0	0	0	0	0	0	1	0	Longo da via	Bom	Sem defeito	Ilegível	Seca	Perfeito estado	Não existe	Outras	""	Dupla	Faixa contínua	""	""
1695	2021-09-28T00:00:00	01:09:00	SEM VÍTIMA	FINALIZADA	BAIRRO DO RECIFE	AV MILITAR	""	""	E/F À UNIDADE DA GUARDA PORTUÁRIA - PROXIMO À FABRICA DA PILAR	BAIRRO DO RECIFE	""	""	CHOQUE	1	0	0	0	0	0	0	0	0	0	0	""	""	""	""	""	""	""	""	""	""	""	""	""
1696	2021-09-28T00:00:00	11:53:00	COM VÍTIMA	FINALIZADA	SANTO AMARO	AV CRUZ CABUGA	481	""	EM FRENTE AO N° 481	SANTO AMARO	457	CIDADE	COLISÃO TRANSVERSAL	0	0	0	0	0	2	0	0	0	2	0	Longo da via	Bom	Sem defeito	Perfeito estado	Seca	Perfeito estado	Faixa de pedestre	Outras	""	Dupla	Faixa contínua	""	""
1697	2021-09-28T00:00:00	12:47:00	COM VÍTIMA	FINALIZADA	TAMARINEIRA	RUA CONEGO BARATA	3151	AV NORTE MIGUEL ARRAES DE ALENCAR	EM FRENTE À OFICINA TRI AUTOS	TAMARINEIRA	62	CIDADE	COLISÃO TRASEIRA	0	1	0	0	0	1	0	0	0	1	0	Cruzamento	Bom	Sem defeito	Perfeito estado	Seca	Perfeito estado	Faixa de pedestre	R-6a	""	Dupla	Canteiro central	Faixa seccionada	""
1698	2021-09-28T00:00:00	14:18:00	COM VÍTIMA	FINALIZADA	CASA AMARELA	RUA PADRE LEMOS	391	RUA DR TOME DIAS	NO CENTRO DE CASA AMARELA E/F A IGREJA UNIVERSAL	CASA AMARELA	""	CIDADE	COLISÃO FRONTAL	1	1	0	0	0	0	0	0	0	1	0	Longo da via	Bom	Não existe	Perfeito estado	Seca	Perfeito estado	Faixa de pedestre	"Placas ""Pare"""	""	Dupla	Não existe	""	""
1699	2021-09-28T00:00:00	17:37:00	COM VÍTIMA	FINALIZADA	IMBIRIBEIRA	AV MARECHAL MASCARENHAS DE MORAES	""	RUA JALISCO	EM FRENTE AO GERALDÃO, VEÍCULO ATROPELOU UMA SRA. E FULGOU DO LOCAL DO FATO. PLACA E MARCA MODELO NÃO ANOTADA	IMBIRIBEIRA	290	CIDADE	ATROPELAMENTO DE PESSOA	1	0	0	0	1	0	0	0	0	1	0	Longo da via	Bom	Sem defeito	Perfeito estado	Seca	Perfeito estado	Faixa de pedestre	R-6a	""	Única	Faixa contínua	""	""
1700	2021-09-28T00:00:00	19:57:00	COM VÍTIMA	FINALIZADA	PRADO	AV ENGENHEIRO ABDIAS DE CARVALHO	1949	""	APÓS A ESTACIO  / PROX A FUNASE	PRADO	""	SUBURBIO	ATROPELAMENTO DE ANIMAL	0	1	0	0	0	0	0	0	0	1	0	Longo da via	Bom	Não existe	Perfeito estado	Seca	Perfeito estado	Não existe	Não há placas	""	Dupla	Faixa seccionada	""	""
1701	2021-09-29T00:00:00	00:10:00	SEM VÍTIMA	CANCELADA	ESPINHEIRO	RUA MARQUES DO PARANA	221	""	""	ESPINHEIRO	""	""	COLISÃO FRONTAL	0	0	0	0	0	0	0	0	0	0	0	""	""	""	""	""	""	""	""	""	""	""	""	""
1702	2021-09-29T00:00:00	07:34:00	COM VÍTIMA	FINALIZADA	IPSEP	RUA JEAN EMILE FAVRE	LOJA 1	RUA PAMPULHA	PROX A PRAÇA DA MAURUCEIA	IPSEP	564	SUBURBIO	COLISÃO TRANSVERSAL	1	1	0	0	0	0	0	0	0	1	0	Cruzamento	Bom	Sem defeito	Perfeito estado	Seca	Perfeito estado	Faixa de pedestre	R-26	""	Dupla	Faixa contínua	""	""
1703	2021-09-29T00:00:00	11:22:00	COM VÍTIMA	FINALIZADA	PINA	AV ENGENHEIRO DOMINGOS FERREIRA	604	RUA PEREIRA DA COSTA	E/F AO EMPRESARIAL MARCELO DOBEUX	PINA	142	SUBURBIO	COLISÃO TRASEIRA	1	1	0	0	0	0	0	0	0	1	0	Cruzamento	Bom	Sem defeito	Perfeito estado	Seca	Perfeito estado	Faixa de pedestre	R-4b	""	Dupla	Canteiro central	""	""
1704	2021-09-29T00:00:00	12:34:00	COM VÍTIMA	FINALIZADA	BAIRRO DO RECIFE	AV ALFREDO LISBOA	""	RUA BREJO DA MADRE DE DEUS	POSTO BR	BAIRRO DO RECIFE	477	CIDADE	COLISÃO TRASEIRA	2	1	0	0	0	0	0	0	0	1	0	Longo da via	Bom	Não existe	Perfeito estado	Seca	Perfeito estado	Não existe	R-6a	30 km/h	""	Faixa seccionada	""	""
1705	2021-09-29T00:00:00	12:52:00	SEM VÍTIMA	FINALIZADA	BOA VISTA	RUA DOM BOSCO	1216	""	APÓS O POSTO IPIRANGA	BOA VISTA	""	SUBURBIO	""	1	0	0	0	0	0	0	1	0	0	0	Longo da via	Bom	Não existe	Perfeito estado	Seca	Perfeito estado	Outros	Outras	40 km/h	Única	Faixa seccionada	""	""
1706	2021-09-29T00:00:00	22:45:40	COM VÍTIMA	FINALIZADA	MADALENA	AV CAXANGA	412	""	E/F AO BANCO SANTANDER, SNT SUB	MADALENA	""	SUBURBIO	ATROPELAMENTO DE ANIMAL	0	1	0	0	0	0	0	0	0	1	0	Longo da via	Chuvoso	Sem defeito	Perfeito estado	Molhada	Perfeito estado	Não existe	Não há placas	""	Dupla	Canteiro central	""	""
1707	2021-09-30T00:00:00	03:20:00	COM VÍTIMA	FINALIZADA	BOA VIAGEM	RUA BARAO DE SOUZA LEAO	""	RUA VISCONDE DE JEQUITINHONHA	CRUZAMENTO C/A RUA BARÃO DE SOUZA LEÃO - E/F AO HOSPITAL ALFA	BOA VIAGEM	129	CIDADE	COLISÃO TRANSVERSAL	1	1	0	0	0	0	0	0	0	1	0	Cruzamento	Chuvoso	Sem defeito	Perfeito estado	Molhada	Mal iluminada	Faixa de pedestre	R-6a	""	Única	Faixa contínua	""	""
1708	2021-09-30T00:00:00	03:47:00	SEM VÍTIMA	FINALIZADA	CASA FORTE	AV DEZESSETE DE AGOSTO	""	""	E/F À SAIDA DO SHOPPING PLAZA	CASA FORTE	""	""	COLISÃO TRASEIRA	2	0	0	0	0	0	0	0	0	0	0	""	""	""	""	""	""	""	""	""	""	""	""	""
1709	2021-09-30T00:00:00	07:51:00	COM VÍTIMA	FINALIZADA	GRAÇAS	AV CONS ROSA E SILVA	36	""	E/F AO TRE ANEXO	GRAÇAS	""	CIDADE	COLISÃO FRONTAL	1	1	0	0	0	0	0	0	0	2	0	Longo da via	Bom	Não existe	Perfeito estado	Molhada	Perfeito estado	Não existe	Não há placas	""	Única	Canteiro central	""	""
1710	2021-09-30T00:00:00	08:49:00	COM VÍTIMA	FINALIZADA	BOA VIAGEM	AVENIDA CELSO FURTADO (VIA MANGUE)	""	""	HABTACIONAL ENCANTA MOÇÃ	BOA VIAGEM	""	SUBURBIO	COLISÃO TRASEIRA	1	1	0	0	0	0	0	0	0	1	0	Longo da via	Bom	Não existe	Perfeito estado	Seca	Perfeito estado	Não existe	Não há placas	60 km/h	Única	Faixa seccionada	""	""
1711	2021-09-30T00:00:00	15:00:00	SEM VÍTIMA	FINALIZADA	DOIS IRMÃOS	EST DOS PINTOS	184	""	EM FRENTE A QUITANDA COMPRE MAIS	DOIS IRMÃOS	""	""	COLISÃO LATERAL	2	0	0	0	0	0	0	0	0	0	0	""	""	""	""	""	""	""	""	""	""	""	""	""
1712	2021-09-30T00:00:00	17:59:00	COM VÍTIMA	FINALIZADA	DERBY	RUA JOAQUIM NABUCO	92	""	AO LADO DO HOSPITAL DA RESTAURAÇÃO	DERBY	""	SUBURBIO	""	1	1	0	0	0	0	0	0	0	1	0	Longo da via	Bom	""	Perfeito estado	Seca	Perfeito estado	Não existe	R-6a	""	Única	Faixa seccionada	""	""
1713	2021-09-30T00:00:00	19:00:00	SEM VÍTIMA	FINALIZADA	GRAÇAS	AV GOVERNADOR AGAMENON MAGALHAES	""	AV CONS ROSA E SILVA	EM FRENTE À MC DONALDS	GRAÇAS	""	""	COLISÃO TRANSVERSAL	3	0	0	0	0	0	0	0	0	0	0	""	""	""	""	""	""	""	""	""	""	""	""	""
1714	2021-09-30T00:00:00	21:04:40	COM VÍTIMA	FINALIZADA	TAMARINEIRA	EST VELHA DE AGUA FRIA	655	""	EM FRENTE AO N° 655	TAMARINEIRA	""	CIDADE	COLISÃO TRANSVERSAL	0	0	0	0	0	0	0	0	0	1	0	Longo da via	Bom	Não existe	Perfeito estado	Seca	Perfeito estado	Não existe	Não há placas	""	Dupla	Faixa contínua	""	""
1715	2021-10-01T00:00:00	01:57:00	COM VÍTIMA	FINALIZADA	APIPUCOS	AV DEZESSETE DE AGOSTO	499	""	AO LADO DO MOTEL SENZALA	APIPUCOS	""	CIDADE	CHOQUE	1	0	0	0	0	0	0	0	0	1	0	Longo da via	Bom	Não existe	Perfeito estado	Molhada	Perfeito estado	Não existe	Não há placas	""	Dupla	Faixa contínua	""	""
1716	2021-10-01T00:00:00	02:55:00	SEM VÍTIMA	FINALIZADA	ESPINHEIRO	RUA DA HORA	170	""	RESTAURANTE SINHÁ JOANA	ESPINHEIRO	""	""	COLISÃO LATERAL	2	0	0	0	0	0	0	0	0	0	0	""	""	""	""	""	""	""	""	""	""	""	""	""
1717	2021-10-01T00:00:00	07:31:00	COM VÍTIMA	FINALIZADA	SÃO JOSÉ	AV ENGENHEIRO JOSE ESTELITA	""	""	EM BAIXO DO VIADUTO JOAO PAULO II  / SENT BOA VIAGEM	SÃO JOSÉ	""	SUBURBIO	COLISÃO FRONTAL	1	1	0	0	0	0	0	0	0	1	0	Longo da via	Bom	""	Ilegível	Seca	Perfeito estado	Não existe	Não há placas	""	Única	Faixa seccionada	""	""
1718	2021-10-01T00:00:00	08:37:00	COM VÍTIMA	FINALIZADA	CORDEIRO	AV CAXANGA	1783	""	EM FRENTE A FATAL PNEUS	CORDEIRO	""	CIDADE	ATROPELAMENTO DE PESSOA	1	1	0	0	1	0	0	0	0	2	0	Longo da via	Bom	Sem defeito	Perfeito estado	Seca	Perfeito estado	Não existe	Não há placas	""	Dupla	Canteiro central	Faixa seccionada	""
1719	2021-10-01T00:00:00	12:20:00	COM VÍTIMA	FINALIZADA	AREIAS	AV TAPAJOS	170	""	EM FRENTE AO N° 170	AREIAS	""	SUBURBIO	COLISÃO TRASEIRA	0	1	0	0	0	0	0	0	0	1	0	Longo da via	Bom	Sem defeito	Perfeito estado	Seca	Perfeito estado	""	Outras	""	Dupla	Faixa contínua	""	""
1720	2021-10-01T00:00:00	12:54:00	COM VÍTIMA	FINALIZADA	SANTO AMARO	AV GOVERNADOR AGAMENON MAGALHAES	""	""	SEMÁFORO 465	SANTO AMARO	""	SUBURBIO	COLISÃO FRONTAL	1	1	0	0	0	0	0	0	0	1	0	Longo da via	Bom	Sem defeito	Perfeito estado	Seca	Perfeito estado	""	""	""	""	""	""	""
1721	2021-10-01T00:00:00	15:50:00	COM VÍTIMA	FINALIZADA	SANTO AMARO	AV CRUZ CABUGA	449	RUA DOIS DE JULHO	EM FRENTE AO ARMAZÉM CORAL	SANTO AMARO	""	SUBURBIO	COLISÃO TRANSVERSAL	1	1	0	0	0	0	0	0	0	1	0	Longo da via	Bom	Não existe	Perfeito estado	Seca	Perfeito estado	Outros	Outras	60 km/h	Dupla	Faixa seccionada	""	""
1722	2021-10-01T00:00:00	18:24:00	COM VÍTIMA	FINALIZADA	BONGI	AV ENGENHEIRO ABDIAS DE CARVALHO	""	""	LADO OPOSTO AO POSTO BR	BONGI	""	SUBURBIO	ENGAVETAMENTO	4	0	0	0	0	0	0	0	0	2	0	Longo da via	Bom	Não existe	Perfeito estado	Seca	Perfeito estado	Não existe	Não há placas	60 km/h	Única	Faixa seccionada	""	""