_id	data	hora	natureza_acidente	situacao	bairro	endereco	numero	detalhe_endereco_acidente	complemento	bairro_cruzamento	num_semaforo	sentido_via	tipo	auto	moto	ciclom	ciclista	pedestre	onibus	caminhao	viatura	outros	vitimas	vitimasfatais	acidente_verificado	tempo_clima	situacao_semaforo	sinalizacao	condicao_via	conservacao_via	ponto_controle	situacao_placa	velocidade_max_via	mao_direcao	divisao_via1	divisao_via2	divisao_via3
1723	2021-10-01T00:00:00	19:51:00	COM VÍTIMA	FINALIZADA	IBURA	AV DOIS RIOS	""	""	LADEIRA DA COHAB	IBURA	""	SUBURBIO	COLISÃO TRASEIRA	0	2	0	0	0	0	0	0	0	2	0	Longo da via	Bom	Não existe	Não existente	Seca	Perfeito estado	Não existe	Não há placas	""	Dupla	Faixa contínua	Canteiro central	""
1724	2021-10-02T00:00:00	00:25:00	COM VÍTIMA	FINALIZADA	SÃO JOSÉ	AV SUL	617	""	LADO OPOSTO NÚMERO	SÃO JOSÉ	""	SUBURBIO	COLISÃO FRONTAL	0	1	0	0	0	1	0	0	0	1	0	Longo da via	Chuvoso	Não existe	Perfeito estado	Molhada	Perfeito estado	Não existe	Não há placas	""	Dupla	Faixa contínua	""	""
1725	2021-10-02T00:00:00	02:15:00	SEM VÍTIMA	FINALIZADA	PINA	AVENIDA CELSO FURTADO (VIA MANGUE)	""	""	AO LADO DO ANTIGO AERO CLUBE	PINA	""	SUBURBIO	CHOQUE	1	0	0	0	0	0	0	0	0	0	0	Longo da via	Chuvoso	Não existe	Perfeito estado	Molhada	Perfeito estado	Outros	Outras	""	Dupla	Faixa contínua	""	""
1726	2021-10-02T00:00:00	08:02:00	SEM VÍTIMA	FINALIZADA	CORDEIRO	AV CAXANGA	1049	""	EM FRENTE A SÓ AQUI TEM AUTO PEÇA	CORDEIRO	""	CIDADE	COLISÃO TRASEIRA	2	0	0	0	0	1	0	0	0	0	0	Longo da via	Bom	Não existe	Perfeito estado	Seca	Perfeito estado	Não existe	R-6a	""	Dupla	Faixa seccionada	Canteiro central	""
1727	2021-10-02T00:00:00	10:51:00	COM VÍTIMA	FINALIZADA	LINHA DO TIRO	RUA GUARAJA	73	RUA RIO CORRENTE	EM FRENTE AO N° 73	LINHA DO TIRO	""	S	COLISÃO FRONTAL	1	1	0	0	0	0	0	0	0	1	0	Cruzamento	Bom	Não existe	Perfeito estado	Seca	""	Faixa de pedestre	"Placas ""Pare"""	20 km/h	Dupla	Não existe	""	""
1728	2021-10-02T00:00:00	12:33:00	COM VÍTIMA	FINALIZADA	SANTO ANTÔNIO	AV MARTINS DE BARROS	395	""	ENFRENTE AO ARMAZEM DO CAMPO	SANTO ANTÔNIO	194	""	ATROPELAMENTO DE PESSOA	1	0	0	0	1	0	0	0	0	1	0	Longo da via	Bom	Sem defeito	Perfeito estado	Seca	Perfeito estado	Faixa de pedestre	Outras	40 km/h	Única	Faixa seccionada	""	""
1729	2021-10-02T00:00:00	12:39:00	COM VÍTIMA	FINALIZADA	JORDÃO	AV DONA CARENTINA	""	""	EM FRENTE À ACADEMIA DA CIDADE DO JODÃO BAIXO	JORDÃO	""	""	COLISÃO LATERAL	1	1	0	0	0	0	0	0	0	1	0	""	""	""	""	""	""	""	""	""	""	""	""	""
1730	2021-10-02T00:00:00	16:02:00	COM VÍTIMA	FINALIZADA	IBURA	AV ENGENHO SERRA VERDE	660	""	TONHO FRUTAS	IBURA	""	CIDADE	COLISÃO FRONTAL	1	1	0	0	0	0	0	0	0	1	0	Longo da via	Bom	Não existe	Perfeito estado	Seca	Perfeito estado	Não existe	R-6a	""	Única	Não existe	""	""
1731	2021-10-02T00:00:00	16:46:00	COM VÍTIMA	CANCELADA	CASA AMARELA	EST DO ARRAIAL	""	""	EM FRENTE AO BANCO DO BRASIL	CASA AMARELA	""	""	ATROPELAMENTO DE PESSOA	1	0	0	0	0	0	0	0	0	1	0	""	""	""	""	""	""	""	""	""	""	""	""	""
1732	2021-10-02T00:00:00	17:06:00	COM VÍTIMA	FINALIZADA	DOIS IRMÃOS	RUA MANUEL DE MEDEIROS	165	AV LUIZ ANTONIO DE ARAUJO	BORRACHARIA PNEUS E RODAS	DOIS IRMÃOS	""	""	COLISÃO TRASEIRA	2	0	0	0	0	0	0	0	0	1	0	Longo da via	Bom	Não existe	Não existente	Seca	Mal conservada	Não existe	Outras	""	Dupla	Faixa seccionada	""	""
1733	2021-10-02T00:00:00	17:38:00	VÍTIMA FATAL	FINALIZADA	MADALENA	AV CAXANGA	460	""	EM FRENTE AO CFI COLÉGIO DE FORMÇÃO INTEGRAL	MADALENA	""	SUBURBIO	CHOQUE	0	0	0	0	0	0	0	0	0	2	1	Longo da via	Bom	Não existe	Incompleta	Seca	Perfeito estado	Não existe	Não há placas	60 km/h	Dupla	Faixa contínua	Faixa seccionada	Canteiro central
1734	2021-10-02T00:00:00	20:54:40	COM VÍTIMA	FINALIZADA	COHAB	AV SANTA FE	65	""	LADO OPOSTO A GRÁFICA BARTO INFORMÁTICA	COHAB	""	SUBURBIO	COLISÃO FRONTAL	0	2	0	0	0	0	0	0	0	2	0	Longo da via	Bom	Não existe	Perfeito estado	Seca	Perfeito estado	Não existe	Não há placas	""	Dupla	Faixa seccionada	""	""
1735	2021-10-02T00:00:00	21:42:40	COM VÍTIMA	FINALIZADA	CASA AMARELA	AV NORTE MIGUEL ARRAES DE ALENCAR	6415	""	POLICLINICA PROF BARROS LIMAS	CASA AMARELA	""	CIDADE	COLISÃO TRASEIRA	0	0	0	0	0	0	0	0	0	1	0	Longo da via	Bom	Não existe	Perfeito estado	Seca	Perfeito estado	Não existe	Não há placas	""	Dupla	Faixa seccionada	""	""
1736	2021-10-03T00:00:00	08:32:00	SEM VÍTIMA	FINALIZADA	SANTO ANTÔNIO	PRC DA REPUBLICA	""	""	EM FRENTE AO FORUM DA JUSTIÇA	SANTO ANTÔNIO	""	CIDADE	CHOQUE	1	0	0	0	0	0	0	0	0	0	0	Longo da via	Bom	Sem defeito	Perfeito estado	Seca	Perfeito estado	""	Outras	""	""	Faixa contínua	Outros	""
1737	2021-10-03T00:00:00	15:41:00	COM VÍTIMA	FINALIZADA	NOVA DESCOBERTA	AV VEREADOR OTACILIO AZEVEDO	2745	""	PROXIMO A SEMENTEIRA	NOVA DESCOBERTA	""	SUBURBIO	ATROPELAMENTO DE PESSOA	1	0	0	0	1	0	0	0	0	1	0	Longo da via	Bom	Não existe	Não existente	Seca	Perfeito estado	Não existe	Outras	30 km/h	Dupla	Não existe	""	""
1738	2021-10-03T00:00:00	16:21:00	COM VÍTIMA	CANCELADA	ÁGUA FRIA	AV BEBERIBE	""	RUA DA REGENERACAO	NO SEMAFORO 187	ÁGUA FRIA	""	""	COLISÃO FRONTAL	1	1	0	0	0	0	0	0	0	1	0	""	""	""	""	""	""	""	""	""	""	""	""	""
1739	2021-10-03T00:00:00	20:14:00	COM VÍTIMA	FINALIZADA	IMBIRIBEIRA	AV GENERAL MAC ARTHUR	479	RUA JORGE DE LIMA	SEMÁFORO 402 / PRÓX AO GALETO DO MATUTO	IMBIRIBEIRA	402	""	COLISÃO TRASEIRA	1	1	0	0	0	0	0	0	0	2	0	Cruzamento	Bom	Sem defeito	Perfeito estado	Seca	Perfeito estado	Não existe	Outras	""	Única	Faixa seccionada	""	""
1740	2021-10-03T00:00:00	20:35:40	COM VÍTIMA	FINALIZADA	TAMARINEIRA	AV NORTE MIGUEL ARRAES DE ALENCAR	""	RUA CONEGO BARATA	RUA CONEGO BARATA	TAMARINEIRA	62	SUBURBIO	COLISÃO FRONTAL	2	0	0	0	0	0	0	0	0	1	0	Cruzamento	Bom	Sem defeito	Perfeito estado	Seca	Perfeito estado	Faixa de pedestre	Não há placas	""	Dupla	Faixa seccionada	Faixa seccionada	""
1741	2021-10-04T00:00:00	00:19:00	COM VÍTIMA	FINALIZADA	IBURA	AV DOIS RIOS	""	RUA RIO XINGU	CRUZAMENTO C/A RUA RIO XINGU	IBURA	351	SUBURBIO	COLISÃO TRANSVERSAL	1	1	0	0	0	0	0	0	0	1	0	Longo da via	Bom	Sem defeito	Perfeito estado	Seca	Perfeito estado	Faixa de pedestre	"Placas ""Pare"""	""	Dupla	Faixa contínua	""	""
1742	2021-10-04T00:00:00	08:12:00	COM VÍTIMA	FINALIZADA	VÁRZEA	AV BARAO DE BONITO	616	""	EM FRENTE A MULTYLOG	VÁRZEA	""	CIDADE	COLISÃO TRANSVERSAL	1	1	0	0	0	0	0	0	0	2	0	Longo da via	Bom	Não existe	Ilegível	Seca	Perfeito estado	Não existe	R-6a	30 km/h	Dupla	Não existe	""	""
1743	2021-10-04T00:00:00	08:48:00	SEM VÍTIMA	FINALIZADA	SANTO AMARO	AV GOVERNADOR AGAMENON MAGALHAES	""	""	SEMÁFORO 378	SANTO AMARO	378	SUBURBIO	CHOQUE	1	0	0	0	0	0	0	0	0	0	0	Longo da via	Bom	Sem defeito	Perfeito estado	Seca	Perfeito estado	Não existe	Não há placas	60 km/h	""	Faixa contínua	""	""
1744	2021-10-04T00:00:00	09:16:00	COM VÍTIMA	FINALIZADA	PARNAMIRIM	AV FLOR DE SANTANA	357	""	E/F AO EMPRESARIAL FLOR DE SANTANA	PARNAMIRIM	""	CIDADE	COLISÃO TRANSVERSAL	1	1	0	0	0	0	0	0	0	1	0	Longo da via	Bom	Não existe	Ilegível	Seca	Perfeito estado	Outros	R-6a	""	Dupla	Não existe	""	""
1745	2021-10-04T00:00:00	10:14:00	COM VÍTIMA	FINALIZADA	BOA VIAGEM	RUA COSMORAMA	894	RUA JOSE HIPOLITO CARDOSO	CLUBE SARGENTO DA AERONÁUTICA	BOA VIAGEM	""	SUBURBIO	COLISÃO FRONTAL	1	1	0	0	0	0	0	0	0	1	0	Longo da via	Bom	Não existe	Perfeito estado	Seca	Perfeito estado	Não existe	Não há placas	40 km/h	Dupla	Faixa seccionada	""	""
1746	2021-10-04T00:00:00	10:25:00	COM VÍTIMA	FINALIZADA	BOA VISTA	AV CONDE DA BOA VISTA	357	""	PROX. A CREFISA	BOA VISTA	""	CIDADE	QUEDA	0	1	0	0	0	0	0	0	0	1	0	Longo da via	Bom	Sem defeito	Perfeito estado	Seca	Perfeito estado	Faixa de pedestre	Não há placas	""	Dupla	Canteiro central	""	""
1747	2021-10-04T00:00:00	10:48:00	COM VÍTIMA	FINALIZADA	IPUTINGA	AV MAURICIO DE NASSAU	2075	""	EM FRENTE AO ALTINO VENTURA	IPUTINGA	""	SUBURBIO	COLISÃO TRANSVERSAL	1	1	0	0	0	0	0	0	0	1	0	Longo da via	Bom	Sem defeito	Perfeito estado	Seca	Perfeito estado	Não existe	R-6a	""	Dupla	Faixa contínua	""	""
1748	2021-10-04T00:00:00	12:25:00	SEM VÍTIMA	FINALIZADA	CORDEIRO	AV CAXANGA	1814	""	EM FRENTE AO SUPERMERCADO SOBERANO	CORDEIRO	""	CIDADE	COLISÃO TRASEIRA	1	0	0	0	0	1	0	0	0	0	0	Longo da via	Bom	Sem defeito	Perfeito estado	Seca	Perfeito estado	Outros	Outras	""	Dupla	Canteiro central	""	""
1749	2021-10-04T00:00:00	15:26:00	COM VÍTIMA	FINALIZADA	CORDEIRO	RUA DR MIGUEL VIEIRA FERREIRA	697	RUA CLAUDIO BROTHERHOOD	PRÓX AO DEPÓSITO BETO BEBIDAS	CORDEIRO	""	CIDADE	COLISÃO TRANSVERSAL	0	2	0	0	0	0	0	0	0	1	0	Cruzamento	Bom	Não existe	Incompleta	Seca	Perfeito estado	Não existe	""	""	Dupla	""	""	""
1750	2021-10-04T00:00:00	16:02:00	SEM VÍTIMA	FINALIZADA	GRAÇAS	AV RUI BARBOSA	""	RUA MUNIZ TAVARES	""	GRAÇAS	460	""	CHOQUE	1	0	0	0	0	0	0	0	0	0	0	""	""	""	""	""	""	""	""	""	""	""	""	""
1751	2021-10-04T00:00:00	17:32:00	COM VÍTIMA	FINALIZADA	SANTO AMARO	AV NORTE MIGUEL ARRAES DE ALENCAR	""	RUA DA AURORA	""	SANTO AMARO	243	SUBURBIO	COLISÃO TRANSVERSAL	1	1	0	0	0	0	0	0	0	1	0	Cruzamento	Bom	Sem defeito	Perfeito estado	Seca	Perfeito estado	Faixa de pedestre	Não há placas	""	Dupla	Faixa contínua	""	""
1752	2021-10-04T00:00:00	18:17:00	COM VÍTIMA	FINALIZADA	NOVA DESCOBERTA	RUA ALTO JARDIM PROGRESSO	20	""	PROX A LOTERICA	NOVA DESCOBERTA	""	SUBURBIO	ATROPELAMENTO DE PESSOA	1	0	0	0	1	0	0	0	0	1	0	Longo da via	Bom	Não existe	Não existente	Seca	Perfeito estado	Não existe	Não há placas	""	Dupla	Não existe	""	""
1753	2021-10-05T00:00:00	06:35:00	COM VÍTIMA	FINALIZADA	SANTO ANTÔNIO	RUA DO SOL	""	""	EM FRENTE AO TEATRO SANTA ISABEL	SANTO ANTÔNIO	""	CIDADE	QUEDA	0	1	0	0	0	0	0	0	0	1	0	Outros	Bom	Não existe	Não existente	Oleosa	Perfeito estado	Não existe	Não há placas	30 km/h	Única	Faixa seccionada	""	""
1754	2021-10-05T00:00:00	07:56:00	COM VÍTIMA	FINALIZADA	CASA AMARELA	EST DO ARRAIAL	4784	""	100 METROS APÓS A APAE	CASA AMARELA	""	SUBURBIO	COLISÃO FRONTAL	1	1	0	0	0	0	0	0	0	1	0	Longo da via	Bom	Não existe	Perfeito estado	Seca	Perfeito estado	Não existe	R-4b	""	Única	Faixa seccionada	""	""
1755	2021-10-05T00:00:00	09:36:00	COM VÍTIMA	FINALIZADA	GRAÇAS	RUA JOAQUIM NABUCO	636	RUA GUILHERME PINTO	EM FRENTE A VERDE FRUTE	GRAÇAS	""	SUBURBIO	COLISÃO TRANSVERSAL	1	1	0	0	0	0	0	0	0	2	0	Longo da via	Bom	Não existe	Perfeito estado	Seca	Perfeito estado	Não existe	Outras	40 km/h	Única	Não existe	""	""
1756	2021-10-05T00:00:00	10:19:00	COM VÍTIMA	FINALIZADA	TAMARINEIRA	RUA CONEGO BARATA	3751	AV NORTE MIGUEL ARRAES DE ALENCAR	PROX. A FERREIRA COSTA	TAMARINEIRA	62	CIDADE	COLISÃO FRONTAL	1	1	0	0	0	0	0	0	0	1	0	Cruzamento	Bom	Sem defeito	Perfeito estado	Seca	Perfeito estado	Faixa de pedestre	R-4a	""	Dupla	Faixa contínua	""	""
1757	2021-10-05T00:00:00	12:55:00	COM VÍTIMA	FINALIZADA	AREIAS	AV CAPITAO GREGORIO DE CALDAS	88	RUA CAPITAO FELIPE FERREIRA	AO LADO DO N° 88	AREIAS	""	""	COLISÃO FRONTAL	1	1	0	0	0	0	0	0	0	1	0	Longo da via	Bom	Não existe	Incompleta	Seca	Perfeito estado	Não existe	Não há placas	""	Dupla	Canteiro central	""	""
1758	2021-10-05T00:00:00	17:26:00	COM VÍTIMA	FINALIZADA	CASA AMARELA	AV NORTE MIGUEL ARRAES DE ALENCAR	5050	""	EM FRENTE AO POSTO BR	CASA AMARELA	""	SUBURBIO	ATROPELAMENTO DE PESSOA	0	1	0	0	1	0	0	0	0	1	0	Longo da via	Bom	Não existe	Perfeito estado	Seca	Perfeito estado	Não existe	R-6a	""	Dupla	Faixa seccionada	""	""
1759	2021-10-05T00:00:00	23:15:40	COM VÍTIMA	FINALIZADA	TAMARINEIRA	RUA CONEGO BARATA	""	""	LADO OPOSTO FERREIRA COSTA	TAMARINEIRA	347	SUBURBIO	ATROPELAMENTO DE PESSOA	0	0	0	0	1	0	0	0	0	1	0	Longo da via	Bom	Sem defeito	Perfeito estado	Seca	Perfeito estado	Faixa de pedestre	Outras	""	Dupla	Canteiro central	""	""
1760	2021-10-06T00:00:00	05:00:00	COM VÍTIMA	FINALIZADA	DERBY	AV GOVERNADOR AGAMENON MAGALHAES	422	RUA HENRIQUE DIAS	AMIL N° 422	DERBY	68	CIDADE	COLISÃO TRANSVERSAL	1	0	0	0	0	0	0	0	0	2	0	Cruzamento	Bom	Sem defeito	Perfeito estado	Seca	Perfeito estado	Faixa de pedestre	Outras	""	Única	Faixa seccionada	""	""
1761	2021-10-06T00:00:00	08:58:00	COM VÍTIMA	FINALIZADA	CORDEIRO	AV CAXANGA	1186	RUA SOUZA BANDEIRA	LADO OPOSTO DA DROGASIL	CORDEIRO	236	SUBURBIO	COLISÃO TRASEIRA	0	2	0	0	0	0	0	0	0	2	0	Longo da via	Bom	Sem defeito	Perfeito estado	Seca	Perfeito estado	Outros	Não há placas	""	Única	Faixa contínua	""	""
1762	2021-10-06T00:00:00	09:38:00	COM VÍTIMA	FINALIZADA	CAMPO GRANDE	RUA PRUDENTE DE MORAES	424	RUA MARQUES DE ABRANTES	POSTO REVENDA ULTRA GAZ	CAMPO GRANDE	""	CIDADE	COLISÃO TRANSVERSAL	1	1	0	0	0	0	0	0	0	1	0	Cruzamento	Bom	Não existe	Perfeito estado	Seca	Perfeito estado	Faixa de pedestre	"Placas ""Pare"""	""	Dupla	Faixa seccionada	""	""
1763	2021-10-06T00:00:00	09:53:00	COM VÍTIMA	FINALIZADA	AREIAS	AV DR JOSE RUFINO	1146	RUA ENGENHEIRO ARNALDO LIMA	EM FRENTE O SENAI	AREIAS	508	SUBURBIO	ATROPELAMENTO DE PESSOA	1	0	0	0	1	0	0	0	0	1	0	Longo da via	Bom	Sem defeito	Perfeito estado	Seca	Perfeito estado	Faixa de pedestre	R-6a	""	Dupla	Faixa contínua	""	""
1764	2021-10-06T00:00:00	10:45:00	COM VÍTIMA	FINALIZADA	IPSEP	AV RECIFE	""	""	ENTRADA DO IBURA	IPSEP	""	""	ATROPELAMENTO DE PESSOA	0	1	0	0	1	0	0	0	0	1	0	""	""	""	""	""	""	""	""	""	""	""	""	""
1765	2021-10-06T00:00:00	10:46:00	COM VÍTIMA	FINALIZADA	IPSEP	AV RECIFE	2447	""	LADO OPOSTO	IPSEP	""	SUBURBIO	ATROPELAMENTO DE PESSOA	0	0	0	0	0	0	0	0	0	1	0	Longo da via	Bom	Não existe	Incompleta	Seca	Mal conservada	Não existe	Não há placas	""	Dupla	Canteiro central	""	""
1766	2021-10-06T00:00:00	11:02:00	COM VÍTIMA	FINALIZADA	BOA VIAGEM	AV HERCULANO BANDEIRA	548	""	EM FRENTE AO MARTELINHO DE OURO	BOA VIAGEM	""	SUBURBIO	COLISÃO FRONTAL	1	1	0	0	0	0	0	0	0	1	0	Longo da via	Bom	Não existe	Perfeito estado	Seca	Perfeito estado	Não existe	Não há placas	60 km/h	Única	Faixa seccionada	""	""
1767	2021-10-06T00:00:00	12:27:00	COM VÍTIMA	FINALIZADA	ILHA DO LEITE	PTE JOSE DE BARROS LIMA	S/N	AV GOVERNADOR AGAMENON MAGALHAES	ACIDENTE COM UMA VÍTIMA  ( CICLISTA ) RESULTANTE DE COLISÃO COM O ÔNIBUS BORBOREMA  Nº DE ORDEM 881.   EQUIPE CTTU APOIADA PELA EQUIPE ARGUS.  NO LOCAL.	ILHA DO LEITE	""	SUBURBIO	COLISÃO COM CICLISTA	0	0	0	1	0	1	0	0	0	1	0	Viaduto	Bom	Não existe	Não existente	Seca	Perfeito estado	Não existe	Não há placas	60 km/h	Dupla	Canteiro central	""	""
1768	2021-10-06T00:00:00	15:17:00	COM VÍTIMA	FINALIZADA	BOA VIAGEM	AV ENGENHEIRO DOMINGOS FERREIRA	4430	""	EM FRENTE A DELEGACIA	BOA VIAGEM	""	SUBURBIO	QUEDA	0	1	0	0	0	0	0	0	0	1	0	Longo da via	Bom	Não existe	Perfeito estado	Seca	Perfeito estado	Não existe	Não há placas	60 km/h	Única	Faixa seccionada	""	""
1769	2021-10-06T00:00:00	15:20:00	SEM VÍTIMA	FINALIZADA	CASA FORTE	AV DEZESSETE DE AGOSTO	1991	""	EM FRENTE AO Nº 1791	CASA FORTE	""	CIDADE	COLISÃO TRASEIRA	1	0	0	0	0	0	0	1	0	0	0	Longo da via	Chuvoso	Não existe	Perfeito estado	Molhada	Perfeito estado	Outros	Outras	""	Dupla	Faixa contínua	""	""
1770	2021-10-06T00:00:00	16:57:00	COM VÍTIMA	FINALIZADA	BOA VIAGEM	AV CONSELHEIRO AGUIAR	""	RUA ARTUR MUNIZ	SEMÁFORO 5	BOA VIAGEM	5	CIDADE	COLISÃO FRONTAL	1	1	0	0	0	0	0	0	0	1	0	Cruzamento	Bom	Sem defeito	Perfeito estado	Seca	Perfeito estado	Faixa de pedestre	Não há placas	""	Única	Faixa seccionada	""	""
1771	2021-10-06T00:00:00	18:00:00	COM VÍTIMA	FINALIZADA	MACAXEIRA	AV NORTE MIGUEL ARRAES DE ALENCAR	""	""	NA ENTRADA DO TERMINAL DA MACAXEIRA	MACAXEIRA	""	SUBURBIO	COLISÃO FRONTAL	0	1	0	0	0	1	0	0	0	1	0	Longo da via	Bom	Não existe	Não existente	Seca	Perfeito estado	Não existe	Não há placas	""	Única	Não existe	""	""
1772	2021-10-06T00:00:00	18:52:00	SEM VÍTIMA	FINALIZADA	BOA VISTA	RUA DO HOSPICIO	120	""	TEATRO DO PARQUE	BOA VISTA	""	SUBURBIO	""	0	0	0	0	0	1	0	1	0	0	0	Longo da via	Bom	Não existe	Não existente	Seca	Perfeito estado	Não existe	Não há placas	""	Única	Faixa seccionada	""	""
1773	2021-10-06T00:00:00	21:44:40	COM VÍTIMA	FINALIZADA	PINA	AV ANTONIO DE GOES	""	""	SEMÁFORO 103	PINA	103	CIDADE	COLISÃO TRANSVERSAL	1	1	0	0	0	0	0	0	0	1	0	Cruzamento	Bom	Sem defeito	Perfeito estado	Seca	Perfeito estado	Faixa de pedestre	""	""	Dupla	Faixa contínua	Faixa seccionada	Canteiro central
1774	2021-10-07T00:00:00	07:24:00	COM VÍTIMA	FINALIZADA	CAMPO GRANDE	RUA MARQUES DE ABRANTES	127	RUA BARAO DE VERA CRUZ	PROX. A RESTAURANTE VENTURA	CAMPO GRANDE	""	""	COLISÃO LATERAL	2	0	0	0	0	0	0	0	0	1	0	Cruzamento	Bom	Não existe	Não existente	Seca	Perfeito estado	Não existe	Não há placas	""	Única	Não existe	""	""
1775	2021-10-07T00:00:00	09:30:00	COM VÍTIMA	FINALIZADA	ÁGUA FRIA	RUA SAO SEBASTIAO	352	""	EM FRENTE A IGREJA ADVENTISTA	ÁGUA FRIA	""	BOMBA DO HEMITERIO	COLISÃO LATERAL	2	0	0	0	0	0	0	0	0	1	0	Longo da via	Bom	Não existe	Perfeito estado	Seca	Perfeito estado	Não existe	Outras	30 km/h	Dupla	Faixa seccionada	""	""
1776	2021-10-07T00:00:00	11:15:00	COM VÍTIMA	FINALIZADA	BOA VIAGEM	RUA SA E SOUZA	480	RUA BALTAZAR PASSOS	POSTO N° BOO8019	BOA VIAGEM	""	CIDADE	COLISÃO FRONTAL	2	0	0	0	0	0	0	0	0	1	0	Cruzamento	Bom	Não existe	Perfeito estado	Seca	Perfeito estado	Não existe	"Placas ""Pare"""	""	Dupla	Faixa seccionada	""	""
1777	2021-10-07T00:00:00	12:44:00	SEM VÍTIMA	FINALIZADA	SANTO AMARO	RUA NUMA POMPILHO	""	""	LADO Nº 439	SANTO AMARO	""	SUBURBIO	COLISÃO TRASEIRA	0	1	0	0	0	0	0	1	0	0	0	Longo da via	Bom	Não existe	Perfeito estado	Seca	Perfeito estado	Não existe	Não há placas	60 km/h	Única	Não existe	""	""
1778	2021-10-07T00:00:00	13:28:00	COM VÍTIMA	CANCELADA	SÃO JOSÉ	VDO DAS CINCO PONTAS	""	""	SUBIDA DO VIADUTO - SENTIDO BOA VIAGEM.	SÃO JOSÉ	""	""	COLISÃO LATERAL	1	1	0	0	0	0	0	0	0	1	0	""	""	""	""	""	""	""	""	""	""	""	""	""
1779	2021-10-07T00:00:00	17:25:00	COM VÍTIMA	CANCELADA	NOVA DESCOBERTA	RUA ALTO JARDIM PROGRESSO	338	""	PROXIMO A QUADRA DO ALTO JARDIM PROGRESSO	NOVA DESCOBERTA	""	""	COLISÃO FRONTAL	0	1	0	0	0	1	0	0	0	1	0	""	""	""	""	""	""	""	""	""	""	""	""	""
1780	2021-10-07T00:00:00	17:41:00	COM VÍTIMA	FINALIZADA	MADALENA	RUA DEMOCRITO DE SOUZA FILHO	452	RUA PROFESSOR JOSE TORRES PIRES	EM FRENTE A GARDEU	MADALENA	""	""	COLISÃO TRANSVERSAL	1	1	0	0	0	0	0	0	0	1	0	Cruzamento	Bom	Não existe	Perfeito estado	Seca	Perfeito estado	Não existe	""	""	Única	Não existe	""	""
1781	2021-10-07T00:00:00	18:17:00	COM VÍTIMA	FINALIZADA	ENCRUZILHADA	RUA DA CORAGEM	125	RUA DONA JULIETA	PARALELA E ESTRADA DE BELEM	ENCRUZILHADA	""	""	COLISÃO TRANSVERSAL	1	1	0	0	0	0	0	0	0	1	0	Cruzamento	Bom	Não existe	Perfeito estado	Seca	Perfeito estado	Não existe	"Placas ""Pare"""	30 km/h	""	Faixa seccionada	""	""
1782	2021-10-07T00:00:00	19:38:00	COM VÍTIMA	FINALIZADA	BAIRRO DO RECIFE	AV ALFREDO LISBOA	""	""	EM FRENTE A TORRE MALAKOFF	BAIRRO DO RECIFE	""	SUBURBIO	COLISÃO TRANSVERSAL	1	1	0	0	0	0	0	0	0	1	0	Longo da via	Bom	Sem defeito	Perfeito estado	Seca	""	Faixa de pedestre	Outras	""	Única	Faixa seccionada	""	""
1783	2021-10-07T00:00:00	22:29:40	SEM VÍTIMA	CANCELADA	NOVA DESCOBERTA	AV NORTE MIGUEL ARRAES DE ALENCAR	680	""	PROXIMIDADES DO LARGO DONA REGINA / E/F A FARMACIA MANDACARU	NOVA DESCOBERTA	""	""	COLISÃO LATERAL	1	0	0	0	0	0	1	0	0	0	0	""	""	""	""	""	""	""	""	""	""	""	""	""
1784	2021-10-08T00:00:00	08:43:00	COM VÍTIMA	FINALIZADA	SANTO ANTÔNIO	AV DANTAS BARRETO	653	""	""	SANTO ANTÔNIO	""	SUBURBIO	ATROPELAMENTO DE PESSOA	0	1	0	0	1	0	0	0	0	1	0	Longo da via	Bom	Não existe	Perfeito estado	Seca	Perfeito estado	Não existe	Não há placas	30 km/h	Única	""	""	""
1785	2021-10-08T00:00:00	11:04:00	COM VÍTIMA	FINALIZADA	TEJIPIÓ	AV DR JOSE RUFINO	1271	""	FARMÁCIA TRABALHOR DE PERNAMBUCO	TEJIPIÓ	""	SUBURBIO	ATROPELAMENTO DE PESSOA	0	1	0	0	1	0	0	0	0	1	0	Longo da via	Bom	Não existe	Incompleta	Seca	Perfeito estado	Não existe	R-6a	""	Dupla	Não existe	""	""
1786	2021-10-08T00:00:00	13:42:00	COM VÍTIMA	FINALIZADA	DOIS IRMÃOS	RUA RIBEIRO PESSOA	""	""	AO LADO DA UNIDADE HOSPITAL UPA CAXANGÁ	DOIS IRMÃOS	281	CIDADE	COLISÃO TRASEIRA	1	1	0	0	0	0	0	0	0	1	0	Longo da via	Bom	Sem defeito	Perfeito estado	Seca	Perfeito estado	Agente	Outras	40 km/h	Dupla	Faixa contínua	""	""