_id	data	hora	natureza_acidente	situacao	bairro	endereco	numero	detalhe_endereco_acidente	complemento	bairro_cruzamento	num_semaforo	sentido_via	tipo	auto	moto	ciclom	ciclista	pedestre	onibus	caminhao	viatura	outros	vitimas	vitimasfatais	acidente_verificado	tempo_clima	situacao_semaforo	sinalizacao	condicao_via	conservacao_via	ponto_controle	situacao_placa	velocidade_max_via	mao_direcao	divisao_via1	divisao_via2	divisao_via3
1852	2021-10-17T00:00:00	19:59:00	COM VÍTIMA	FINALIZADA	ARRUDA	RUA COUTO MAGALHAES	41	AV BEBERIBE	APÓS O SEMÁFORO N° 63	ARRUDA	63	SUBURBIO	COLISÃO FRONTAL	1	1	0	0	0	0	0	0	0	1	0	Longo da via	Bom	Sem defeito	Perfeito estado	Seca	Perfeito estado	Não existe	Não há placas	40 km/h	Dupla	Faixa contínua	Faixa seccionada	""
1853	2021-10-17T00:00:00	23:03:40	SEM VÍTIMA	FINALIZADA	BOA VISTA	AV CONDE DA BOA VISTA	1450	""	ESCOLA DA BÍBLIA	BOA VISTA	682	SUBURBIO	COLISÃO TRASEIRA	2	0	0	0	0	0	0	0	0	0	0	Longo da via	Bom	Sem defeito	Perfeito estado	Seca	Perfeito estado	Não existe	Não há placas	""	Dupla	Canteiro central	""	""
1854	2021-10-18T00:00:00	06:58:00	COM VÍTIMA	CANCELADA	TORRE	RUA JOSE BONIFACIO	""	""	E/F AO CARREFOUR DA TORRE (SOBRE A PONTE/  SENTIDO AFOGADOS)	TORRE	""	""	COLISÃO LATERAL	0	1	0	0	0	1	0	0	0	1	0	""	""	""	""	""	""	""	""	""	""	""	""	""
1855	2021-10-18T00:00:00	09:26:00	COM VÍTIMA	FINALIZADA	ILHA DO RETIRO	TUNEL CHICO SCIENCE	""	""	TÚNEL CHICO SCIENCE	ILHA DO RETIRO	""	CIDADE	COLISÃO FRONTAL	1	1	0	0	0	0	0	0	0	1	0	Outros	Bom	Não existe	Perfeito estado	Seca	Perfeito estado	Não existe	Não há placas	""	Única	Faixa contínua	""	""
1856	2021-10-18T00:00:00	09:32:00	COM VÍTIMA	FINALIZADA	TORRÕES	AV ENGENHEIRO ABDIAS DE CARVALHO	1300	""	LADO OPOSTO AO N° 3068	TORRÕES	272	CIDADE	COLISÃO FRONTAL	1	1	0	0	0	0	0	0	0	1	0	Longo da via	Bom	Sem defeito	Perfeito estado	Seca	Perfeito estado	Não existe	R-19	60 km/h	Dupla	Canteiro central	""	""
1857	2021-10-18T00:00:00	13:01:00	COM VÍTIMA	FINALIZADA	SANTO AMARO	AV VISCONDE DE SUASSUNA	639	""	EM FRENTE A URBANO VITALINO ADVOGADOS	SANTO AMARO	""	SUBURBIO	COLISÃO TRASEIRA	1	1	0	0	0	0	0	0	0	2	0	Longo da via	Bom	Não existe	Perfeito estado	Seca	Perfeito estado	Não existe	R-6a	""	Única	Faixa seccionada	""	""
1858	2021-10-18T00:00:00	17:31:00	COM VÍTIMA	FINALIZADA	CORDEIRO	RUA QUATA	79	""	EM FRENTE AO N° 79	CORDEIRO	""	SUBURBIO	CHOQUE	2	0	0	0	0	0	0	0	0	1	0	Longo da via	Bom	Não existe	Perfeito estado	Seca	Perfeito estado	Não existe	Não há placas	""	Dupla	Não existe	""	""
1859	2021-10-18T00:00:00	19:44:00	COM VÍTIMA	FINALIZADA	COQUEIRAL	AV DR JOSE RUFINO	429	RUA PAPA JOAO VINTE E TRES	PADARIA FÁBRICA	COQUEIRAL	285	""	COLISÃO FRONTAL	0	0	0	0	0	0	0	0	0	1	0	Outros	Bom	Sem defeito	Ilegível	Seca	Mal iluminada	Outros	Outras	60 km/h	Dupla	Não existe	""	""
1860	2021-10-19T00:00:00	00:53:00	COM VÍTIMA	FINALIZADA	IPUTINGA	AV CAXANGA	""	EST DO BARBALHO	EM FRENTE AO BIG BOM PREÇO	IPUTINGA	""	SUBURBIO	COLISÃO TRASEIRA	0	1	0	0	0	0	0	0	0	2	0	Longo da via	Bom	Não existe	Perfeito estado	Seca	Perfeito estado	Não existe	Outras	""	Dupla	Canteiro central	""	""
1861	2021-10-19T00:00:00	12:07:00	SEM VÍTIMA	FINALIZADA	SANTO AMARO	AV CRUZ CABUGA	304	""	EM FRENTE À CTTU	SANTO AMARO	""	SUBURBIO	COLISÃO TRANSVERSAL	0	2	0	0	0	0	0	0	0	0	0	Longo da via	Bom	Não existe	Perfeito estado	Seca	Perfeito estado	Não existe	R-6a	""	Dupla	Faixa contínua	""	""
1862	2021-10-19T00:00:00	14:24:00	COM VÍTIMA	FINALIZADA	SANTO AMARO	AV CRUZ CABUGA	""	RUA FREI CASSIMIRO	SENAI	SANTO AMARO	""	""	COLISÃO TRANSVERSAL	1	1	0	0	0	0	0	0	0	1	0	Cruzamento	Bom	Não existe	Perfeito estado	Seca	Perfeito estado	Faixa de pedestre	R-6a	""	Dupla	Faixa contínua	""	""
1863	2021-10-19T00:00:00	14:32:00	COM VÍTIMA	FINALIZADA	IPSEP	AV RECIFE	1407	""	EM FRENTE A CARLOS FILMS EQUIPADORA	IPSEP	319	SUBURBIO	COLISÃO TRASEIRA	1	1	0	0	0	0	0	0	0	2	0	Longo da via	Bom	Sem defeito	Perfeito estado	Seca	Perfeito estado	Faixa de pedestre	""	""	Dupla	Faixa contínua	Canteiro central	""
1864	2021-10-19T00:00:00	15:34:00	COM VÍTIMA	FINALIZADA	CORDEIRO	AV GENERAL SAN MARTIN	""	RUA GOMES TABORDA	AV GENERAL SAN MARTIN	CORDEIRO	67	SUBURBIO	ATROPELAMENTO DE PESSOA	1	0	0	0	1	0	0	0	0	1	0	Cruzamento	Bom	Sem defeito	Perfeito estado	Seca	Perfeito estado	Faixa de pedestre	Não há placas	40 km/h	Dupla	Faixa contínua	""	""
1865	2021-10-19T00:00:00	20:17:00	SEM VÍTIMA	FINALIZADA	BOA VIAGEM	AV DES JOSE NEVES	""	""	SEMÁFORO 639 / PRÓX AO SHOPPING RECIFE	BOA VIAGEM	""	""	CHOQUE	0	0	0	0	0	0	0	0	0	0	0	""	""	""	""	""	""	""	""	""	""	""	""	""
1866	2021-10-20T00:00:00	05:52:00	SEM VÍTIMA	FINALIZADA	ILHA JOANA BEZERRA	VIADUTO CAPITAO TEMUDO	""	""	APÓS A PASSARELA - SUBIDA DO VIADUTO	ILHA JOANA BEZERRA	""	SUBURBIO	ATROPELAMENTO DE ANIMAL	2	0	0	0	0	0	0	0	0	0	0	""	""	""	""	""	""	""	""	""	""	""	""	""
1867	2021-10-20T00:00:00	07:43:00	COM VÍTIMA	FINALIZADA	PINA	AV BOA VIAGEM	420	""	EM FRENTE AO TRANSAMERICA PRESTIGE BEACH CLASS	PINA	""	CIDADE	COLISÃO FRONTAL	1	1	0	0	0	0	0	0	0	2	0	Longo da via	Bom	Sem defeito	Perfeito estado	Seca	Perfeito estado	Faixa de retenção	Não há placas	60 km/h	Única	Faixa seccionada	""	""
1868	2021-10-20T00:00:00	08:17:00	COM VÍTIMA	FINALIZADA	BOA VIAGEM	AV ENGENHEIRO DOMINGOS FERREIRA	""	RUA PROFESSOR JOSE BRANDAO	E/F A FARMACIA INDEPENDENTE	BOA VIAGEM	550	""	COLISÃO TRASEIRA	1	1	0	0	0	0	0	0	0	1	0	Cruzamento	Bom	Sem defeito	Perfeito estado	Seca	Perfeito estado	Faixa de pedestre	Não há placas	""	Única	Faixa contínua	""	""
1869	2021-10-20T00:00:00	12:50:00	COM VÍTIMA	FINALIZADA	BOA VISTA	RUA GERVASIO PIRES	418	""	AO LADO DO POSTE BO26003	BOA VISTA	""	SUBURBIO	COLISÃO FRONTAL	1	1	0	0	0	0	0	0	0	2	0	Longo da via	Bom	Não existe	Perfeito estado	Seca	Perfeito estado	Não existe	R-6a	""	Única	Não existe	""	""
1870	2021-10-20T00:00:00	14:29:00	COM VÍTIMA	FINALIZADA	BOA VIAGEM	AV ENGENHEIRO DOMINGOS FERREIRA	11	""	E/F A  CELPE	BOA VIAGEM	""	SUBURBIO	COLISÃO TRASEIRA	2	1	0	0	0	0	0	0	0	1	0	Longo da via	Bom	Não existe	Perfeito estado	Seca	Perfeito estado	Não existe	R-6a	""	Única	Faixa contínua	Faixa seccionada	""
1871	2021-10-20T00:00:00	18:48:00	COM VÍTIMA	CANCELADA	AREIAS	AV DR JOSE RUFINO	1099	""	E/F AO SENAI	AREIAS	""	""	COLISÃO FRONTAL	1	1	0	0	0	0	0	0	0	1	0	""	""	""	""	""	""	""	""	""	""	""	""	""
1872	2021-10-21T00:00:00	08:57:00	COM VÍTIMA	CANCELADA	IMBIRIBEIRA	AV MARECHAL MASCARENHAS DE MORAES	""	""	EM FRENTE A UPA	IMBIRIBEIRA	310	""	COLISÃO TRASEIRA	0	1	0	0	0	0	1	0	0	1	0	""	""	""	""	""	""	""	""	""	""	""	""	""
1873	2021-10-21T00:00:00	14:29:00	SEM VÍTIMA	FINALIZADA	ESPINHEIRO	AV GOVERNADOR AGAMENON MAGALHAES	""	""	EM FRENTE AO CLUBE PORTUGUES	ESPINHEIRO	""	""	COLISÃO TRASEIRA	3	0	0	0	0	0	0	0	0	0	0	Longo da via	Bom	Sem defeito	Perfeito estado	Seca	Perfeito estado	""	""	""	Única	Faixa seccionada	""	""
1874	2021-10-21T00:00:00	14:39:00	SEM VÍTIMA	FINALIZADA	TAMARINEIRA	RUA ISAAC SALAZAR	45	""	EM FRENTE AO EDIFÍCIO RESEDÁ	TAMARINEIRA	""	CIDADE	""	1	0	0	0	0	0	0	1	0	0	0	Longo da via	Bom	Não existe	Perfeito estado	Seca	Perfeito estado	Faixa de retenção	"Placas ""Pare"""	""	Única	Não existe	""	""
1875	2021-10-21T00:00:00	20:28:00	VÍTIMA FATAL	FINALIZADA	MADALENA	RUA REAL DA TORRE	502	""	EM FRENTE AO MERCADO DA MADALENA	MADALENA	""	AFOGADOS	CHOQUE	0	1	0	0	0	0	0	0	0	0	1	Longo da via	Bom	Não existe	Perfeito estado	Seca	Perfeito estado	Não existe	Outras	""	Única	Faixa seccionada	""	""
1876	2021-10-22T00:00:00	08:25:00	COM VÍTIMA	FINALIZADA	ENCRUZILHADA	AV NORTE MIGUEL ARRAES DE ALENCAR	2459	""	LADO OPOSTO AO T2 VEICULOS	ENCRUZILHADA	""	CIDADE	ATROPELAMENTO DE PESSOA	0	1	0	0	1	0	0	0	0	1	0	Longo da via	Bom	Não existe	Ilegível	Seca	Perfeito estado	Outros	Outras	""	Dupla	Faixa seccionada	Canteiro central	""
1877	2021-10-22T00:00:00	08:35:00	COM VÍTIMA	FINALIZADA	BOA VISTA	RUA DO HOSPICIO	""	RUA PRINCESA IZABEL	EM FRENTE A CAMARA DOS VEREADORES DE RECIFE	BOA VISTA	31	CIDADE	COLISÃO FRONTAL	1	2	0	0	0	0	0	0	0	1	0	Cruzamento	Bom	Sem defeito	Perfeito estado	Seca	Perfeito estado	Agente	R-25c	40 km/h	Única	Faixa contínua	""	""
1878	2021-10-22T00:00:00	09:31:00	COM VÍTIMA	FINALIZADA	TORRÕES	AV ENGENHEIRO ABDIAS DE CARVALHO	2926	""	EM FRENTE MARMOARIA AQUIPEDRAS	TORRÕES	""	CIDADE	COLISÃO TRASEIRA	1	1	0	0	0	0	0	0	0	1	0	Longo da via	Bom	Sem defeito	Perfeito estado	Seca	Perfeito estado	Faixa de pedestre	R-6a	60 km/h	Dupla	Faixa contínua	Canteiro central	""
1879	2021-10-22T00:00:00	10:13:00	COM VÍTIMA	FINALIZADA	MADALENA	RUA REAL DA TORRE	255	""	AO LADO DA ESCOLA DE EDUCADORES DO RECIFE	MADALENA	""	""	ATROPELAMENTO DE PESSOA	1	0	0	0	1	0	0	0	0	1	0	Longo da via	Bom	Sem defeito	Perfeito estado	Seca	Perfeito estado	Não existe	Não há placas	50 km/h	Única	Faixa seccionada	""	""
1880	2021-10-22T00:00:00	10:33:00	COM VÍTIMA	FINALIZADA	BOA VIAGEM	AV CONSELHEIRO AGUIAR	1164	""	EM FRENTE AO EDIFICIO BELÉM	BOA VIAGEM	""	CIDADE	COLISÃO FRONTAL	1	1	0	0	0	0	0	0	0	1	0	Longo da via	Bom	Não existe	Perfeito estado	Seca	Perfeito estado	Não existe	R-6a	""	Única	Faixa contínua	Faixa seccionada	""
1881	2021-10-22T00:00:00	14:12:00	COM VÍTIMA	FINALIZADA	SAN MARTIN	AV GENERAL SAN MARTIN	1670	""	EM FRENTE A IGREJA INTERNACIONAL DA GRAÇA	SAN MARTIN	""	SUBURBIO	COLISÃO FRONTAL	1	1	0	0	0	0	0	0	0	2	0	Longo da via	Bom	Não existe	Perfeito estado	Seca	Perfeito estado	Não existe	Não há placas	40 km/h	Dupla	Faixa contínua	Faixa seccionada	""
1882	2021-10-22T00:00:00	15:54:00	COM VÍTIMA	FINALIZADA	AFOGADOS	RUA QUITERIO INACIO DE MELLO	261	RUA CINCO DE NOVEMBRO	IMPORT PNEUS	AFOGADOS	""	SUBURBIO	COLISÃO TRANSVERSAL	0	2	0	0	0	0	0	0	0	1	0	Cruzamento	Bom	Não existe	Perfeito estado	Seca	Perfeito estado	Não existe	Não há placas	""	Única	Faixa seccionada	""	""
1883	2021-10-22T00:00:00	17:52:00	COM VÍTIMA	FINALIZADA	BOA VIAGEM	RUA SA E SOUZA	218	RUA PADRE CABRAL	E/F A CERPE  LABORATORIO	BOA VIAGEM	""	SUBURBIO	COLISÃO TRANSVERSAL	1	1	0	0	0	0	0	0	0	1	0	Longo da via	Bom	Não existe	Perfeito estado	Seca	Perfeito estado	Não existe	Outras	30 km/h	Dupla	Faixa seccionada	""	""
1884	2021-10-22T00:00:00	18:10:00	COM VÍTIMA	FINALIZADA	AREIAS	AV RECIFE	3021	RUA ADOLFO FARO	POSTO FEDERAL	AREIAS	""	SUBURBIO	COLISÃO COM CICLISTA	0	0	0	1	0	0	1	0	0	1	0	Longo da via	Bom	Não existe	Perfeito estado	Seca	Perfeito estado	Não existe	Não há placas	""	Dupla	Canteiro central	""	""
1885	2021-10-22T00:00:00	21:07:40	COM VÍTIMA	FINALIZADA	BOA VIAGEM	AV ENGENHEIRO DOMINGOS FERREIRA	""	""	LADO OPOSTO PIZZARIA CAPITÃO GANCHO	BOA VIAGEM	""	SUBURBIO	ATROPELAMENTO DE PESSOA	0	0	1	0	1	0	0	0	0	1	0	Longo da via	Bom	Não existe	Perfeito estado	Seca	Perfeito estado	Não existe	Não há placas	""	Única	Faixa seccionada	""	""
1886	2021-10-22T00:00:00	23:23:40	COM VÍTIMA	FINALIZADA	CABANGA	PTE GOVERNADOR PAULO GUERRA	""	""	CURVA DO LARGO DO CABANGA	CABANGA	""	CIDADE	QUEDA	0	1	0	0	0	0	0	0	0	1	0	Viaduto	Bom	Não existe	Perfeito estado	Seca	Perfeito estado	Não existe	Outras	""	Dupla	Canteiro central	""	""
1887	2021-10-23T00:00:00	09:18:00	COM VÍTIMA	CANCELADA	MANGABEIRA	AV NORTE MIGUEL ARRAES DE ALENCAR	""	""	EM FRENTE O SESC DA AV NORTE, SENTIDO CENTRO	MANGABEIRA	""	""	COLISÃO COM CICLISTA	1	0	0	1	0	0	0	0	0	1	0	""	""	""	""	""	""	""	""	""	""	""	""	""
1888	2021-10-23T00:00:00	14:15:00	SEM VÍTIMA	CANCELADA	TORRÕES	AV ENGENHEIRO ABDIAS DE CARVALHO	""	""	E/F A  UPA  S/T SUB	TORRÕES	""	""	COLISÃO TRANSVERSAL	2	0	0	0	0	0	0	0	0	0	0	""	""	""	""	""	""	""	""	""	""	""	""	""
1889	2021-10-23T00:00:00	14:15:00	SEM VÍTIMA	FINALIZADA	IPSEP	RUA BLUMENAU	""	""	SEMÁFORO Nº 111	IPSEP	111	SUBURBIO	COLISÃO TRASEIRA	2	0	0	0	0	0	0	0	0	0	0	Longo da via	Bom	Sem defeito	Perfeito estado	Seca	Perfeito estado	Faixa de pedestre	Não há placas	""	Única	Não existe	""	""
1890	2021-10-23T00:00:00	15:20:00	COM VÍTIMA	FINALIZADA	TEJIPIÓ	AV DR JOSE RUFINO	3905	""	E/F AO  TERMINAL DE METRO DE TEJIPIO	TEJIPIÓ	434	CIDADE	COLISÃO TRASEIRA	1	1	0	0	0	0	0	0	0	1	0	Longo da via	Bom	Sem defeito	Perfeito estado	Seca	Perfeito estado	Faixa de retenção	R-6a	""	Dupla	Faixa contínua	""	""
1891	2021-10-23T00:00:00	22:00:40	COM VÍTIMA	FINALIZADA	MADALENA	AV JOSE GONCALVES DE MEDEIROS	""	""	E/F ENTRADA DO SUPERMECADO EXTRA	MADALENA	""	""	COLISÃO TRANSVERSAL	1	0	1	0	0	0	0	0	0	1	0	Longo da via	Bom	Não existe	Perfeito estado	Seca	Perfeito estado	Não existe	R-6a	60 km/h	Dupla	Faixa contínua	Faixa seccionada	""
1892	2021-10-24T00:00:00	04:44:00	COM VÍTIMA	FINALIZADA	CAJUEIRO	AV BEBERIBE	""	""	EM FRENTE AO N° 3185	CAJUEIRO	""	CIDADE	CHOQUE	1	0	0	0	0	0	0	0	0	1	0	Longo da via	Bom	Não existe	Incompleta	Seca	Perfeito estado	""	Não há placas	50 km/h	Dupla	Canteiro central	""	""
1893	2021-10-24T00:00:00	10:21:00	COM VÍTIMA	FINALIZADA	TEJIPIÓ	AV DR JOSE RUFINO	3843	""	SOB SEMÁFORO 497	TEJIPIÓ	497	CIDADE	COLISÃO FRONTAL	0	2	0	0	0	0	0	0	0	1	0	Longo da via	Bom	Sem defeito	Perfeito estado	Seca	Perfeito estado	Não existe	R-6a	""	Dupla	Faixa contínua	""	""
1894	2021-10-24T00:00:00	13:26:00	COM VÍTIMA	FINALIZADA	PINA	AV BRASILIA FORMOSA	""	""	NA PISTA QUE DA ACESSO A ESCULTURA DE BRENNAND	PINA	""	""	COLISÃO COM CICLISTA	0	1	0	1	0	0	0	0	0	1	0	Longo da via	Bom	Não existe	Não existente	Seca	Perfeito estado	Não existe	Não há placas	""	Dupla	Não existe	""	""
1895	2021-10-24T00:00:00	15:45:00	COM VÍTIMA	FINALIZADA	SANCHO	AV LIBERDADE	648	""	PIZZARIA E CHURRASCARIA MANÁ	SANCHO	""	CIDADE	COLISÃO COM CICLISTA	1	1	0	1	0	0	0	0	0	2	0	Longo da via	Bom	Não existe	Não existente	Seca	""	Não existe	Não há placas	""	Dupla	Não existe	""	""
1896	2021-10-24T00:00:00	18:05:00	SEM VÍTIMA	FINALIZADA	TAMARINEIRA	RUA CONEGO BARATA	""	""	E/F A FERREIRA COSTA	TAMARINEIRA	""	""	COLISÃO TRASEIRA	2	0	0	0	0	0	0	0	0	0	0	""	""	""	""	""	""	""	""	""	""	""	""	""
1897	2021-10-24T00:00:00	21:51:40	SEM VÍTIMA	FINALIZADA	TEJIPIÓ	AV DR JOSE RUFINO	354	""	PRÓX AO CARTORIO DE TEJIPIO, SNT JABOATAO	TEJIPIÓ	""	""	ENGAVETAMENTO	3	0	0	0	0	0	0	0	0	0	0	""	""	""	""	""	""	""	""	""	""	""	""	""
1898	2021-10-24T00:00:00	22:18:40	SEM VÍTIMA	FINALIZADA	CASA AMARELA	AV NORTE MIGUEL ARRAES DE ALENCAR	""	""	AO LADO DA PAGUE NORTE  /// SEMÁFORO 079	CASA AMARELA	""	""	COLISÃO FRONTAL	2	0	0	0	0	0	0	0	0	0	0	""	""	""	""	""	""	""	""	""	""	""	""	""
1899	2021-10-25T00:00:00	14:43:00	COM VÍTIMA	FINALIZADA	SANTO AMARO	AV CRUZ CABUGA	""	AV PREFEITO ARTUR LIMA CAVALCANTI	AO LADO DA SECRETARIA  DE INFRAENSTRUTURA	SANTO AMARO	343	CIDADE	COLISÃO FRONTAL	0	1	0	0	0	1	0	0	0	1	0	Cruzamento	Bom	Sem defeito	Perfeito estado	Seca	Perfeito estado	Faixa de pedestre	Outras	""	Dupla	Faixa contínua	""	""
1900	2021-10-25T00:00:00	15:01:00	COM VÍTIMA	FINALIZADA	SANTO AMARO	AV GOVERNADOR AGAMENON MAGALHAES	""	""	SEMÁFORO 378	SANTO AMARO	378	SUBURBIO	ATROPELAMENTO DE PESSOA	0	0	0	0	1	1	0	0	0	1	0	Longo da via	Bom	Sem defeito	Perfeito estado	Seca	Perfeito estado	Faixa de pedestre	R-6a	60 km/h	Dupla	Faixa seccionada	Canteiro central	""
1901	2021-10-25T00:00:00	16:52:00	SEM VÍTIMA	FINALIZADA	MADALENA	RUA BENFICA	""	RUA ARLINDO GOUVEIA	""	MADALENA	621	SUBURBIO	COLISÃO TRASEIRA	2	0	0	0	0	0	0	0	0	0	0	Longo da via	Bom	Sem defeito	Perfeito estado	Seca	Perfeito estado	Faixa de pedestre	Não há placas	40 km/h	Dupla	Canteiro central	""	""
1902	2021-10-25T00:00:00	17:51:00	COM VÍTIMA	FINALIZADA	IMBIRIBEIRA	AV MARECHAL MASCARENHAS DE MORAES	7787	RUA GUADALAJARA	E/F AO GERALDAO   S/T CID	IMBIRIBEIRA	""	CIDADE	COLISÃO LATERAL	1	1	0	0	0	0	0	0	0	1	0	Longo da via	Bom	Não existe	Perfeito estado	Seca	Perfeito estado	Não existe	Outras	""	Dupla	Faixa seccionada	Canteiro central	""
1903	2021-10-25T00:00:00	18:00:00	COM VÍTIMA	FINALIZADA	AREIAS	AV RECIFE	""	""	SEMÁFORO	AREIAS	494	SUBURBIO	ATROPELAMENTO DE PESSOA	0	1	0	0	1	0	0	0	0	1	0	Longo da via	Bom	Sem defeito	Perfeito estado	Seca	Perfeito estado	Faixa de pedestre	""	""	Única	Faixa seccionada	""	""
1904	2021-10-25T00:00:00	18:24:00	COM VÍTIMA	FINALIZADA	BOA VIAGEM	RUA JOAO DIAS MARTINS	255	RUA DONA MAGINA PONTUAL	AO LADO DO EDIFICIO MIRELLA	BOA VIAGEM	""	CIDADE	COLISÃO TRANSVERSAL	1	1	0	0	0	0	0	0	0	1	0	Cruzamento	Bom	Não existe	Perfeito estado	Seca	Perfeito estado	Faixa de retenção	"Placas ""Pare"""	""	Dupla	Faixa contínua	Faixa seccionada	""
1905	2021-10-26T00:00:00	07:35:00	COM VÍTIMA	FINALIZADA	CORDEIRO	RUA GOMES TABORDA	""	EST DO FORTE DO ARRAIAL N. DO B. JESUS	SOB SEMÁFORO 249	CORDEIRO	249	SUBURBIO	COLISÃO FRONTAL	1	1	0	0	0	0	0	0	0	1	0	Cruzamento	Bom	Sem defeito	Perfeito estado	Seca	Perfeito estado	Faixa de pedestre	Não há placas	30 km/h	Dupla	Faixa seccionada	""	""
1906	2021-10-26T00:00:00	07:42:00	COM VÍTIMA	FINALIZADA	BOA VIAGEM	RUA VISCONDE DE JEQUITINHONHA	804	RUA PROFESSOR MARIO CASTRO	E/F AO POSTO DE GASOLINA BR	BOA VIAGEM	158	SUBURBIO	COLISÃO TRASEIRA	1	1	0	0	0	0	0	0	0	1	0	Longo da via	Chuvoso	Sem defeito	Perfeito estado	Molhada	Perfeito estado	Faixa de pedestre	Não há placas	""	Única	Canteiro central	""	""
1907	2021-10-26T00:00:00	08:20:00	SEM VÍTIMA	FINALIZADA	ENCRUZILHADA	AV NORTE MIGUEL ARRAES DE ALENCAR	2075	""	CAXANGÁ ACESSÓRIOS	ENCRUZILHADA	""	CIDADE	COLISÃO TRASEIRA	1	0	0	0	0	0	0	1	0	0	0	Longo da via	Bom	Não existe	Perfeito estado	Seca	Perfeito estado	Não existe	Outras	""	Dupla	Canteiro central	""	""
1908	2021-10-26T00:00:00	10:03:00	SEM VÍTIMA	FINALIZADA	SÃO JOSÉ	RUA IMPERIAL	940	""	PRÓXIMO AO FERRO E AÇO	SÃO JOSÉ	""	SUBURBIO	COLISÃO TRASEIRA	2	0	0	0	0	0	0	0	0	0	0	Longo da via	Bom	Não existe	Não existente	Seca	Mal conservada	Não existe	Não há placas	60 km/h	Única	Não existe	""	""
1909	2021-10-26T00:00:00	11:33:00	COM VÍTIMA	FINALIZADA	CASA FORTE	AV DEZESSETE DE AGOSTO	""	""	EM FRENTE A PAGUE MENOS	CASA FORTE	""	SUBURBIO	COLISÃO TRASEIRA	1	1	0	0	0	0	0	0	0	1	0	""	""	""	""	""	""	""	""	""	""	""	""	""
1910	2021-10-26T00:00:00	14:10:00	COM VÍTIMA	FINALIZADA	SANTO AMARO	AV GOVERNADOR AGAMENON MAGALHAES	""	""	SEMÁFORO 378	SANTO AMARO	378	SUBURBIO	COLISÃO FRONTAL	2	1	0	0	0	0	0	0	0	1	0	Outros	Bom	Sem defeito	Perfeito estado	Seca	Perfeito estado	Faixa de retenção	Não há placas	""	Dupla	Canteiro central	""	""
1911	2021-10-26T00:00:00	18:05:00	COM VÍTIMA	CANCELADA	SANTO AMARO	AV GOVERNADOR AGAMENON MAGALHAES	""	""	EM FRENTE AO SHOPPING TACARUNA, SENTIDO OLINDA	SANTO AMARO	""	""	QUEDA	0	2	0	0	0	0	0	0	0	1	0	""	""	""	""	""	""	""	""	""	""	""	""	""
1912	2021-10-26T00:00:00	18:35:00	COM VÍTIMA	FINALIZADA	PINA	AVENIDA CELSO FURTADO (VIA MANGUE)	""	""	PROX A PRIMEIRA LOMBADA ELETRONICA SENTIDO BOA VIAGEM	PINA	""	SUBURBIO	COLISÃO TRASEIRA	1	1	0	0	0	0	0	0	0	1	0	Longo da via	Bom	Não existe	Perfeito estado	Seca	Perfeito estado	Não existe	Não há placas	60 km/h	Dupla	Faixa seccionada	""	""
1913	2021-10-26T00:00:00	21:28:40	COM VÍTIMA	FINALIZADA	AFOGADOS	RUA VINTE E UM DE ABRIL	854	RUA REALENGO	PROX AO CLUBE FERROVIARIO	AFOGADOS	""	SUBURBIO	COLISÃO FRONTAL	1	1	0	0	0	0	0	0	0	1	0	Longo da via	Chuvoso	Não existe	Não existente	Molhada	Perfeito estado	Não existe	R-30	""	Dupla	Não existe	""	""
1914	2021-10-27T00:00:00	07:25:00	COM VÍTIMA	FINALIZADA	DERBY	AV GOVERNADOR AGAMENON MAGALHAES	""	""	SOB O SEMÁFORO 75	DERBY	75	""	COLISÃO TRASEIRA	0	1	0	0	0	0	0	0	0	1	0	Cruzamento	Bom	Sem defeito	Perfeito estado	Seca	Perfeito estado	Agente	""	60 km/h	Dupla	Canal	""	""
1915	2021-10-27T00:00:00	09:42:00	SEM VÍTIMA	FINALIZADA	SANTO AMARO	AV NORTE MIGUEL ARRAES DE ALENCAR	1302	""	EM FRENTE A IGREJA PRESBITERIANA FAMÍLIA CRISTÃ. BO 242567 É CONTINUAÇÃO DO BO 212568	SANTO AMARO	""	SUBURBIO	COLISÃO TRASEIRA	4	0	0	0	0	0	0	0	0	0	0	Longo da via	Bom	Não existe	Perfeito estado	Seca	Perfeito estado	Não existe	Outras	60 km/h	Dupla	Canteiro central	""	""
1916	2021-10-27T00:00:00	10:36:00	COM VÍTIMA	FINALIZADA	SÃO JOSÉ	AV SUL	""	""	EM FRENTE AO ESTACIONAMENTO PRIVATIVO DA SECRETARIA DA FAZENDA  / SENT AFOGADOS	SÃO JOSÉ	""	SUBURBIO	COLISÃO COM CICLISTA	0	0	0	1	0	1	0	0	0	1	0	Longo da via	Bom	Não existe	Perfeito estado	Seca	Perfeito estado	Não existe	Não há placas	60 km/h	Dupla	Faixa contínua	""	""