_id	data	hora	natureza_acidente	situacao	bairro	endereco	numero	detalhe_endereco_acidente	complemento	bairro_cruzamento	num_semaforo	sentido_via	tipo	auto	moto	ciclom	ciclista	pedestre	onibus	caminhao	viatura	outros	vitimas	vitimasfatais	acidente_verificado	tempo_clima	situacao_semaforo	sinalizacao	condicao_via	conservacao_via	ponto_controle	situacao_placa	velocidade_max_via	mao_direcao	divisao_via1	divisao_via2	divisao_via3
1917	2021-10-27T00:00:00	15:33:00	SEM VÍTIMA	CANCELADA	CASA AMARELA	AV NORTE MIGUEL ARRAES DE ALENCAR	4312	RUA GOMES COUTINHO	PRÓX AO POSTO BR	CASA AMARELA	643	SUBURBIO	COLISÃO LATERAL	0	0	0	0	0	0	0	1	1	0	0	""	""	""	""	""	""	""	""	""	""	""	""	""
1918	2021-10-27T00:00:00	18:07:00	SEM VÍTIMA	FINALIZADA	BAIRRO DO RECIFE	AV MILITAR	""	""	E/F A PREFEITURA	BAIRRO DO RECIFE	""	""	COLISÃO LATERAL	2	0	0	0	0	0	0	0	0	0	0	""	""	""	""	""	""	""	""	""	""	""	""	""
1919	2021-10-27T00:00:00	19:07:00	COM VÍTIMA	FINALIZADA	PRADO	RUA GOMES TABORDA	""	RUA DES ADOLFO CIRIACO	SINOI COMBUSTÍVEIS	PRADO	""	""	COLISÃO LATERAL	1	1	0	0	0	0	0	0	0	1	0	Longo da via	Bom	Sem defeito	Ilegível	Seca	Perfeito estado	Não existe	Não há placas	30 km/h	Dupla	Faixa seccionada	""	""
1920	2021-10-28T00:00:00	12:39:00	SEM VÍTIMA	FINALIZADA	BOA VIAGEM	RUA RIBEIRO DE BRITO	""	""	EM FRENTE AO POSTO DE GASOLINA PETROBRAS	BOA VIAGEM	""	""	COLISÃO TRANSVERSAL	2	0	0	0	0	0	0	0	0	0	0	""	""	""	""	""	""	""	""	""	""	""	""	""
1921	2021-10-28T00:00:00	13:19:00	COM VÍTIMA	FINALIZADA	CORDEIRO	AV GENERAL SAN MARTIN	478	""	EM FRENTE A SORVETERIA  MUG	CORDEIRO	""	SUBURBIO	COLISÃO FRONTAL	1	1	0	0	0	0	0	0	0	1	0	Longo da via	Bom	Não existe	Incompleta	Seca	Mal iluminada	Não existe	Outras	""	Dupla	Faixa contínua	""	""
1922	2021-10-28T00:00:00	13:40:00	COM VÍTIMA	FINALIZADA	VÁRZEA	RUA VALE DO SIRIJI	5049	""	""	VÁRZEA	""	""	CHOQUE	0	0	0	0	0	0	0	0	0	1	0	Longo da via	Bom	Não existe	Não existente	Seca	Perfeito estado	Não existe	Não há placas	""	Dupla	Não existe	""	""
1923	2021-10-28T00:00:00	17:21:00	COM VÍTIMA	FINALIZADA	AFOGADOS	RUA SAO MIGUEL	""	RUA DES DIRCEU BORGES	E/F AO POSTO IPIRANGA	AFOGADOS	""	SUBURBIO	COLISÃO FRONTAL	1	1	0	0	0	0	0	0	0	2	0	Cruzamento	Bom	Não existe	Perfeito estado	Seca	Perfeito estado	Não existe	Não há placas	""	Dupla	Faixa contínua	""	""
1924	2021-10-28T00:00:00	18:32:00	COM VÍTIMA	FINALIZADA	BOA VIAGEM	AVENIDA CELSO FURTADO (VIA MANGUE)	""	RUA TENENTE JOAO CICERO	""	BOA VIAGEM	""	CIDADE	CHOQUE	0	1	0	0	0	0	0	0	0	1	0	Esquina	Bom	Não existe	Perfeito estado	Seca	Perfeito estado	Não existe	R-4b	""	Única	Faixa seccionada	""	""
1925	2021-10-28T00:00:00	18:42:00	COM VÍTIMA	FINALIZADA	BOA VIAGEM	RUA HENRIQUE CAPITULINO	""	AV CONSELHEIRO AGUIAR	SEMÁFORO 143 / PRÓX A LOJA PRADORMIR	BOA VIAGEM	143	CIDADE	COLISÃO COM CICLISTA	1	0	0	1	0	0	0	0	0	1	0	Cruzamento	Bom	Sem defeito	Perfeito estado	Seca	Perfeito estado	Faixa de pedestre	""	""	Única	Faixa seccionada	""	""
1926	2021-10-28T00:00:00	22:15:40	COM VÍTIMA	FINALIZADA	AFOGADOS	PTE DO MOTOCOLOMBO	""	""	EM CIMA DA PONTE	AFOGADOS	""	CIDADE	COLISÃO TRASEIRA	1	1	0	0	0	0	0	0	0	1	0	Ponte	Bom	Não existe	Perfeito estado	Seca	Perfeito estado	Não existe	Outras	""	Dupla	Canteiro central	""	""
1927	2021-10-29T00:00:00	10:34:00	COM VÍTIMA	FINALIZADA	BOA VIAGEM	RUA VISCONDE DE JEQUITINHONHA	""	""	AO LADO DA AERONÁLTICA FAIXA  DA DIREIRA SENTIDO PIEDADE/ SEGUNDO COMAR DO QUARTEL GERERAL	BOA VIAGEM	""	SUBURBIO	COLISÃO TRASEIRA	1	1	0	0	0	1	0	0	0	1	0	Longo da via	Bom	Não existe	Perfeito estado	Seca	Perfeito estado	Não existe	Não há placas	60 km/h	Única	Faixa seccionada	""	""
1928	2021-10-29T00:00:00	12:58:00	SEM VÍTIMA	CANCELADA	TOTÓ	RUA ONZE DE AGOSTO	""	""	AO LADO  DO BIDU KRAUSE	TOTÓ	""	""	COLISÃO TRASEIRA	1	1	0	0	0	0	0	0	0	0	0	""	""	""	""	""	""	""	""	""	""	""	""	""
1929	2021-10-29T00:00:00	17:00:00	SEM VÍTIMA	FINALIZADA	TORRE	RUA SOUZA BANDEIRA	483	RUA DIANOPOLIS	SOB O SEMÁFORO 317	TORRE	317	SUBURBIO	COLISÃO TRANSVERSAL	1	1	0	0	0	0	0	0	0	0	0	Cruzamento	Bom	Sem defeito	Perfeito estado	Seca	Perfeito estado	Faixa de pedestre	R-6a	""	Dupla	Não existe	""	""
1930	2021-10-29T00:00:00	21:32:40	COM VÍTIMA	FINALIZADA	ARRUDA	AV BEBERIBE	""	AV PROFESSOR JOSE DOS ANJOS	ESTADIO DO ARRUDA	ARRUDA	13	SUBURBIO	COLISÃO TRASEIRA	1	2	0	0	0	0	0	0	0	1	0	Cruzamento	Bom	Sem defeito	Perfeito estado	Seca	Perfeito estado	Faixa de pedestre	"Placas ""Dê a preferência"""	""	Única	Faixa contínua	""	""
1931	2021-10-30T00:00:00	06:03:00	COM VÍTIMA	FINALIZADA	LINHA DO TIRO	RUA URIEL DE HOLANDA	1635	""	PROX. AO ARMAZEM OLIVEIRA	LINHA DO TIRO	""	SUBURBIO	ATROPELAMENTO DE PESSOA	0	0	0	0	1	1	0	0	0	1	0	Longo da via	Bom	Não existe	Perfeito estado	Seca	Perfeito estado	Não existe	Outras	40 km/h	Dupla	Não existe	""	""
1932	2021-10-30T00:00:00	08:28:00	COM VÍTIMA	FINALIZADA	AREIAS	AV RECIFE	1008	""	EM FRENTE AO N° 1008	AREIAS	""	CIDADE	COLISÃO FRONTAL	1	1	0	0	0	0	0	0	0	1	0	Longo da via	Bom	Não existe	Perfeito estado	Seca	Perfeito estado	Não existe	Não há placas	""	Dupla	Canteiro central	""	""
1933	2021-10-30T00:00:00	11:31:00	COM VÍTIMA	FINALIZADA	MADALENA	RUA JOAO IVO DA SILVA	""	""	OPOSTO AO N° 79	MADALENA	""	SUBURBIO	COLISÃO COM CICLISTA	1	0	0	1	0	0	0	0	0	1	0	Longo da via	Bom	Não existe	Perfeito estado	Seca	Perfeito estado	Não existe	R-6a	""	Única	Faixa seccionada	""	""
1934	2021-10-30T00:00:00	11:51:00	SEM VÍTIMA	FINALIZADA	ARRUDA	RUA DAS MOCAS	219	""	AO LADO DO ESTÁDIO DO ARRUDA	ARRUDA	""	SUBURBIO	""	1	0	0	0	0	0	0	1	0	0	0	Longo da via	Bom	Não existe	Perfeito estado	Seca	Perfeito estado	Não existe	R-6a	""	Dupla	Faixa seccionada	""	""
1935	2021-10-30T00:00:00	12:29:00	COM VÍTIMA	FINALIZADA	CORDEIRO	AV CAXANGA	945	RUA FIDELIS MOLITERNO	MF CAR	CORDEIRO	""	CIDADE	COLISÃO FRONTAL	1	1	0	0	0	0	0	0	0	1	0	Longo da via	Bom	Não existe	Não existente	Seca	Perfeito estado	Não existe	Não há placas	""	Única	Não existe	""	""
1936	2021-10-30T00:00:00	13:03:00	SEM VÍTIMA	FINALIZADA	BRASÍLIA TEIMOSA	AV BRASILIA FORMOSA	18B	""	""	BRASÍLIA TEIMOSA	""	SUBURBIO	""	0	1	0	0	0	0	0	1	0	0	0	Longo da via	Bom	Não existe	Incompleta	Seca	Perfeito estado	Não existe	Outras	""	Dupla	Faixa seccionada	""	""
1937	2021-10-30T00:00:00	13:16:00	COM VÍTIMA	FINALIZADA	JORDÃO	AV MARIA IRENE	345	""	PRÓX AO MARTELINHO DE OURO AUTO CRUZ	JORDÃO	""	SUBURBIO	COLISÃO TRANSVERSAL	1	1	0	0	0	0	0	0	0	1	0	Longo da via	Bom	Não existe	Perfeito estado	Seca	Perfeito estado	Não existe	Não há placas	""	Dupla	Faixa contínua	""	""
1938	2021-10-30T00:00:00	14:53:00	COM VÍTIMA	FINALIZADA	BOA VIAGEM	RUA BARAO DE SOUZA LEAO	""	AV DES JOSE NEVES	PROXIMO AO TREVO SUPERMERCADO	BOA VIAGEM	476	CIDADE	COLISÃO TRANSVERSAL	0	3	0	0	0	0	0	0	0	3	0	Cruzamento	Bom	Sem defeito	Perfeito estado	Seca	Perfeito estado	Faixa de pedestre	Outras	""	Única	Faixa seccionada	""	""
1939	2021-10-30T00:00:00	16:25:00	COM VÍTIMA	FINALIZADA	CASA AMARELA	RUA DR TOME DIAS	""	""	AO LADO DA CASA PIO	CASA AMARELA	""	""	ATROPELAMENTO DE PESSOA	1	0	0	0	1	0	0	0	0	1	0	Longo da via	Bom	Não existe	Perfeito estado	Seca	Perfeito estado	Faixa de pedestre	"Placas ""Pare"""	""	Dupla	Faixa contínua	""	""
1940	2021-10-30T00:00:00	17:15:00	SEM VÍTIMA	CANCELADA	BOA VIAGEM	RUA DOS NAVEGANTES	1997	""	EM FRENTE AO NAVEGANTES PRAIA HOTEL	BOA VIAGEM	""	""	COLISÃO TRASEIRA	2	0	0	0	0	0	0	0	0	0	0	""	""	""	""	""	""	""	""	""	""	""	""	""
1941	2021-10-31T00:00:00	10:17:00	COM VÍTIMA	FINALIZADA	BOA VIAGEM	RUA VISCONDE DE JEQUITINHONHA	""	AV ARMINDO MOURA	POR TRAZ DA VILA MILITAR/ LAVA JATO DAS MENINAS	BOA VIAGEM	258	SUBURBIO	COLISÃO TRASEIRA	1	1	0	0	0	0	0	0	0	1	0	Longo da via	Bom	Sem defeito	Perfeito estado	Seca	Perfeito estado	Faixa de pedestre	Não há placas	60 km/h	Única	Faixa contínua	Canteiro central	""
1942	2021-10-31T00:00:00	14:27:00	COM VÍTIMA	FINALIZADA	SAN MARTIN	AV CONSUL VILARES FRAGOSO	707	RUA COMENDADOR FRANCO FERREIRA	AO LADO DA CAVALARIA DA POLICIA MILITAR	SAN MARTIN	""	""	QUEDA	0	1	0	0	0	0	0	0	0	1	0	Longo da via	Bom	Não existe	Perfeito estado	Seca	Perfeito estado	Não existe	""	""	Dupla	""	""	""
1943	2021-10-31T00:00:00	14:44:00	COM VÍTIMA	FINALIZADA	PAISSANDU	AV GOVERNADOR AGAMENON MAGALHAES	""	RUA PAISSANDU	RUA PAISSANDU	PAISSANDU	69	SUBURBIO	COLISÃO TRANSVERSAL	0	2	0	0	0	0	0	0	0	2	0	Longo da via	Bom	Sem defeito	Perfeito estado	Seca	Perfeito estado	Faixa de pedestre	Outras	60 km/h	Dupla	Canal	""	""
1944	2021-10-31T00:00:00	15:52:00	SEM VÍTIMA	FINALIZADA	PINA	RUA MANOEL DE BRITO	""	AV REPUBLICA ARABE UNIDA	""	PINA	659	CIDADE	COLISÃO TRASEIRA	0	1	0	0	0	0	0	1	0	0	0	Cruzamento	Bom	Sem defeito	Incompleta	Seca	Perfeito estado	Faixa de pedestre	R-6a	""	Única	Faixa seccionada	""	""
1945	2021-10-31T00:00:00	19:48:00	COM VÍTIMA	FINALIZADA	SANTO AMARO	AV GOVERNADOR AGAMENON MAGALHAES	2200	""	PRÓXIMO DA LOMBADA ELETRÔNICA	SANTO AMARO	""	SUBURBIO	COLISÃO COM CICLISTA	1	0	0	1	0	0	0	0	0	1	0	Longo da via	Bom	Sem defeito	Perfeito estado	Seca	Perfeito estado	Não existe	Outras	60 km/h	Única	Faixa contínua	""	""
1946	2021-11-01T00:00:00	02:37:00	SEM VÍTIMA	FINALIZADA	TORRÕES	RUA MIRABELA	""	""	UPA DO TORRÕES	TORRÕES	""	""	COLISÃO TRASEIRA	0	0	0	0	0	0	0	0	0	0	0	""	""	""	""	""	""	""	""	""	""	""	""	""
1947	2021-11-01T00:00:00	07:24:00	COM VÍTIMA	FINALIZADA	CAMPO GRANDE	RUA MARQUES DE BAIPENDI	513	""	LADO OPOSTO A PADARIA PAN BENICIO	CAMPO GRANDE	""	""	COLISÃO TRANSVERSAL	1	1	0	0	0	0	0	0	0	2	0	Longo da via	Bom	Não existe	Perfeito estado	Seca	Perfeito estado	Outros	Outras	""	Dupla	Faixa seccionada	""	""
1948	2021-11-01T00:00:00	10:58:00	COM VÍTIMA	FINALIZADA	PINA	AV ANTONIO DE GOES	549	""	LADO OPOSTO DETROI CARDS	PINA	538	CIDADE	ATROPELAMENTO DE PESSOA	1	0	0	0	1	0	0	0	0	1	0	Longo da via	Bom	Sem defeito	Perfeito estado	Seca	Perfeito estado	Não existe	Não há placas	""	Dupla	Canteiro central	""	""
1949	2021-11-01T00:00:00	12:10:00	COM VÍTIMA	FINALIZADA	TORRÕES	AV BICENTENARIO DA REVOLUCAO FRANCESA	25	""	AO LADO DA IGREJA ASSEMBLEIA DE DEUS	TORRÕES	""	SUBURBIO	ATROPELAMENTO DE PESSOA	0	0	0	0	1	0	0	0	0	1	0	Longo da via	Bom	Não existe	Perfeito estado	Seca	Perfeito estado	Não existe	"Placas ""Pare"""	30 km/h	Dupla	Não existe	""	""
1950	2021-11-01T00:00:00	14:15:00	COM VÍTIMA	FINALIZADA	DOIS IRMÃOS	RUA DOIS IRMAOS	""	""	EM FRENTE AO IFPE	DOIS IRMÃOS	""	""	COLISÃO TRANSVERSAL	2	0	0	0	0	0	0	0	0	1	0	Longo da via	Bom	Não existe	Perfeito estado	Seca	Perfeito estado	Não existe	Não há placas	""	Dupla	Faixa contínua	""	""
1951	2021-11-01T00:00:00	16:12:00	COM VÍTIMA	FINALIZADA	JOANA BEZERRA	AV CENTRAL	""	""	ATRÁS DA UNIDADE DE SAÚDE SÃO JOSE DO COQUE	JOANA BEZERRA	""	SUBURBIO	COLISÃO COM CICLISTA	0	0	0	1	0	1	0	0	0	1	0	Longo da via	Bom	Não existe	Incompleta	Seca	Perfeito estado	Não existe	Outras	""	Única	Não existe	""	""
1952	2021-11-01T00:00:00	16:44:00	COM VÍTIMA	FINALIZADA	MADALENA	EST DOS REMEDIOS	""	AV JOSE GONCALVES DE MEDEIROS	EM FRENTE A POLICLÍNICA LESSA DE ANDRADE	MADALENA	353	SUBURBIO	COLISÃO TRANSVERSAL	1	1	0	0	0	0	0	0	0	1	0	Cruzamento	Bom	Sem defeito	Perfeito estado	Seca	Perfeito estado	Faixa de pedestre	R-25a	""	Única	Blocos	""	""
1953	2021-11-01T00:00:00	16:53:00	COM VÍTIMA	FINALIZADA	MADALENA	RUA GOMES TABORDA	390	RUA CARLOS GOMES	EM FRENTE AO ANTIGO BAILE PERFUMADO	MADALENA	""	SUBURBIO	COLISÃO COM CICLISTA	1	0	0	1	0	0	0	0	0	1	0	Cruzamento	Bom	Sem defeito	Perfeito estado	Seca	Perfeito estado	Faixa de pedestre	Não há placas	40 km/h	Dupla	Não existe	""	""
1954	2021-11-02T00:00:00	11:11:00	COM VÍTIMA	FINALIZADA	ESPINHEIRO	RUA AMELIA	114	""	EM FRENTE A AREZZO	ESPINHEIRO	""	CIDADE	COLISÃO FRONTAL	1	1	0	0	0	0	0	0	0	1	0	Longo da via	Bom	Não existe	Perfeito estado	Seca	Perfeito estado	Não existe	R-6a	40 km/h	Única	""	""	""
1955	2021-11-02T00:00:00	13:15:00	SEM VÍTIMA	CANCELADA	AFOGADOS	RUA SAO MIGUEL	""	""	EM FRENTE AO BODE DO NÔ	AFOGADOS	""	SUBURBIO	COLISÃO TRASEIRA	2	0	0	0	0	0	0	0	0	0	0	""	""	""	""	""	""	""	""	""	""	""	""	""
1956	2021-11-02T00:00:00	16:39:00	COM VÍTIMA	FINALIZADA	BOA VISTA	RUA JOAO FERNANDES VIEIRA	405	""	E/F A UNIBRA	BOA VISTA	""	CIDADE	COLISÃO FRONTAL	1	1	0	0	0	0	0	0	0	1	0	Longo da via	Bom	Não existe	Perfeito estado	Seca	Perfeito estado	Faixa de pedestre	Outras	""	Única	Faixa seccionada	""	""
1957	2021-11-02T00:00:00	17:22:00	COM VÍTIMA	FINALIZADA	PORTO DA MADEIRA	RUA DALVA DE OLIVEIRA	3620	RUA DR TRINDADE HENRIQUE	PROXIMO AO SEST/SENAT	PORTO DA MADEIRA	""	SUBURBIO	COLISÃO TRASEIRA	1	1	0	0	0	0	0	0	0	1	0	Cruzamento	Bom	Não existe	Não existente	Seca	Mal iluminada	Não existe	Não há placas	""	Dupla	Não existe	""	""
1958	2021-11-03T00:00:00	07:38:00	COM VÍTIMA	FINALIZADA	BOA VISTA	RUA GERVASIO PIRES	455	RUA DO RIACHUELO	SEMÁFORO 175	BOA VISTA	175	CIDADE	COLISÃO FRONTAL	0	0	0	1	0	0	0	0	0	1	0	Cruzamento	Bom	Sem defeito	Perfeito estado	Seca	Perfeito estado	Faixa de pedestre	Não há placas	40 km/h	Única	Não existe	""	""
1959	2021-11-03T00:00:00	08:25:00	COM VÍTIMA	FINALIZADA	TAMARINEIRA	AV NORTE MIGUEL ARRAES DE ALENCAR	""	AV PROFESSOR JOSE DOS ANJOS	SOB O SEMÁFORO N° 364	TAMARINEIRA	364	""	ATROPELAMENTO DE ANIMAL	0	1	0	0	0	0	0	0	1	1	0	Cruzamento	Bom	Sem defeito	Perfeito estado	Seca	Perfeito estado	Não existe	Outras	""	Dupla	Não existe	""	""
1960	2021-11-03T00:00:00	10:54:00	COM VÍTIMA	FINALIZADA	ESTÂNCIA	AV DR JOSE RUFINO	548	RUA MORAIS E SILVA	LADO OPOSTO GALERIA MARGARIDA	ESTÂNCIA	""	SUBURBIO	COLISÃO FRONTAL	1	1	0	0	0	0	0	0	0	1	0	Cruzamento	Bom	Não existe	Ilegível	Seca	Perfeito estado	Não existe	R-6a	""	Dupla	Não existe	""	""
1961	2021-11-03T00:00:00	13:36:00	COM VÍTIMA	FINALIZADA	SANTO AMARO	VDO ENG ROBERTO PEREIRA DE CARVALHO	""	""	EM FRENTE AO SHOPPING TACARUNA	SANTO AMARO	""	SUBURBIO	COLISÃO FRONTAL	1	1	0	0	0	0	0	0	0	1	0	Viaduto	Bom	Não existe	Perfeito estado	Seca	Perfeito estado	Não existe	Não há placas	60 km/h	Única	Faixa seccionada	""	""
1962	2021-11-03T00:00:00	14:45:00	SEM VÍTIMA	FINALIZADA	SÃO JOSÉ	AV SUL	""	AV DANTAS BARRETO	PRÓX À SEDE DO GALO DA MADRUGADA	SÃO JOSÉ	""	""	COLISÃO TRASEIRA	2	0	0	0	0	0	0	0	0	0	0	""	""	""	""	""	""	""	""	""	""	""	""	""
1963	2021-11-03T00:00:00	14:54:00	VÍTIMA FATAL	FINALIZADA	CAXANGÁ	AV CAXANGA	5362	""	NA FRENTE DO CAXANGÁ GOLF & COUNTRY CLUB	CAXANGÁ	""	SUBURBIO	COLISÃO COM CICLISTA	1	0	0	1	0	0	0	0	0	1	1	Longo da via	Bom	Não existe	Perfeito estado	Seca	Perfeito estado	Não existe	Não há placas	""	Dupla	Canteiro central	""	""
1964	2021-11-03T00:00:00	17:08:00	COM VÍTIMA	FINALIZADA	BOA VIAGEM	AV BOA VIAGEM	2724	""	EM FRENTE AO EDIFICIO VICENTE LACERDA DE MENEZES	BOA VIAGEM	""	CIDADE	COLISÃO FRONTAL	1	1	0	0	0	0	0	0	0	1	0	Longo da via	Bom	Não existe	Perfeito estado	Seca	Perfeito estado	Não existe	Não há placas	60 km/h	Única	Faixa seccionada	""	""
1965	2021-11-03T00:00:00	18:00:00	COM VÍTIMA	FINALIZADA	BOA VISTA	RUA JOAO FERNANDES VIEIRA	""	""	VERDE FLUT / VERDURAS E FRUTAS	BOA VISTA	""	CIDADE	COLISÃO FRONTAL	1	1	0	0	0	0	0	0	0	1	0	Longo da via	Bom	Não existe	Perfeito estado	Seca	Perfeito estado	Não existe	Outras	""	Única	Faixa seccionada	""	""
1966	2021-11-04T00:00:00	09:44:00	COM VÍTIMA	FINALIZADA	IMBIRIBEIRA	AV MARECHAL MASCARENHAS DE MORAES	2683	""	EM FRENTE A TROLLER	IMBIRIBEIRA	""	CIDADE	COLISÃO FRONTAL	0	1	0	0	0	0	1	0	0	1	0	Longo da via	Bom	Sem defeito	Perfeito estado	Seca	Perfeito estado	Não existe	R-32	60 km/h	Única	Canteiro central	""	""
1967	2021-11-04T00:00:00	11:58:00	COM VÍTIMA	FINALIZADA	MADALENA	RUA JOSE OSORIO	417	RUA REAL DA TORRE	AUTO RECIFE MULTI MARCAS	MADALENA	179	SUBURBIO	COLISÃO TRASEIRA	0	2	0	0	0	0	0	0	0	1	0	Longo da via	Bom	Sem defeito	Perfeito estado	Seca	Perfeito estado	Outros	R-6a	""	Única	Faixa seccionada	""	""
1968	2021-11-04T00:00:00	14:44:00	COM VÍTIMA	FINALIZADA	IMBIRIBEIRA	RUA BARAO DE AGUA BRANCA	376	RUA DUQUE ESTRADA	EM FRENTE AO EDIFICIO ÁGUA BRANCA	IMBIRIBEIRA	""	""	COLISÃO TRANSVERSAL	2	0	0	0	0	0	0	0	0	1	0	Cruzamento	Bom	Não existe	Não existente	Seca	Perfeito estado	Não existe	Não há placas	""	Dupla	Não existe	""	""
1969	2021-11-04T00:00:00	14:44:00	COM VÍTIMA	FINALIZADA	BAIRRO DO RECIFE	CAIS DO APOLO	""	PTE CONDE MAURICIO DE NASSAU	SEMÁFORO 165	BAIRRO DO RECIFE	165	SUBURBIO	ATROPELAMENTO DE PESSOA	0	0	0	0	1	1	0	0	0	1	0	Cruzamento	Bom	Sem defeito	Perfeito estado	Seca	Perfeito estado	Faixa de pedestre	R-6a	30 km/h	Única	Faixa seccionada	""	""
1970	2021-11-04T00:00:00	16:02:00	SEM VÍTIMA	FINALIZADA	ILHA DO LEITE	RUA FRANCISCO ALVES	""	PRC MIGUEL DE CERVANTES	""	ILHA DO LEITE	508	CIDADE	""	1	0	0	0	0	0	0	1	0	0	0	Cruzamento	Bom	Sem defeito	Perfeito estado	Seca	Perfeito estado	Faixa de pedestre	Não há placas	""	Dupla	Faixa contínua	""	""
1971	2021-11-04T00:00:00	17:38:00	SEM VÍTIMA	FINALIZADA	AFOGADOS	RUA SANTOS ARAUJO	107	""	EM FRENTE A IPESU - FAREC	AFOGADOS	""	SUBURBIO	""	1	0	0	0	0	1	0	0	0	0	0	Longo da via	Bom	Não existe	Perfeito estado	Seca	Perfeito estado	Não existe	Outras	""	Única	Faixa contínua	Faixa seccionada	""
1972	2021-11-05T00:00:00	00:14:00	SEM VÍTIMA	FINALIZADA	ROSARINHO	AV SANTOS DUMONT	""	""	APÓS A PRAÇA DO ROSARINHO	ROSARINHO	""	""	COLISÃO TRASEIRA	0	0	0	0	0	0	0	0	0	0	0	""	""	""	""	""	""	""	""	""	""	""	""	""
1973	2021-11-05T00:00:00	09:00:00	COM VÍTIMA	FINALIZADA	CAXANGÁ	AV CAXANGA	""	""	EM FRENTE A ESTAÇÃO ENGENHO POETA	CAXANGÁ	609	SUBURBIO	ATROPELAMENTO DE PESSOA	1	0	0	0	1	0	0	0	0	2	0	Longo da via	Bom	Sem defeito	Perfeito estado	Seca	Perfeito estado	""	R-6a	60 km/h	Dupla	Faixa contínua	Faixa seccionada	Canteiro central
1974	2021-11-05T00:00:00	10:46:00	COM VÍTIMA	FINALIZADA	TORRÕES	AV ENGENHEIRO ABDIAS DE CARVALHO	618	""	HELENO SUSPENSÃO	TORRÕES	""	CIDADE	COLISÃO COM CICLISTA	1	0	0	1	0	0	0	0	0	1	0	Longo da via	Bom	Não existe	Perfeito estado	Seca	Perfeito estado	Não existe	Não há placas	""	Dupla	Canteiro central	""	""
1975	2021-11-05T00:00:00	11:29:00	COM VÍTIMA	FINALIZADA	AFOGADOS	RUA SAO MIGUEL	898	RUA ODILON TUCUMAN	EM FRENTE O 14º DE LOGISTICA	AFOGADOS	""	CIDADE	COLISÃO FRONTAL	1	1	0	0	0	0	0	0	0	1	0	Longo da via	Bom	Não existe	Perfeito estado	Seca	Perfeito estado	Não existe	R-6a	""	Dupla	Faixa seccionada	""	""
1976	2021-11-05T00:00:00	16:30:00	SEM VÍTIMA	FINALIZADA	DERBY	AV GOVERNADOR AGAMENON MAGALHAES	""	PRC DO DERBY	PRAÇA DO DERBY	DERBY	75	SUBURBIO	COLISÃO FRONTAL	0	0	0	0	0	1	0	1	0	0	0	Cruzamento	Bom	Sem defeito	Perfeito estado	Seca	Perfeito estado	Agente	Outras	60 km/h	Dupla	Outros	""	""
1977	2021-11-05T00:00:00	20:12:00	SEM VÍTIMA	CANCELADA	BOA VIAGEM	AV ENGENHEIRO DOMINGOS FERREIRA	3856	""	PROX A FAMILIA GIULIANO	BOA VIAGEM	""	""	COLISÃO TRASEIRA	3	0	0	0	0	0	0	0	0	0	0	""	""	""	""	""	""	""	""	""	""	""	""	""
1978	2021-11-05T00:00:00	20:33:00	COM VÍTIMA	CANCELADA	PARNAMIRIM	AV DEZESSETE DE AGOSTO	""	""	E/F AO BANCO DO BRASIL	PARNAMIRIM	""	""	COLISÃO FRONTAL	1	1	0	0	0	0	0	0	0	1	0	""	""	""	""	""	""	""	""	""	""	""	""	""
1979	2021-11-05T00:00:00	21:34:40	SEM VÍTIMA	FINALIZADA	CABANGA	AV ENGENHEIRO JOSE ESTELITA	""	""	PROX AO VIADUTO	CABANGA	""	""	CHOQUE	1	0	0	0	0	0	0	0	0	0	0	""	""	""	""	""	""	""	""	""	""	""	""	""
1980	2021-11-06T00:00:00	08:03:00	COM VÍTIMA	FINALIZADA	ESPINHEIRO	RUA QUARENTA E OITO	""	RUA DO ESPINHEIRO	""	ESPINHEIRO	166	CIDADE	COLISÃO COM CICLISTA	0	1	0	1	0	0	0	0	0	3	0	Cruzamento	Bom	Sem defeito	Perfeito estado	Seca	Perfeito estado	Faixa de pedestre	Não há placas	30 km/h	Única	Faixa seccionada	""	""
1981	2021-11-06T00:00:00	14:03:00	COM VÍTIMA	CANCELADA	TEJIPIÓ	RUA FALCAO DE LACERDA	42	""	EM FRENTE AO DOURADÃO GALETO	TEJIPIÓ	""	""	COLISÃO LATERAL	1	2	0	0	0	0	0	0	0	1	0	""	""	""	""	""	""	""	""	""	""	""	""	""
1982	2021-11-06T00:00:00	18:21:00	COM VÍTIMA	FINALIZADA	BOA VIAGEM	AV BOA VIAGEM	2554	""	EM FRENTE AO EDIFICIO LUIZ IGNACIO	BOA VIAGEM	""	CIDADE	ATROPELAMENTO DE PESSOA	1	0	0	0	1	0	0	0	0	1	0	Longo da via	Bom	Não existe	Perfeito estado	Seca	Perfeito estado	Não existe	Não há placas	60 km/h	Única	Faixa seccionada	""	""