_id	data	hora	natureza_acidente	situacao	bairro	endereco	numero	detalhe_endereco_acidente	complemento	bairro_cruzamento	num_semaforo	sentido_via	tipo	auto	moto	ciclom	ciclista	pedestre	onibus	caminhao	viatura	outros	vitimas	vitimasfatais	acidente_verificado	tempo_clima	situacao_semaforo	sinalizacao	condicao_via	conservacao_via	ponto_controle	situacao_placa	velocidade_max_via	mao_direcao	divisao_via1	divisao_via2	divisao_via3
1983	2021-11-07T00:00:00	00:23:00	COM VÍTIMA	FINALIZADA	CAMPO GRANDE	EST DE BELEM	1809	""	PRÓXIMO A ROTÁTORIA E IGREJA BATISTA	CAMPO GRANDE	""	""	CHOQUE	0	0	0	0	0	0	0	0	0	1	0	""	""	""	""	""	""	""	""	""	""	""	""	""
1984	2021-11-07T00:00:00	02:08:00	SEM VÍTIMA	FINALIZADA	CASA FORTE	AV DEZESSETE DE AGOSTO	1310	""	POSTO DE GASOLINA PETROBRAS	CASA FORTE	""	""	COLISÃO LATERAL	0	0	0	0	0	0	0	0	0	0	0	""	""	""	""	""	""	""	""	""	""	""	""	""
1985	2021-11-07T00:00:00	11:20:00	COM VÍTIMA	FINALIZADA	IPSEP	RUA JEAN EMILE FAVRE	46	RUA BLUMENAU	EM FRENTE A FARMACIA SANTA LUZIA	IPSEP	101	CIDADE	COLISÃO FRONTAL	0	2	0	0	0	0	0	0	0	1	0	Cruzamento	Bom	Sem defeito	Perfeito estado	Seca	Perfeito estado	Faixa de pedestre	R-6a	""	Dupla	Faixa contínua	""	""
1986	2021-11-07T00:00:00	12:32:00	SEM VÍTIMA	CANCELADA	CORDEIRO	RUA CARNEIRO DE MARIZ	129	""	PRÓX AO MCONTAB - ESCRITÓRIO DE CONTABILIDADE.	CORDEIRO	""	""	COLISÃO TRASEIRA	2	0	0	0	0	0	0	0	0	0	0	""	""	""	""	""	""	""	""	""	""	""	""	""
1987	2021-11-07T00:00:00	07:40:00	COM VÍTIMA	FINALIZADA	CASA AMARELA	AV NORTE MIGUEL ARRAES DE ALENCAR	""	""	LADO OPOSTO AO N° 6037	CASA AMARELA	""	SUBURBIO	CHOQUE	0	1	0	0	0	0	0	0	0	1	0	Longo da via	Bom	Não existe	Perfeito estado	Seca	Perfeito estado	Não existe	Não há placas	""	Dupla	Canteiro central	""	""
1988	2021-11-07T00:00:00	17:52:00	SEM VÍTIMA	FINALIZADA	IPSEP	RUA JEAN EMILE FAVRE	""	""	PRÓX A DELTA AUTO PEÇAS E À VIGILÂNCIA SANITÁRIA	IPSEP	135	""	COLISÃO LATERAL	2	0	0	0	0	0	0	0	0	0	0	""	""	""	""	""	""	""	""	""	""	""	""	""
1989	2021-11-07T00:00:00	20:14:00	SEM VÍTIMA	FINALIZADA	AFOGADOS	EST DO BONGI	26	""	EF AO HOTEL COSTA AZUL	AFOGADOS	""	""	CHOQUE	1	0	0	0	0	0	0	0	0	0	0	""	""	""	""	""	""	""	""	""	""	""	""	""
1990	2021-11-07T00:00:00	20:20:00	COM VÍTIMA	FINALIZADA	ÁGUA FRIA	EST VELHA DE AGUA FRIA	712	AV NORTE MIGUEL ARRAES DE ALENCAR	PRÓX A FERREIRA COSTA	ÁGUA FRIA	""	CIDADE	COLISÃO FRONTAL	1	1	0	0	0	0	0	0	0	1	0	Longo da via	Bom	Sem defeito	Perfeito estado	Seca	Perfeito estado	Não existe	Não há placas	""	Dupla	Faixa seccionada	""	""
1991	2021-11-07T00:00:00	20:50:00	COM VÍTIMA	CANCELADA	IPUTINGA	AV INACIO MONTEIRO	311	""	PRÓX A ASSEMBLEIA DE DEUS	IPUTINGA	""	""	CHOQUE	3	0	0	0	0	0	0	0	0	1	0	""	""	""	""	""	""	""	""	""	""	""	""	""
1992	2021-11-07T00:00:00	21:58:40	COM VÍTIMA	CANCELADA	DOIS UNIDOS	RUA BEIJA FLOR	20	""	PRÓX A VILA DA MINERVA E ASINHA DO TONHO	DOIS UNIDOS	""	""	COLISÃO FRONTAL	0	1	0	0	0	1	0	0	0	2	0	""	""	""	""	""	""	""	""	""	""	""	""	""
1993	2021-11-08T00:00:00	00:56:00	COM VÍTIMA	FINALIZADA	JOANA BEZERRA	PTE JOSE DE BARROS LIMA	""	""	DECLIVE DA PONTE	JOANA BEZERRA	""	SUBURBIO	CAPOTAMENTO	1	0	0	0	0	0	0	0	0	1	0	Ponte	Bom	Não existe	Perfeito estado	Seca	Perfeito estado	Não existe	Não há placas	""	Dupla	Faixa seccionada	Canteiro central	""
1994	2021-11-08T00:00:00	08:41:00	COM VÍTIMA	FINALIZADA	IPUTINGA	AV CAXANGA	4068	RUA MANOEL JOAQUIM DE ALMEIDA	PRÓXIMO AO BIG BOMPREÇO	IPUTINGA	533	CIDADE	COLISÃO TRASEIRA	0	2	0	0	0	0	0	0	0	2	0	Cruzamento	Bom	Sem defeito	Perfeito estado	Seca	Perfeito estado	Agente	Não há placas	""	""	Faixa contínua	""	""
1995	2021-11-08T00:00:00	09:22:00	COM VÍTIMA	CANCELADA	TORRE	RUA JOSE OSORIO	""	RUA REAL DA TORRE	AO LADO DOPOSTO DE GASOLINA BR E A PRAÇA	TORRE	""	""	COLISÃO TRASEIRA	1	0	0	0	0	0	1	0	0	1	0	""	""	""	""	""	""	""	""	""	""	""	""	""
1996	2021-11-08T00:00:00	10:20:00	COM VÍTIMA	FINALIZADA	BOA VIAGEM	AV CONSELHEIRO AGUIAR	2122	""	AO LADO DA  PADARIA DIPLOMATA	BOA VIAGEM	""	CIDADE	CHOQUE	1	0	0	0	0	0	0	0	0	2	0	Longo da via	Bom	Não existe	Perfeito estado	Seca	Perfeito estado	Não existe	Não há placas	""	Única	Faixa seccionada	""	""
1997	2021-11-08T00:00:00	11:17:00	COM VÍTIMA	FINALIZADA	VASCO DA GAMA	RUA ASSUNCAO	37	""	PROX. AO TEATRO LOMBATINHO	VASCO DA GAMA	""	""	CHOQUE	2	0	0	0	0	0	1	0	0	1	0	Longo da via	Bom	Não existe	Não existente	Seca	Perfeito estado	Não existe	Não há placas	""	Dupla	Não existe	""	""
1998	2021-11-08T00:00:00	13:35:00	SEM VÍTIMA	FINALIZADA	SAN MARTIN	AV GENERAL SAN MARTIN	""	""	EM FRENTE AO NOVO ATACAREJO	SAN MARTIN	693	CIDADE	""	1	1	0	0	0	0	0	0	0	0	0	Longo da via	Bom	Sem defeito	Perfeito estado	Seca	Perfeito estado	Faixa de pedestre	Outras	""	Dupla	Faixa contínua	""	""
1999	2021-11-08T00:00:00	17:54:00	COM VÍTIMA	FINALIZADA	CORDEIRO	AV MAURICIO DE NASSAU	""	""	POR TRÁS DO PARQUE DE EXPOSIÇÃO DO CORDEIRO	CORDEIRO	""	CIDADE	COLISÃO FRONTAL	3	0	0	0	0	0	0	0	0	2	0	Longo da via	Bom	Não existe	Perfeito estado	Seca	""	Não existe	""	""	Dupla	""	""	""
2000	2021-11-08T00:00:00	18:29:00	COM VÍTIMA	FINALIZADA	LINHA DO TIRO	RUA AGUAS DE PRATA	78	""	E/F A ANTIGA FABRICA DO CAFÉ BEBERIBE	LINHA DO TIRO	""	SUBURBIO	CHOQUE	0	0	0	0	0	0	1	0	0	1	0	Longo da via	Bom	Não existe	Perfeito estado	Seca	Perfeito estado	Não existe	Não há placas	40 km/h	Dupla	Não existe	""	""
2001	2021-11-09T00:00:00	04:44:00	SEM VÍTIMA	FINALIZADA	BAIRRO DO RECIFE	AV MILITAR	""	""	POSTO SHELL	BAIRRO DO RECIFE	""	""	QUEDA	0	1	0	0	0	0	0	0	0	0	0	""	""	""	""	""	""	""	""	""	""	""	""	""
2002	2021-11-09T00:00:00	09:39:00	COM VÍTIMA	FINALIZADA	TOTÓ	AV LIBERDADE	950	""	LADO OPOSTO A ANTIGA FURTOS DE VEICULOS	TOTÓ	""	SUBURBIO	COLISÃO TRANSVERSAL	1	1	0	0	0	0	0	0	0	1	0	Longo da via	Bom	Não existe	Incompleta	Seca	""	Não existe	Não há placas	""	Dupla	Não existe	""	""
2003	2021-11-09T00:00:00	11:42:00	COM VÍTIMA	FINALIZADA	BOA VIAGEM	RUA SA E SOUZA	154	RUA BELMONTE	EM FRENTE A FARMACIA DROGASIL	BOA VIAGEM	""	SUBURBIO	COLISÃO FRONTAL	0	1	0	0	0	1	0	0	0	1	0	Cruzamento	Bom	Não existe	Perfeito estado	Seca	Perfeito estado	Faixa de pedestre	"Placas ""Pare"""	30 km/h	Dupla	Faixa seccionada	""	""
2004	2021-11-09T00:00:00	13:12:00	COM VÍTIMA	FINALIZADA	JOANA BEZERRA	AV BEIRA RIO	""	""	PRÓXIMO A ACADEMIA DA CIDADE	JOANA BEZERRA	""	CIDADE	COLISÃO TRANSVERSAL	1	1	0	0	0	0	0	0	0	1	0	Cruzamento	Bom	Não existe	Perfeito estado	Seca	Perfeito estado	Faixa de retenção	"Placas ""Pare"""	60 km/h	Única	Faixa contínua	""	""
2005	2021-11-09T00:00:00	14:26:00	SEM VÍTIMA	CANCELADA	DOIS UNIDOS	SUB DA MEDALHA MILAGROSA	84	""	OPOSTO AO Nº 80	DOIS UNIDOS	""	""	CAPOTAMENTO	1	0	0	0	0	0	0	0	0	0	0	""	Bom	Não existe	Perfeito estado	Seca	Perfeito estado	Não existe	Não há placas	""	Dupla	Não existe	""	""
2006	2021-11-09T00:00:00	17:05:00	SEM VÍTIMA	FINALIZADA	AFOGADOS	RUA SAO MIGUEL	1357	RUA MANOEL DE ALBUQUERQUE FERNANDES	PROXIMO  A  FARMACIA BONGI	AFOGADOS	""	SUBURBIO	COLISÃO TRANSVERSAL	2	0	0	0	0	0	0	0	0	0	0	Longo da via	Bom	Não existe	Não existente	Seca	Perfeito estado	Não existe	Não há placas	""	Dupla	Faixa seccionada	""	""
2007	2021-11-09T00:00:00	17:18:00	COM VÍTIMA	FINALIZADA	TORRÕES	AV ENGENHEIRO ABDIAS DE CARVALHO	1329	""	RESTAURANTE KIYOI GALETOS	TORRÕES	375	CIDADE	COLISÃO FRONTAL	0	2	0	0	0	0	0	0	0	1	0	Cruzamento	Bom	Sem defeito	Perfeito estado	Seca	Perfeito estado	Faixa de pedestre	R-4a	60 km/h	Dupla	Canteiro central	""	""
2008	2021-11-10T00:00:00	06:17:00	COM VÍTIMA	FINALIZADA	VASCO DA GAMA	RUA VASCO DA GAMA	630	""	AO LADO DA IGREJA ASSEMBLEIA DE DEUS	VASCO DA GAMA	""	SUBURBIO	COLISÃO TRASEIRA	1	0	0	0	0	1	0	0	0	1	0	Longo da via	Bom	Não existe	Perfeito estado	Seca	Perfeito estado	Não existe	Não há placas	60 km/h	Dupla	Faixa seccionada	""	""
2009	2021-11-10T00:00:00	11:53:00	COM VÍTIMA	FINALIZADA	CASA AMARELA	RUA XAVANTES	1337	RUA PAULA BATISTA	EM FRENTE MEGA MED	CASA AMARELA	""	""	COLISÃO FRONTAL	1	0	0	0	0	0	0	0	0	1	0	Longo da via	Bom	Não existe	Perfeito estado	Seca	Perfeito estado	Não existe	Não há placas	30 km/h	Dupla	Faixa seccionada	""	""
2010	2021-11-10T00:00:00	12:43:00	COM VÍTIMA	FINALIZADA	PRADO	RUA JAPECANGA	171	RUA JOAO IVO DA SILVA	EM FRENTE AO ARTCONTA	PRADO	""	SUBURBIO	COLISÃO FRONTAL	1	0	0	0	0	0	0	0	0	1	0	Longo da via	Bom	Não existe	Ilegível	Seca	Perfeito estado	Não existe	Não há placas	30 km/h	Única	Faixa seccionada	""	""
2011	2021-11-10T00:00:00	14:07:00	COM VÍTIMA	FINALIZADA	BOA VIAGEM	RUA VISCONDE DE JEQUITINHONHA	""	AV ARMINDO MOURA	PRÓXIMO AO LAVA JATO DAS MENINAS	BOA VIAGEM	""	SUBURBIO	COLISÃO TRANSVERSAL	1	1	0	0	0	0	0	0	0	2	0	Cruzamento	Bom	Sem defeito	Perfeito estado	Seca	Perfeito estado	Faixa de pedestre	Não há placas	60 km/h	Dupla	Faixa contínua	Canteiro central	""
2012	2021-11-10T00:00:00	15:22:00	COM VÍTIMA	FINALIZADA	BOA VIAGEM	AV ENGENHEIRO DOMINGOS FERREIRA	3482	""	LADO OPOSTO AO HAPVIDA BOA VIAGEM	BOA VIAGEM	""	SUBURBIO	COLISÃO COM CICLISTA	0	0	0	1	0	1	0	0	0	1	0	Longo da via	Bom	Não existe	Perfeito estado	Seca	Perfeito estado	Outros	Outras	""	Única	Faixa contínua	Canteiro central	""
2013	2021-11-10T00:00:00	16:10:00	COM VÍTIMA	FINALIZADA	PORTO DA MADEIRA	AV BEBERIBE	3620	""	ENFRENTE AO SESC SENAC	PORTO DA MADEIRA	""	SUBURBIO	COLISÃO FRONTAL	1	1	0	0	0	0	0	0	0	1	0	Longo da via	Bom	Sem defeito	Perfeito estado	Seca	Perfeito estado	Não existe	Não há placas	""	Dupla	Faixa contínua	""	""
2014	2021-11-10T00:00:00	18:26:00	SEM VÍTIMA	CANCELADA	IMBIRIBEIRA	RUA PAMPULHA	160	""	POR TRAS DO BANCO DO BRASIL	IMBIRIBEIRA	""	""	COLISÃO LATERAL	1	0	0	0	0	0	1	0	0	0	0	""	""	""	""	""	""	""	""	""	""	""	""	""
2015	2021-11-10T00:00:00	18:34:00	COM VÍTIMA	CANCELADA	DOIS IRMÃOS	RUA RIBEIRO PESSOA	""	RUA DR ANTONIO H DE CASTRO NETO	PRÓX A UPA DA CAXANGÁ	DOIS IRMÃOS	""	""	COLISÃO TRASEIRA	1	1	0	0	0	0	0	0	0	1	0	""	""	""	""	""	""	""	""	""	""	""	""	""
2016	2021-11-11T00:00:00	06:23:00	COM VÍTIMA	FINALIZADA	GRAÇAS	AV GOVERNADOR AGAMENON MAGALHAES	1114	RUA DR BANDEIRA FILHO	E/F AO EDF. DO TRE (SENT. BOA VIAGEM // VIA PRINCIPAL )	GRAÇAS	173	BOA VIAGEM	COLISÃO FRONTAL	1	1	0	0	0	0	0	0	0	1	0	Longo da via	Chuvoso	Sem defeito	Perfeito estado	Molhada	Perfeito estado	Não existe	Outras	60 km/h	Dupla	Canal	""	""
2017	2021-11-11T00:00:00	08:10:00	COM VÍTIMA	FINALIZADA	CIDADE UNIVERSITÁRIA	AV PROFESSOR ARTUR DE SA	1118	""	AO LADO DO DOSPITAL DAS CLÍNICAS	CIDADE UNIVERSITÁRIA	""	SUBURBIO	COLISÃO TRANSVERSAL	1	1	0	0	0	0	0	0	0	1	0	Longo da via	Bom	Não existe	""	Seca	Outros	Não existe	Outras	40 km/h	Dupla	Faixa contínua	""	""
2018	2021-11-11T00:00:00	08:38:00	COM VÍTIMA	FINALIZADA	BEBERIBE	RUA DALVA DE OLIVEIRA	""	""	""	BEBERIBE	""	""	COLISÃO TRASEIRA	2	0	0	0	0	0	0	0	0	1	0	""	""	""	""	""	""	""	""	""	""	""	""	""
2019	2021-11-11T00:00:00	11:30:00	SEM VÍTIMA	FINALIZADA	ESTÂNCIA	AV RECIFE	""	""	ANTIGA MAKRO	ESTÂNCIA	""	SUBURBIO	COLISÃO TRANSVERSAL	6	0	0	0	0	0	0	0	0	0	0	""	""	""	""	""	""	""	""	""	""	""	""	""
2020	2021-11-11T00:00:00	14:32:00	COM VÍTIMA	FINALIZADA	BOA VIAGEM	RUA VISCONDE DE JEQUITINHONHA	""	""	SEMÁFORO 443	BOA VIAGEM	443	SUBURBIO	ATROPELAMENTO DE PESSOA	0	1	0	0	1	0	0	0	0	1	0	Longo da via	Bom	Sem defeito	Perfeito estado	Seca	Perfeito estado	Faixa de pedestre	Outras	""	Única	Faixa seccionada	Canteiro central	""
2021	2021-11-11T00:00:00	15:43:00	COM VÍTIMA	CANCELADA	IBURA	AV DOIS RIOS	""	""	PROX A NR SUPERMERCADO	IBURA	""	""	COLISÃO LATERAL	1	1	0	0	0	0	0	0	0	1	0	""	""	""	""	""	""	""	""	""	""	""	""	""
2022	2021-11-11T00:00:00	16:27:00	SEM VÍTIMA	FINALIZADA	AFOGADOS	RUA QUITERIO INACIO DE MELLO	""	RUA CINCO DE NOVEMBRO	IMPORT PNEUS	AFOGADOS	553	SUBURBIO	""	2	0	0	0	0	0	0	0	0	0	0	Longo da via	Bom	Sem defeito	Perfeito estado	Seca	Perfeito estado	""	"Placas ""Pare"""	""	Única	Faixa seccionada	""	""
2023	2021-11-11T00:00:00	17:58:00	COM VÍTIMA	FINALIZADA	ROSARINHO	AV NORTE MIGUEL ARRAES DE ALENCAR	3370	""	ANTES DO EDIFICIO FORTE DOS REIS MAGOS	ROSARINHO	""	SUBURBIO	COLISÃO TRASEIRA	1	1	0	0	0	0	0	0	0	1	0	Longo da via	Bom	Não existe	Perfeito estado	Seca	Perfeito estado	Não existe	"Placas ""Pare"""	60 km/h	Dupla	Faixa seccionada	Canteiro central	""
2024	2021-11-11T00:00:00	18:37:00	COM VÍTIMA	FINALIZADA	SANTO AMARO	AV GOVERNADOR AGAMENON MAGALHAES	""	""	EM CIMA DO VIADUTO SENTIDO OLINDA -	SANTO AMARO	""	""	COLISÃO COM CICLISTA	1	0	0	1	0	0	0	0	0	1	0	""	""	""	""	""	""	""	""	""	""	""	""	""
2025	2021-11-11T00:00:00	20:17:00	COM VÍTIMA	FINALIZADA	TAMARINEIRA	AV NORTE MIGUEL ARRAES DE ALENCAR	""	AV PROFESSOR JOSE DOS ANJOS	EM FRENTE AO SESC	TAMARINEIRA	364	CIDADE	COLISÃO FRONTAL	0	1	0	0	0	0	0	0	0	2	0	Cruzamento	Bom	Sem defeito	Perfeito estado	Seca	Perfeito estado	Faixa de pedestre	Não há placas	""	Dupla	Canteiro central	""	""
2026	2021-11-12T00:00:00	09:32:00	SEM VÍTIMA	FINALIZADA	MANGUEIRA	RUA SAO MIGUEL	1705	""	AO LADO DO ATACAREJO	MANGUEIRA	""	""	COLISÃO LATERAL	0	1	0	0	0	0	0	1	0	0	0	Cruzamento	Bom	Não existe	Perfeito estado	Seca	Perfeito estado	Não existe	Não há placas	""	Dupla	Faixa contínua	""	""
2027	2021-11-12T00:00:00	11:22:00	COM VÍTIMA	FINALIZADA	CORDEIRO	EST DO FORTE DO ARRAIAL N. DO B. JESUS	422	""	E/F A P.A PESCADOS	CORDEIRO	""	""	COLISÃO TRANSVERSAL	1	1	0	0	0	0	0	0	0	1	0	Longo da via	Bom	Não existe	Perfeito estado	Seca	Perfeito estado	Não existe	Não há placas	""	Dupla	Faixa contínua	""	""
2028	2021-11-12T00:00:00	11:32:00	COM VÍTIMA	FINALIZADA	BOA VISTA	RUA TABIRA	220	AV MONTEVIDEU	APOS O BRADESCO AUTO CENTER	BOA VISTA	""	CIDADE	COLISÃO COM CICLISTA	1	0	0	1	0	0	0	0	0	1	0	Cruzamento	Bom	Não existe	Perfeito estado	Seca	Perfeito estado	Não existe	Não há placas	60 km/h	Única	Faixa seccionada	""	""
2029	2021-11-12T00:00:00	11:57:00	SEM VÍTIMA	FINALIZADA	BAIRRO DO RECIFE	RUA DO PRINCIPE	390	""	PROX A IGREJA CONGREGACIONAL	BAIRRO DO RECIFE	""	""	ENGAVETAMENTO	3	0	0	0	0	0	0	0	0	0	0	""	""	""	""	""	""	""	""	""	""	""	""	""
2030	2021-11-12T00:00:00	12:31:00	COM VÍTIMA	FINALIZADA	MADALENA	RUA BENFICA	650	""	EM FRENTE AO EDIFICIO CRISTINA	MADALENA	""	CIDADE	COLISÃO FRONTAL	1	1	0	0	0	0	0	0	0	1	0	Longo da via	Bom	Não existe	Perfeito estado	Seca	Perfeito estado	Não existe	Não há placas	""	Dupla	Faixa contínua	""	""
2031	2021-11-12T00:00:00	14:01:00	COM VÍTIMA	FINALIZADA	BOA VIAGEM	AV BOA VIAGEM	3962	RUA RIBEIRO DE BRITO	EM FRENTE AO EDIFICIO QUEEN MARY	BOA VIAGEM	""	CIDADE	COLISÃO COM CICLISTA	1	0	0	1	0	0	0	0	0	1	0	Longo da via	Bom	Não existe	Perfeito estado	Seca	Perfeito estado	Não existe	Não há placas	60 km/h	Única	Faixa seccionada	""	""
2032	2021-11-12T00:00:00	14:09:00	COM VÍTIMA	FINALIZADA	BOA VIAGEM	AV CONSELHEIRO AGUIAR	2034	""	AO LADO DO BANCO SANTANDER	BOA VIAGEM	""	CIDADE	COLISÃO TRASEIRA	1	1	0	0	0	0	0	0	0	1	0	Cruzamento	Bom	Não existe	Perfeito estado	Seca	Perfeito estado	Não existe	"Placas ""Pare"""	""	Única	Faixa seccionada	""	""
2033	2021-11-12T00:00:00	15:33:00	SEM VÍTIMA	FINALIZADA	MADALENA	RUA MONSENHOR SILVA	223	""	PROXIMO AO MINUTO PÃO DE AÇÚCAR	MADALENA	""	""	COLISÃO LATERAL	2	0	0	0	0	0	0	0	0	0	0	Longo da via	Bom	Não existe	Não existente	Seca	Perfeito estado	Não existe	Não há placas	""	""	Não existe	""	""
2034	2021-11-12T00:00:00	16:41:00	COM VÍTIMA	FINALIZADA	SÃO JOSÉ	AV DANTAS BARRETO	906	""	EM FRENTE AO NE 906	SÃO JOSÉ	""	SUBURBIO	ATROPELAMENTO DE PESSOA	1	0	0	0	1	0	0	0	0	1	0	Longo da via	Bom	Não existe	Perfeito estado	Seca	Perfeito estado	Não existe	Outras	""	Dupla	Faixa contínua	""	""
2035	2021-11-12T00:00:00	17:15:00	COM VÍTIMA	FINALIZADA	VASCO DA GAMA	AV VEREADOR OTACILIO AZEVEDO	960	RUA TUPIRACABA	APÓS A UPA	VASCO DA GAMA	""	SUBURBIO	COLISÃO FRONTAL	0	1	0	0	0	1	0	0	0	1	0	Cruzamento	Bom	Não existe	Não existente	Seca	Perfeito estado	Não existe	Não há placas	""	Dupla	Não existe	""	""
2036	2021-11-12T00:00:00	18:21:00	COM VÍTIMA	FINALIZADA	LINHA DO TIRO	RUA URIEL DE HOLANDA	114	RUA TAGUATINGA	NA LADEIRA, PRÓX AO CLUBE BELA VISTA	LINHA DO TIRO	""	""	ENGAVETAMENTO	1	1	0	0	0	0	1	0	0	4	0	Cruzamento	Bom	Não existe	""	""	""	""	""	""	""	""	""	""
2037	2021-11-12T00:00:00	21:11:40	COM VÍTIMA	FINALIZADA	CORDEIRO	AV ENGENHEIRO ABDIAS DE CARVALHO	687	""	PROX AO SUPERMECADO DO ATACAREJO	CORDEIRO	687	CIDADE	COLISÃO TRANSVERSAL	1	1	0	0	0	0	0	0	0	1	0	Longo da via	Bom	Sem defeito	Perfeito estado	Seca	Perfeito estado	Faixa de pedestre	Não há placas	""	""	Faixa seccionada	""	""
2038	2021-11-12T00:00:00	21:49:40	COM VÍTIMA	FINALIZADA	TAMARINEIRA	AV CONS ROSA E SILVA	""	RUA SIMAO MENDES	FARMÁCIA PAGUE MENOS	TAMARINEIRA	253	S	COLISÃO TRANSVERSAL	1	1	0	0	0	0	0	0	0	1	0	Cruzamento	Chuvoso	Sem defeito	Perfeito estado	Molhada	Perfeito estado	Faixa de pedestre	Outras	""	Única	Faixa contínua	""	""
2039	2021-11-12T00:00:00	22:33:40	VÍTIMA FATAL	FINALIZADA	IPUTINGA	RUA BOM PASTOR	670	RUA MAURICEIA	EM FRENTE PONTO DO PASTEL	IPUTINGA	652	SUBURBIO	ATROPELAMENTO DE PESSOA	1	0	0	0	3	0	0	0	0	3	1	Longo da via	Bom	Intermitente	Perfeito estado	Seca	Perfeito estado	Faixa de pedestre	Não há placas	""	Dupla	Faixa seccionada	""	""
2040	2021-11-13T00:00:00	08:24:00	SEM VÍTIMA	CANCELADA	VÁRZEA	RUA EMETERIO MACIEL	868	""	E/F AO CONJUNTO RESIDENCIAL PORTINARI	VÁRZEA	""	""	COLISÃO FRONTAL	2	0	0	0	0	0	0	0	0	0	0	""	""	""	""	""	""	""	""	""	""	""	""	""
2041	2021-11-13T00:00:00	18:14:00	COM VÍTIMA	FINALIZADA	VÁRZEA	RUA AMARO GOMES POROCA	232	""	PRÓXIMO AO RESTAURANTE BRAZETUS	VÁRZEA	""	""	COLISÃO COM CICLISTA	0	0	0	1	0	1	0	0	0	1	0	Longo da via	Bom	Não existe	Perfeito estado	Seca	Perfeito estado	Não existe	Não há placas	""	Dupla	Faixa seccionada	""	""
2042	2021-11-13T00:00:00	20:17:00	SEM VÍTIMA	CANCELADA	AFLITOS	RUA DO FUTURO	800	""	E/F AO EDFC SAO NICOLAU	AFLITOS	""	""	COLISÃO TRASEIRA	2	0	0	0	0	0	0	0	0	0	0	""	""	""	""	""	""	""	""	""	""	""	""	""
2043	2021-11-13T00:00:00	23:14:40	COM VÍTIMA	FINALIZADA	TORRE	RUA JOSE BONIFACIO	""	""	EM FRENTE AO CARREFOUR DA TORRE	TORRE	""	""	COLISÃO LATERAL	1	1	0	0	0	0	0	0	0	1	0	""	""	""	""	""	""	""	""	""	""	""	""	""
2044	2021-11-14T00:00:00	12:43:00	COM VÍTIMA	FINALIZADA	IPUTINGA	AV MAURICIO DE NASSAU	434	EST DO BARBALHO	NO SEMÁFORO 246	IPUTINGA	246	CIDADE	COLISÃO FRONTAL	2	0	0	0	0	0	0	0	0	1	0	Cruzamento	Bom	Sem defeito	Perfeito estado	Seca	Perfeito estado	Faixa de pedestre	Não há placas	""	Dupla	Faixa contínua	""	""
2045	2021-11-14T00:00:00	13:14:00	SEM VÍTIMA	FINALIZADA	BOA VIAGEM	RUA PROFESSOR EDUARDO WANDERLEY FILHO	400	""	E/F A  CASA SAO PAULO SUPERMERCADO	BOA VIAGEM	""	""	COLISÃO LATERAL	0	1	0	0	0	0	0	1	0	0	0	Cruzamento	Bom	Não existe	Perfeito estado	Seca	Perfeito estado	Faixa de pedestre	"Placas ""Pare"""	""	Dupla	Faixa seccionada	""	""
2046	2021-11-14T00:00:00	15:57:00	COM VÍTIMA	FINALIZADA	ALTO JOSÉ DO PINHO	RUA ACAIACA	21	""	MERCADINHO SANTA FÉ	ALTO JOSÉ DO PINHO	""	""	CHOQUE	2	1	0	0	0	0	0	0	0	1	0	Longo da via	Bom	Não existe	Perfeito estado	Seca	Perfeito estado	Não existe	Não há placas	""	Dupla	Não existe	""	""
2047	2021-11-14T00:00:00	21:31:40	COM VÍTIMA	FINALIZADA	MUSTARDINHA	RUA VINTE E UM DE ABRIL	1245	AV MUSTARDINHA	lado oposto ao numero 1245	MUSTARDINHA	""	SUBURBIO	COLISÃO TRASEIRA	1	1	0	0	0	0	0	0	0	1	0	Longo da via	Bom	Não existe	Perfeito estado	Seca	Mal iluminada	Não existe	Não há placas	""	Dupla	Faixa seccionada	""	""
2048	2021-11-14T00:00:00	22:20:40	COM VÍTIMA	FINALIZADA	PINA	RUA TOME GIBSON	230	AV ENGENHEIRO DOMINGOS FERREIRA	PRÓX A ESCOLA OSVALDO LIMA FILHO	PINA	200	SUBURBIO	COLISÃO FRONTAL	1	1	0	0	0	0	0	0	0	1	0	Cruzamento	Bom	Sem defeito	Perfeito estado	Seca	Perfeito estado	Faixa de pedestre	R-6a	60 km/h	Dupla	Faixa contínua	""	""
2049	2021-11-15T00:00:00	19:09:00	COM VÍTIMA	FINALIZADA	IMBIRIBEIRA	AV MARECHAL MASCARENHAS DE MORAES	1999	""	PRÓX AO AÇAI ATACADISTA, SNT CENTRO / E/F A SAEL BMW	IMBIRIBEIRA	""	SUBURBIO	COLISÃO TRASEIRA	1	1	0	0	0	0	0	0	0	1	0	Longo da via	Bom	Não existe	Incompleta	Seca	Perfeito estado	Não existe	Não há placas	60 km/h	Dupla	Canteiro central	""	""