_id	data	hora	natureza_acidente	situacao	bairro	endereco	numero	detalhe_endereco_acidente	complemento	bairro_cruzamento	num_semaforo	sentido_via	tipo	auto	moto	ciclom	ciclista	pedestre	onibus	caminhao	viatura	outros	vitimas	vitimasfatais	acidente_verificado	tempo_clima	situacao_semaforo	sinalizacao	condicao_via	conservacao_via	ponto_controle	situacao_placa	velocidade_max_via	mao_direcao	divisao_via1	divisao_via2	divisao_via3
2050	2021-11-15T00:00:00	19:22:00	SEM VÍTIMA	CANCELADA	BOA VIAGEM	AV ENGENHEIRO DOMINGOS FERREIRA	""	""	E/F AO COLÉGIO NÚCLEO E BANCO DO BRASIL	BOA VIAGEM	""	""	COLISÃO TRASEIRA	2	0	0	0	0	0	0	0	0	0	0	""	""	""	""	""	""	""	""	""	""	""	""	""
2051	2021-11-15T00:00:00	20:23:00	COM VÍTIMA	FINALIZADA	CORDEIRO	AV GENERAL SAN MARTIN	835	""	E/F A IGREJA NOVA BATISTA DO CORDEIRO	CORDEIRO	""	""	COLISÃO LATERAL	1	1	0	0	0	0	0	0	0	1	0	Longo da via	Bom	Não existe	Perfeito estado	Seca	Perfeito estado	Não existe	R-6a	""	Dupla	Faixa contínua	""	""
2052	2021-11-16T00:00:00	00:39:00	COM VÍTIMA	FINALIZADA	ARRUDA	RUA DO MACHADO	437	RUA DO TRIUNFO	PADARIA CENTRAL	ARRUDA	""	SUBURBIO	COLISÃO FRONTAL	1	1	0	0	0	0	0	0	0	2	0	Cruzamento	Bom	Não existe	Ilegível	Seca	""	Não existe	"Placas ""Pare"""	30 km/h	Dupla	Não existe	""	""
2053	2021-11-16T00:00:00	07:32:00	COM VÍTIMA	FINALIZADA	CASA AMARELA	RUA DOIS DE FEVEREIRO	344	""	PROX. A SAULO MOTOS	CASA AMARELA	""	CIDADE	COLISÃO FRONTAL	1	1	0	0	0	0	0	0	0	1	0	Longo da via	Bom	Não existe	Incompleta	Seca	Perfeito estado	Não existe	R-19	30 km/h	Dupla	Não existe	""	""
2054	2021-11-16T00:00:00	08:33:00	COM VÍTIMA	FINALIZADA	CABANGA	VIADUTO CAPITAO TEMUDO	""	""	EM CIMA DO VIADUTO DO CABANGA (SENT. BOA VIAGEM) // ALÇA DE TRANSPORTE	CABANGA	""	SUBURBIO	COLISÃO TRASEIRA	2	0	0	0	0	1	0	0	0	2	0	Longo da via	Bom	Não existe	Perfeito estado	Seca	Perfeito estado	Não existe	Não há placas	60 km/h	Única	Faixa seccionada	""	""
2055	2021-11-16T00:00:00	09:07:00	COM VÍTIMA	FINALIZADA	SANTO AMARO	AV GOVERNADOR AGAMENON MAGALHAES	2805	""	EM FRENTE AO EDF HENRIQUE DIAS	SANTO AMARO	""	OLINDA	COLISÃO TRANSVERSAL	2	0	0	0	0	0	1	0	0	1	0	Longo da via	Bom	Não existe	Perfeito estado	Seca	Perfeito estado	Não existe	Não há placas	60 km/h	Dupla	Canal	""	""
2056	2021-11-16T00:00:00	12:47:00	COM VÍTIMA	FINALIZADA	TORRÕES	AV ENGENHEIRO ABDIAS DE CARVALHO	348	""	LADO OPOSTO AO POSTO DE GASOLINA BR	TORRÕES	""	CIDADE	COLISÃO TRASEIRA	0	1	0	0	0	0	0	0	0	1	0	Longo da via	Bom	Não existe	Perfeito estado	Seca	Perfeito estado	Não existe	Não há placas	""	Única	Faixa seccionada	""	""
2057	2021-11-16T00:00:00	12:51:00	SEM VÍTIMA	CANCELADA	ESPINHEIRO	AV GOVERNADOR AGAMENON MAGALHAES	""	""	EM FRENTE À FIORI JEEP / SUBIDA DO VIADUTO	ESPINHEIRO	""	CIDADE	COLISÃO LATERAL	2	0	0	0	0	0	0	0	0	0	0	""	""	""	""	""	""	""	""	""	""	""	""	""
2058	2021-11-16T00:00:00	12:58:00	COM VÍTIMA	FINALIZADA	SANTO AMARO	AV GOVERNADOR AGAMENON MAGALHAES	""	""	EM FRENTE A UPE/ SENTIDO OLINDA	SANTO AMARO	""	""	COLISÃO FRONTAL	1	1	0	0	0	0	0	0	0	2	0	Longo da via	Bom	Sem defeito	Perfeito estado	Seca	Perfeito estado	Não existe	Não há placas	60 km/h	Única	Faixa seccionada	""	""
2059	2021-11-16T00:00:00	15:49:00	SEM VÍTIMA	CANCELADA	ARRUDA	AV PEDRO DE MELO PEDROZA	95	""	EM FRENTE AO CONDOMINIO ARISTOTELES DE ANDRADE	ARRUDA	""	""	COLISÃO COM CICLISTA	1	0	0	1	0	0	0	0	0	0	0	""	""	""	""	""	""	""	""	""	""	""	""	""
2060	2021-11-16T00:00:00	18:57:00	COM VÍTIMA	FINALIZADA	IMBIRIBEIRA	AV MARECHAL MASCARENHAS DE MORAES	5875	""	EM FRENTE A MOVIDA	IMBIRIBEIRA	""	CIDADE	QUEDA	0	1	0	0	0	0	0	0	0	1	0	Longo da via	Bom	Sem defeito	Perfeito estado	Seca	Perfeito estado	""	Outras	60 km/h	Dupla	Canteiro central	""	""
2061	2021-11-16T00:00:00	19:00:00	SEM VÍTIMA	FINALIZADA	BOA VIAGEM	AV BOA VIAGEM	4070	""	E/F AO HOTEL GRAND MERCURY	BOA VIAGEM	""	""	COLISÃO LATERAL	1	0	0	0	0	0	0	1	0	0	0	Longo da via	Bom	Não existe	Perfeito estado	Seca	Perfeito estado	Não existe	"Placas ""Dê a preferência"""	60KM/H	Única	Faixa seccionada	""	""
2062	2021-11-16T00:00:00	20:07:00	COM VÍTIMA	FINALIZADA	IMBIRIBEIRA	AV MARECHAL MASCARENHAS DE MORAES	""	""	EM FRENTE A PRAÇA MIN SALGADO FILHO	IMBIRIBEIRA	570	SUBURBIO	ATROPELAMENTO DE PESSOA	0	0	0	0	1	0	0	0	0	1	0	Longo da via	Bom	Sem defeito	Perfeito estado	Seca	Perfeito estado	Faixa de pedestre	Outras	""	Dupla	Canteiro central	""	""
2063	2021-11-16T00:00:00	20:51:00	SEM VÍTIMA	FINALIZADA	ENCRUZILHADA	AV NORTE MIGUEL ARRAES DE ALENCAR	""	""	EF AO EXTRA, SEMÁFORO 045, SNT CID/SUB	ENCRUZILHADA	""	""	CHOQUE	1	0	0	0	0	0	0	0	0	0	0	""	""	""	""	""	""	""	""	""	""	""	""	""
2064	2021-11-16T00:00:00	20:47:40	SEM VÍTIMA	FINALIZADA	BOA VIAGEM	RUA JOAO EUGENIO DE LIMA	67	""	PROX A QUADRA DO COLEGIO MADRE DE DEUS	BOA VIAGEM	""	""	COLISÃO FRONTAL	1	0	0	0	0	0	0	1	0	0	0	Cruzamento	Bom	Sem defeito	Não existente	Seca	Perfeito estado	Não existe	Não há placas	""	Dupla	Não existe	""	""
2065	2021-11-16T00:00:00	22:10:40	COM VÍTIMA	FINALIZADA	JORDÃO	RUA VIRGINOPOLIS	206	""	PRÓX AO TERMINAL DE ONIBUS	JORDÃO	""	SUBURBIO	ATROPELAMENTO DE PESSOA	1	0	0	0	2	0	0	0	0	2	0	Longo da via	Bom	Não existe	Perfeito estado	Seca	Perfeito estado	Não existe	Não há placas	""	Única	Não existe	""	""
2066	2021-11-16T00:00:00	23:00:40	SEM VÍTIMA	FINALIZADA	BOA VIAGEM	RUA VISCONDE DE JEQUITINHONHA	1900	""	E/F AO EDF LAGOA DO ABAETÉ	BOA VIAGEM	""	""	CHOQUE	1	0	0	0	0	0	0	0	0	0	0	""	""	""	""	""	""	""	""	""	""	""	""	""
2067	2021-11-17T00:00:00	07:45:00	COM VÍTIMA	FINALIZADA	IBURA	AV DOM HELDER CAMARA	""	AV DOM HELDER CAMARA	EM FRENTE A CASA DA BATERIA	IBURA	""	CIDADE	COLISÃO FRONTAL	1	1	0	0	0	0	0	0	0	1	0	Longo da via	Bom	Não existe	Perfeito estado	Seca	Perfeito estado	Não existe	Não há placas	""	Dupla	Canteiro central	""	""
2068	2021-11-17T00:00:00	08:59:00	SEM VÍTIMA	FINALIZADA	PINA	RUA PROFESSOR JOSUE DE CASTRO	""	""	DENTRO DO TUNEO  / SENT  CIDADE	PINA	""	CIDADE	COLISÃO TRASEIRA	1	0	0	0	0	0	0	1	0	0	0	Longo da via	Bom	Sem defeito	Perfeito estado	Seca	Perfeito estado	Faixa de pedestre	Não há placas	""	Única	""	""	""
2069	2021-11-17T00:00:00	09:05:00	COM VÍTIMA	FINALIZADA	AFOGADOS	RUA PROFESSOR AUGUSTO WANDERLEY FILHO	""	""	ENIIL	AFOGADOS	""	""	COLISÃO TRANSVERSAL	1	1	0	0	0	0	0	0	0	1	0	Cruzamento	Bom	Sem defeito	Perfeito estado	Seca	Perfeito estado	Faixa de pedestre	Não há placas	""	Única	Faixa seccionada	""	""
2070	2021-11-17T00:00:00	09:17:00	COM VÍTIMA	FINALIZADA	CASA AMARELA	AV NORTE MIGUEL ARRAES DE ALENCAR	6173	""	E/F A IGREJA QUADRANGULAR	CASA AMARELA	""	CIDADE	ATROPELAMENTO DE PESSOA	0	1	0	0	1	0	0	0	0	1	0	Longo da via	Bom	Sem defeito	Perfeito estado	Seca	Perfeito estado	Não existe	""	""	Dupla	Faixa seccionada	""	""
2071	2021-11-17T00:00:00	10:52:00	COM VÍTIMA	FINALIZADA	IMBIRIBEIRA	AV DOM JOAO VI	""	RUA SOLDADO SINESIO DE ARAGAO	EM FRENTE AO SEMAFORO 639	IMBIRIBEIRA	639	SUBURBIO	COLISÃO TRASEIRA	0	1	0	0	0	0	1	0	0	1	0	Cruzamento	Bom	Sem defeito	Perfeito estado	Seca	Perfeito estado	Faixa de pedestre	Não há placas	""	Dupla	Canal	Faixa contínua	""
2072	2021-11-17T00:00:00	13:15:00	COM VÍTIMA	FINALIZADA	IBURA	AV DOIS RIOS	""	RUA PINTOR AGENOR DE ALBUQUERQUE CESAR	SOB O SEMÁFORO	IBURA	561	SUBURBIO	COLISÃO TRANSVERSAL	1	1	0	0	0	0	0	0	0	1	0	Esquina	Bom	Sem defeito	Perfeito estado	Seca	Perfeito estado	Faixa de pedestre	Outras	60 km/h	Dupla	Faixa seccionada	""	""
2073	2021-11-17T00:00:00	14:32:00	COM VÍTIMA	FINALIZADA	CAXANGÁ	AV CAXANGA	""	""	E/F  A UPA S/T CID	CAXANGÁ	281	CIDADE	QUEDA	0	1	0	0	0	0	0	0	0	1	0	Longo da via	Bom	Sem defeito	Perfeito estado	Seca	Perfeito estado	Agente	R-32	60 km/h	Dupla	Faixa contínua	Faixa seccionada	Canteiro central
2074	2021-11-17T00:00:00	14:46:00	COM VÍTIMA	FINALIZADA	ESPINHEIRO	AV GOVERNADOR AGAMENON MAGALHAES	2265	""	EM FRENTE AO EDIFICIO VISCONDE DE UTINGA	ESPINHEIRO	""	""	COLISÃO LATERAL	1	1	0	0	0	0	0	0	0	2	0	Longo da via	Bom	Não existe	Perfeito estado	Seca	Perfeito estado	Não existe	Não há placas	60 km/h	Dupla	Canteiro central	""	""
2075	2021-11-17T00:00:00	14:59:00	COM VÍTIMA	FINALIZADA	ENCRUZILHADA	EST DE BELEM	207	RUA DONA JULIETA	E/F A IGREJA DE BELEM	ENCRUZILHADA	""	SUBURBIO	COLISÃO TRANSVERSAL	1	1	0	0	0	0	0	0	0	1	0	Cruzamento	Bom	Não existe	Perfeito estado	Seca	Perfeito estado	Não existe	Não há placas	""	Dupla	Faixa contínua	""	""
2076	2021-11-17T00:00:00	16:06:00	COM VÍTIMA	FINALIZADA	MADALENA	RUA BENFICA	676	""	CHURRASCARIA AFOX	MADALENA	""	CIDADE	COLISÃO TRASEIRA	1	1	0	0	0	0	0	0	0	1	0	Longo da via	Bom	Não existe	Perfeito estado	Seca	Perfeito estado	Não existe	R-6a	""	Dupla	Faixa contínua	Canteiro central	""
2077	2021-11-17T00:00:00	16:52:00	OUTROS	FINALIZADA	SÃO JOSÉ	C SANTA RITA	675	""	LADO OPOSTO AO 16° BPM	SÃO JOSÉ	""	CIDADE	OUTROS	0	1	0	0	0	0	0	0	0	1	0	Longo da via	Chuvoso	Sem defeito	Perfeito estado	Molhada	Perfeito estado	Não existe	Não há placas	60 km/h	Dupla	Canteiro central	""	""
2078	2021-11-17T00:00:00	18:23:00	COM VÍTIMA	FINALIZADA	MADALENA	AV CAXANGA	400	""	PROX AO BANCO SANTANDER	MADALENA	""	SUBURBIO	ATROPELAMENTO DE PESSOA	1	0	0	0	1	0	0	0	0	1	0	Longo da via	Bom	Não existe	Perfeito estado	Seca	Perfeito estado	Não existe	Não há placas	""	Dupla	Canteiro central	""	""
2079	2021-11-17T00:00:00	19:12:00	COM VÍTIMA	CANCELADA	PAISSANDU	AV GOVERNADOR AGAMENON MAGALHAES	""	""	PROX AO BANCO SAFRA	PAISSANDU	69	OLINDA	COLISÃO LATERAL	1	1	0	0	0	0	0	0	0	1	0	""	""	""	""	""	""	""	""	""	""	""	""	""
2080	2021-11-17T00:00:00	20:01:00	COM VÍTIMA	FINALIZADA	IPSEP	RUA HELIO BRANDAO	340	RUA ALAGOAS	AO LADO DO N° 340	IPSEP	""	""	ATROPELAMENTO DE PESSOA	1	0	0	0	1	0	0	0	0	1	0	Longo da via	Bom	Não existe	Ilegível	Seca	Mal iluminada	Não existe	R-6a	""	Dupla	Faixa seccionada	""	""
2081	2021-11-17T00:00:00	22:44:40	COM VÍTIMA	FINALIZADA	BOA VIAGEM	RUA VISCONDE DE JEQUITINHONHA	680	RUA BALTAZAR PASSOS	EM FRENTE AO SEMÁFORO NÚMERO 154	BOA VIAGEM	154	""	""	1	1	0	0	0	0	0	0	0	2	0	Cruzamento	Bom	Sem defeito	Perfeito estado	Seca	Perfeito estado	Faixa de retenção	Não há placas	60 km/h	Única	Faixa contínua	""	""
2082	2021-11-18T00:00:00	07:18:00	COM VÍTIMA	FINALIZADA	ILHA DO LEITE	RUA PAISSANDU	""	""	EM FRENTE AO HOSPITAL SÃO MARCOS	ILHA DO LEITE	""	CIDADE	QUEDA	0	1	0	0	0	0	0	0	0	1	0	Longo da via	Chuvoso	Sem defeito	Perfeito estado	Seca	Perfeito estado	Não existe	Não há placas	""	Dupla	Faixa contínua	Blocos	""
2083	2021-11-18T00:00:00	08:02:00	COM VÍTIMA	CANCELADA	SÃO JOSÉ	C SANTA RITA	454	""	ESQ DO PAINEL DIGITAL  / RUA ESQ COM AS TORRES GEMEAS / 675	SÃO JOSÉ	""	""	COLISÃO LATERAL	0	2	0	0	0	0	0	0	0	1	0	""	""	""	""	""	""	""	""	""	""	""	""	""
2084	2021-11-18T00:00:00	14:07:00	COM VÍTIMA	FINALIZADA	APIPUCOS	RUA DOIS IRMAOS	165	""	EM FRENTE A ASSOCIAÇÃO BRASILEIRA DE ODONTOLOGIA	APIPUCOS	""	CIDADE	COLISÃO TRASEIRA	1	1	0	0	0	0	0	0	0	1	0	Longo da via	Bom	Não existe	Perfeito estado	Seca	Perfeito estado	Não existe	R-6a	""	Dupla	Faixa contínua	""	""
2085	2021-11-18T00:00:00	15:58:00	COM VÍTIMA	FINALIZADA	IMBIRIBEIRA	AV MARECHAL MASCARENHAS DE MORAES	1511	""	EM FRENTE AO DEPOSITO LASER	IMBIRIBEIRA	""	CIDADE	COLISÃO TRASEIRA	0	0	0	1	0	1	0	0	0	1	0	Longo da via	Bom	Não existe	Perfeito estado	Seca	Perfeito estado	Não existe	Não há placas	""	Dupla	Canteiro central	""	""
2086	2021-11-18T00:00:00	16:37:00	COM VÍTIMA	FINALIZADA	ROSARINHO	AV NORTE MIGUEL ARRAES DE ALENCAR	2760	RUA CEARA	EM FRENTE AO N° 2760	ROSARINHO	45	SUBURBIO	COLISÃO TRASEIRA	1	1	0	0	0	0	0	0	0	1	0	Esquina	Chuvoso	Sem defeito	Perfeito estado	Molhada	Perfeito estado	Não existe	R-6a	""	Dupla	Canteiro central	""	""
2087	2021-11-18T00:00:00	19:39:00	COM VÍTIMA	CANCELADA	DOIS UNIDOS	RUA CORONEL PILAR	700	""	PRÓX AO FORRO DO ARLINDO	DOIS UNIDOS	""	""	COLISÃO FRONTAL	0	1	0	0	0	1	0	0	0	1	0	""	""	""	""	""	""	""	""	""	""	""	""	""
2088	2021-11-18T00:00:00	20:28:00	COM VÍTIMA	FINALIZADA	BOA VIAGEM	AV ENGENHEIRO DOMINGOS FERREIRA	""	RUA BRUNO VELOSO	SEMAFORO 338	BOA VIAGEM	""	""	COLISÃO LATERAL	1	1	0	0	0	0	0	0	0	1	0	""	""	""	""	""	""	""	""	""	""	""	""	""
2089	2021-11-18T00:00:00	22:06:40	SEM VÍTIMA	FINALIZADA	VÁRZEA	AV AFONSO OLINDENSE	228	""	PRÓX A FARMACIA PERNAMBUCANAS	VÁRZEA	""	""	COLISÃO TRASEIRA	0	0	0	0	0	0	0	0	0	0	0	Longo da via	Bom	Com defeito	Perfeito estado	Seca	Perfeito estado	Faixa de pedestre	Não há placas	30 KM/H	Dupla	Faixa contínua	""	""
2090	2021-11-19T00:00:00	07:03:00	COM VÍTIMA	FINALIZADA	ENCRUZILHADA	AV BEBERIBE	335	RUA FERNANDO CESAR	EM FRENTE AO BANCO DO BRASIL	ENCRUZILHADA	238	SUBURBIO	COLISÃO FRONTAL	1	1	0	0	0	0	0	0	0	1	0	Cruzamento	Bom	Sem defeito	Perfeito estado	Seca	Perfeito estado	Outros	R-4a	""	Dupla	Faixa contínua	Faixa seccionada	""
2091	2021-11-19T00:00:00	08:26:00	SEM VÍTIMA	FINALIZADA	BOMBA DO HEMETÉRIO	RUA BOMBA DO HEMETERIO	146	""	EM FRENTE AO NE 393	BOMBA DO HEMETÉRIO	""	""	COLISÃO LATERAL	0	1	0	0	0	0	0	1	0	0	0	Longo da via	Bom	Não existe	Perfeito estado	Seca	Perfeito estado	Não existe	Outras	""	Dupla	Não existe	""	""
2092	2021-11-19T00:00:00	09:11:00	COM VÍTIMA	FINALIZADA	CASA AMARELA	EST DO ENCANAMENTO	1284	RUA PROFESSOR ALVARO LIMA	E/F A CASA DE FESTAS ESTRIPULIA	CASA AMARELA	""	CIDADE	COLISÃO TRANSVERSAL	2	0	0	0	0	0	0	0	0	1	0	Cruzamento	Bom	Não existe	Perfeito estado	Seca	""	Não existe	"Placas ""Pare"""	""	Única	Faixa seccionada	""	""
2093	2021-11-19T00:00:00	10:53:00	SEM VÍTIMA	FINALIZADA	BOA VIAGEM	AV REPUBLICA ARABE UNIDA	92	""	EM FRENTE AO ESTACIONAMENTO DO MERCADINHO GRAÇAS	BOA VIAGEM	""	""	COLISÃO TRASEIRA	1	1	0	0	0	0	0	0	0	0	0	""	""	""	""	""	""	""	""	""	""	""	""	""
2094	2021-11-19T00:00:00	16:42:00	COM VÍTIMA	FINALIZADA	DERBY	AV GOVERNADOR AGAMENON MAGALHAES	1160	""	EM FRENTE AO TRIBUNAL ELEITORAL DE RECIFE	DERBY	37	BOA VIAGEM	COLISÃO TRANSVERSAL	1	1	0	0	0	0	0	0	0	1	0	Cruzamento	Bom	Sem defeito	Perfeito estado	Seca	Perfeito estado	Faixa de pedestre	Não há placas	60 km/h	Dupla	Canteiro central	""	""
2095	2021-11-19T00:00:00	18:09:00	COM VÍTIMA	FINALIZADA	CASA AMARELA	RUA DA HARMONIA	214	""	PROX A IGREJA DA HARMONIA	CASA AMARELA	""	""	COLISÃO FRONTAL	1	1	0	0	0	0	0	0	0	1	0	Longo da via	Bom	Não existe	Perfeito estado	Seca	Perfeito estado	Não existe	Não há placas	""	Dupla	Faixa seccionada	""	""
2096	2021-11-19T00:00:00	20:49:00	COM VÍTIMA	FINALIZADA	LINHA DO TIRO	RUA SODRELANDIA	92	""	NA SUBIDA PROX AO CAMPO DO CAFÉ	LINHA DO TIRO	""	SUBURBIO	CAPOTAMENTO	0	0	0	0	0	0	0	0	0	1	0	Longo da via	Bom	Não existe	""	Seca	Perfeito estado	Não existe	""	""	Dupla	Não existe	""	""
2097	2021-11-20T00:00:00	05:39:00	COM VÍTIMA	FINALIZADA	ARRUDA	AV PROFESSOR JOSE DOS ANJOS	100	""	EM FRENTE A ECO ESTAÇÃO	ARRUDA	""	DUPLO	COLISÃO FRONTAL	1	1	0	0	0	0	0	0	0	1	0	Longo da via	Bom	Não existe	Perfeito estado	Seca	Perfeito estado	Não existe	Não há placas	""	Dupla	Não existe	""	""
2098	2021-11-20T00:00:00	11:22:00	COM VÍTIMA	FINALIZADA	CAJUEIRO	AV CIDADE DE MONTEIRO	""	""	EM FRENTE AO HORTE FRUTE ESPERANÇA	CAJUEIRO	""	SUBURBIO	COLISÃO FRONTAL	1	1	0	0	0	0	0	0	0	1	0	Longo da via	Nublado	Não existe	Perfeito estado	Seca	Perfeito estado	Outros	R-6a	40 km/h	Dupla	Faixa contínua	""	""
2099	2021-11-20T00:00:00	12:26:00	COM VÍTIMA	FINALIZADA	CASA AMARELA	RUA CONS NABUCO	151	RUA EVARISTO DA VEIGA	EM FRENTE AO EDIFICIO TRINDADE	CASA AMARELA	""	CIDADE	COLISÃO FRONTAL	1	1	0	0	0	0	0	0	0	1	0	Esquina	Bom	Não existe	Incompleta	Seca	Perfeito estado	Não existe	Outras	""	Dupla	Não existe	""	""
2100	2021-11-20T00:00:00	19:25:00	COM VÍTIMA	FINALIZADA	JARDIM SÃO PAULO	AV SAO PAULO	6553	RUA PROF ZENIA GUERRA	PROX A FARMACIA PRIME	JARDIM SÃO PAULO	""	CIDADE	COLISÃO FRONTAL	1	1	0	0	0	0	0	0	0	1	0	Longo da via	Bom	Não existe	Não existente	Seca	Perfeito estado	Não existe	Não há placas	60 km/h	Dupla	Faixa seccionada	""	""
2101	2021-11-20T00:00:00	22:47:40	COM VÍTIMA	FINALIZADA	MADALENA	AV JOSE GONCALVES DE MEDEIROS	336	""	E/F AO MC DONALDS	MADALENA	355	CIDADE	COLISÃO FRONTAL	1	1	0	0	0	0	0	0	0	1	0	Longo da via	Bom	Sem defeito	Perfeito estado	Seca	Perfeito estado	""	Não há placas	""	Dupla	Canteiro central	""	""
2102	2021-11-21T00:00:00	02:40:00	COM VÍTIMA	FINALIZADA	GRAÇAS	RUA AMELIA	670	AV CONS ROSA E SILVA	""	GRAÇAS	46	""	COLISÃO TRANSVERSAL	1	1	0	0	0	0	0	0	0	1	0	Cruzamento	Bom	Sem defeito	Perfeito estado	Seca	Perfeito estado	""	""	""	""	""	""	""
2103	2021-11-21T00:00:00	09:17:00	COM VÍTIMA	FINALIZADA	JOANA BEZERRA	AV MARTIN LUTHER KING	23	RUA IBIRAMA	ACADEMIA DA CIDADE	JOANA BEZERRA	""	CIDADE	CAPOTAMENTO	1	0	0	0	0	0	0	0	0	1	0	Longo da via	Bom	Não existe	Perfeito estado	Seca	Perfeito estado	Outros	Outras	""	Única	Canteiro central	""	""
2104	2021-11-21T00:00:00	10:21:00	COM VÍTIMA	FINALIZADA	IMBIRIBEIRA	RUA ITAJAI	299	""	LADO OPOSTO AO 162	IMBIRIBEIRA	""	SUBURBIO	COLISÃO TRANSVERSAL	1	1	0	0	0	0	0	0	0	1	0	Cruzamento	Bom	Não existe	Perfeito estado	Seca	Perfeito estado	Faixa de pedestre	Não há placas	70 km/h	Única	Faixa seccionada	""	""
2105	2021-11-21T00:00:00	17:28:00	COM VÍTIMA	FINALIZADA	BOA VIAGEM	RUA ANTONIO PASSOS	130	RUA JOSE MOREIRA LEAL	ESQUINA DO COLEGIO ELO	BOA VIAGEM	""	SUBURBIO	COLISÃO FRONTAL	2	0	0	0	0	0	0	0	0	1	0	Cruzamento	Bom	Não existe	Perfeito estado	Seca	Perfeito estado	Não existe	Não há placas	""	Única	Não existe	""	""
2106	2021-11-22T00:00:00	00:06:00	COM VÍTIMA	FINALIZADA	BOA VIAGEM	AVENIDA CELSO FURTADO (VIA MANGUE)	""	RUA TOME GIBSON	CONVENTO SÃO FELIX	BOA VIAGEM	""	CIDADE	COLISÃO FRONTAL	0	0	0	1	0	0	0	0	0	2	0	Longo da via	Bom	Não existe	Perfeito estado	Seca	Perfeito estado	Não existe	Não há placas	60 km/h	Dupla	Canteiro central	""	""
2107	2021-11-22T00:00:00	07:52:00	SEM VÍTIMA	FINALIZADA	SÃO JOSÉ	C SANTA RITA	""	""	LADO OPOSTO AO 795	SÃO JOSÉ	""	""	CHOQUE	1	0	0	0	0	0	0	0	0	0	0	Longo da via	Bom	Não existe	Perfeito estado	Seca	Perfeito estado	Não existe	Não há placas	60 KM/H	Única	Faixa seccionada	""	""
2108	2021-11-22T00:00:00	08:29:00	COM VÍTIMA	FINALIZADA	ESPINHEIRO	AV JOAO DE BARROS	665	RUA CONS PORTELA	APÓS A ESCOLA ETEPAM/ entrada da rua, CARNEIRO VILELA...O SOLICITANTE ESTÁ EM FRENTE A GALERIA CONSELHEIRO PORTELA	ESPINHEIRO	""	SUBURBIO	COLISÃO FRONTAL	1	1	0	0	0	0	0	0	0	1	0	Cruzamento	Bom	Não existe	Perfeito estado	Seca	Perfeito estado	Faixa de pedestre	""	""	Única	Faixa contínua	Faixa seccionada	""
2109	2021-11-22T00:00:00	09:05:00	SEM VÍTIMA	CANCELADA	CORDEIRO	RUA OCIDENTAL	156	""	PROX. A IGREJA BATISTA JARDINS DAS PALMEIRAS	CORDEIRO	""	""	COLISÃO FRONTAL	2	0	0	0	0	0	0	0	0	0	0	""	""	""	""	""	""	""	""	""	""	""	""	""
2110	2021-11-22T00:00:00	10:37:00	COM VÍTIMA	FINALIZADA	FUNDÃO	AV BEBERIBE	""	""	EM FRENTE AO PAGODE DA PRESSÃO	FUNDÃO	153	CIDADE	COLISÃO TRASEIRA	1	1	0	0	0	0	0	0	0	1	0	Longo da via	Bom	Sem defeito	Perfeito estado	Seca	Perfeito estado	Faixa de pedestre	""	""	Dupla	Faixa contínua	""	""
2111	2021-11-22T00:00:00	11:10:00	SEM VÍTIMA	CANCELADA	SANTO AMARO	RUA ITUBERA	46	""	PRÓX À COMPESA	SANTO AMARO	""	""	CHOQUE	0	0	0	0	0	0	0	1	0	0	0	""	""	""	""	""	""	""	""	""	""	""	""	""
2112	2021-11-22T00:00:00	11:43:00	COM VÍTIMA	FINALIZADA	TAMARINEIRA	RUA CONEGO BARATA	275	""	E/F AO HOSPITAL HELENA MOURA	TAMARINEIRA	""	CIDADE	COLISÃO FRONTAL	0	1	0	0	0	0	0	0	0	1	0	Longo da via	Bom	Não existe	Não existente	Seca	Perfeito estado	Não existe	Não há placas	60 km/h	Única	Faixa seccionada	""	""
2113	2021-11-22T00:00:00	11:56:00	COM VÍTIMA	FINALIZADA	BOA VIAGEM	AV ENGENHEIRO DOMINGOS FERREIRA	1761	""	EM FRENTE SUPERMERCADO EXTRA	BOA VIAGEM	""	SUBURBIO	COLISÃO FRONTAL	0	2	0	0	0	0	0	0	0	1	0	Longo da via	Bom	Não existe	Perfeito estado	Seca	Perfeito estado	Não existe	Não há placas	60 km/h	Única	Canteiro central	""	""
2114	2021-11-22T00:00:00	14:26:00	SEM VÍTIMA	FINALIZADA	SÃO JOSÉ	RUA FLORIANO PEIXOTO	""	""	PROX  CASA DA CULTURA ENTRE O PROCON E A HONDA	SÃO JOSÉ	""	""	COLISÃO TRASEIRA	1	1	0	0	0	0	0	0	0	0	0	Longo da via	Bom	Sem defeito	Perfeito estado	Seca	Perfeito estado	Faixa de pedestre	R-6a	""	Única	Faixa seccionada	""	""