_id	data	hora	natureza_acidente	situacao	bairro	endereco	numero	detalhe_endereco_acidente	complemento	bairro_cruzamento	num_semaforo	sentido_via	tipo	auto	moto	ciclom	ciclista	pedestre	onibus	caminhao	viatura	outros	vitimas	vitimasfatais	acidente_verificado	tempo_clima	situacao_semaforo	sinalizacao	condicao_via	conservacao_via	ponto_controle	situacao_placa	velocidade_max_via	mao_direcao	divisao_via1	divisao_via2	divisao_via3
2115	2021-11-22T00:00:00	21:18:40	SEM VÍTIMA	FINALIZADA	TORREÃO	RUA OTHON PARAISO	""	""	COM A RUA DJALMA FARIAS	TORREÃO	""	""	COLISÃO LATERAL	0	0	0	0	0	0	0	0	0	0	0	""	""	""	""	""	""	""	""	""	""	""	""	""
2116	2021-11-23T00:00:00	08:02:00	COM VÍTIMA	FINALIZADA	BOA VIAGEM	RUA RIBEIRO DE BRITO	3984	RUA DOS NAVEGANTES	PRÓXIMO EDIFICIO HOLIDAY	BOA VIAGEM	""	CIDADE	COLISÃO TRANSVERSAL	1	1	0	0	0	0	0	0	0	1	0	Cruzamento	Bom	Não existe	Perfeito estado	Seca	Perfeito estado	Não existe	"Placas ""Pare"""	""	Única	Não existe	""	""
2117	2021-11-23T00:00:00	08:41:00	COM VÍTIMA	FINALIZADA	VÁRZEA	RUA VALE DO SIRIJI	78	""	LADO OPOSTO FELIPE JATO	VÁRZEA	""	SUBURBIO	COLISÃO COM CICLISTA	1	0	0	1	0	0	0	0	0	1	0	Cruzamento	Bom	Não existe	Incompleta	Seca	Perfeito estado	Não existe	R-6a	""	Dupla	Outros	""	""
2118	2021-11-23T00:00:00	08:41:00	COM VÍTIMA	FINALIZADA	CABANGA	AV ENGENHEIRO JOSE ESTELITA	S/N	""	EM FRENTE AO CABANGA IATE CLUBE	CABANGA	""	CIDADE	COLISÃO COM CICLISTA	0	0	0	1	0	1	0	0	0	1	0	Longo da via	Bom	Não existe	Incompleta	Seca	Perfeito estado	Não existe	Outras	60 km/h	Dupla	Faixa contínua	""	""
2119	2021-11-23T00:00:00	10:08:00	COM VÍTIMA	FINALIZADA	MADALENA	AV ENGENHEIRO ABDIAS DE CARVALHO	""	RUA JOAO IVO DA SILVA	E/F A HABIB'S	MADALENA	132	CIDADE	CHOQUE	1	0	0	0	0	0	0	0	0	1	0	Cruzamento	Bom	Sem defeito	Perfeito estado	Seca	Perfeito estado	Faixa de pedestre	Outras	60 km/h	Dupla	Canteiro central	""	""
2120	2021-11-23T00:00:00	12:40:00	COM VÍTIMA	FINALIZADA	ALTO JOSÉ DO PINHO	RUA HORACIO SILVA	218	""	PONTO DOS SALGADOS	ALTO JOSÉ DO PINHO	""	SUBURBIO	ATROPELAMENTO DE PESSOA	1	0	0	0	1	0	0	0	0	1	0	Longo da via	Bom	Não existe	Perfeito estado	Seca	Perfeito estado	Não existe	R-6a	""	Dupla	Não existe	""	""
2121	2021-11-23T00:00:00	12:42:00	COM VÍTIMA	FINALIZADA	CORDEIRO	EST DO FORTE DO ARRAIAL N. DO B. JESUS	555	""	KROC KROC FRANGO CROCANTE	CORDEIRO	""	CIDADE	COLISÃO TRANSVERSAL	1	1	0	0	0	0	0	0	0	1	0	Cruzamento	Bom	Não existe	Perfeito estado	Seca	Perfeito estado	Faixa de retenção	Não há placas	""	Dupla	Faixa contínua	Faixa seccionada	""
2122	2021-11-23T00:00:00	16:34:00	COM VÍTIMA	FINALIZADA	MADALENA	RUA BENFICA	""	""	AO LADO DA PRAÇA DA BANDEIRA	MADALENA	""	CIDADE	COLISÃO FRONTAL	1	1	0	0	0	0	0	0	0	1	0	Cruzamento	Bom	Não existe	Incompleta	Seca	Perfeito estado	Não existe	Outras	30 km/h	Única	Blocos	""	""
2123	2021-11-23T00:00:00	17:35:00	SEM VÍTIMA	FINALIZADA	PINA	AVENIDA CELSO FURTADO (VIA MANGUE)	""	""	APÓS O SHOPPING RIO MAR	PINA	""	""	COLISÃO TRASEIRA	1	0	0	0	0	0	0	0	0	0	0	""	""	""	""	""	""	""	""	""	""	""	""	""
2124	2021-11-23T00:00:00	18:32:00	COM VÍTIMA	FINALIZADA	BOA VISTA	PRC PARQUE AMORIM	""	AV GOVERNADOR AGAMENON MAGALHAES	EM FRENTE AO SUPER BOM PREÇO	BOA VISTA	173	SUBURBIO	COLISÃO FRONTAL	0	2	0	0	0	0	0	0	0	1	0	Esquina	Bom	Sem defeito	Perfeito estado	Seca	Perfeito estado	Faixa de pedestre	Outras	60 km/h	Única	Faixa contínua	Faixa seccionada	""
2125	2021-11-23T00:00:00	19:17:00	COM VÍTIMA	FINALIZADA	TEJIPIÓ	AV DR JOSE RUFINO	3886	""	PRÓX AO ARMAZÉM CORAL	TEJIPIÓ	""	SUBURBIO	COLISÃO TRASEIRA	1	0	0	0	0	1	0	0	0	1	0	Longo da via	Bom	Não existe	Perfeito estado	Seca	Perfeito estado	Outros	Outras	""	Dupla	Faixa contínua	""	""
2126	2021-11-24T00:00:00	07:53:00	COM VÍTIMA	FINALIZADA	PAISSANDU	RUA GENERAL JOAQUIM INACIO	""	AV GOVERNADOR AGAMENON MAGALHAES	SOB O SEMÁFORO 69	PAISSANDU	69	SUBURBIO	COLISÃO TRANSVERSAL	1	1	0	0	0	0	0	0	0	1	0	Cruzamento	Bom	Sem defeito	Perfeito estado	Seca	Perfeito estado	Agente	Outras	40 km/h	Única	Faixa seccionada	""	""
2127	2021-11-24T00:00:00	10:03:00	COM VÍTIMA	FINALIZADA	SANTO ANTÔNIO	RUA SIQUEIRA CAMPOS	""	AV DANTAS BARRETO	SOB O SEMÁFORO 141	SANTO ANTÔNIO	141	""	COLISÃO TRANSVERSAL	1	1	0	0	0	0	0	0	0	2	0	Cruzamento	Bom	Sem defeito	Perfeito estado	Seca	Perfeito estado	Faixa de pedestre	Não há placas	40 km/h	Única	Não existe	""	""
2128	2021-11-24T00:00:00	11:58:00	COM VÍTIMA	FINALIZADA	ILHA DO LEITE	AV GOVERNADOR AGAMENON MAGALHAES	""	""	EM FRENTE AO HOSPITAL PORTUGUES- PISTA PRINCIPAL	ILHA DO LEITE	64	BOA VIAGEM	COLISÃO TRASEIRA	1	1	0	0	0	0	0	0	0	1	0	Longo da via	Bom	Sem defeito	Perfeito estado	Seca	Perfeito estado	Faixa de pedestre	Não há placas	60 km/h	Dupla	Canal	""	""
2129	2021-11-24T00:00:00	12:20:00	COM VÍTIMA	FINALIZADA	ARRUDA	RUA MEM DE SA	226	""	EM FRENTE À COCA-COLA	ARRUDA	""	CIDADE	COLISÃO FRONTAL	1	1	0	0	0	0	0	0	0	1	0	Longo da via	Bom	Não existe	Não existente	Seca	Perfeito estado	Não existe	Não há placas	""	Dupla	Faixa seccionada	""	""
2130	2021-11-24T00:00:00	14:28:00	SEM VÍTIMA	CANCELADA	BOA VIAGEM	RUA SA E SOUZA	742	""	APOS A IGREJA DOS MORMONS	BOA VIAGEM	""	""	CHOQUE	3	0	0	0	0	0	0	0	0	0	0	""	""	""	""	""	""	""	""	""	""	""	""	""
2131	2021-11-24T00:00:00	15:27:00	SEM VÍTIMA	FINALIZADA	PRADO	RUA GOMES TABORDA	""	""	PROXIMO AO CAVALO DOURADO	PRADO	""	""	COLISÃO TRASEIRA	2	0	0	0	0	0	0	0	0	0	0	Longo da via	Bom	Não existe	Incompleta	Seca	Mal conservada	Não existe	R-6b	""	Dupla	Faixa seccionada	""	""
2132	2021-11-24T00:00:00	18:22:00	COM VÍTIMA	FINALIZADA	MADALENA	AV CAXANGA	409	""	PROX A LOJA DE CREDITOS BMG	MADALENA	""	CIDADE	ATROPELAMENTO DE PESSOA	0	1	0	0	1	0	0	0	0	1	0	Longo da via	Bom	Sem defeito	Perfeito estado	Seca	Perfeito estado	Faixa de retenção	""	""	Única	Faixa contínua	Faixa seccionada	""
2133	2021-11-24T00:00:00	18:45:00	COM VÍTIMA	FINALIZADA	BONGI	RUA DELMIRO GOUVEIA	""	RUA QUINZE DE MARCO	E/F A CHESF	BONGI	""	CIDADE	COLISÃO TRANSVERSAL	1	1	0	0	0	0	0	0	0	1	0	Cruzamento	Bom	Não existe	Não existente	Seca	Mal conservada	""	Não há placas	40 km/h	Dupla	Não existe	""	""
2134	2021-11-25T00:00:00	08:39:00	COM VÍTIMA	FINALIZADA	VÁRZEA	AV CAXANGA	5362	""	E/F AO GOLF CLUB	VÁRZEA	""	CIDADE	CHOQUE	0	1	0	0	0	0	0	0	0	1	0	Longo da via	Bom	Não existe	Perfeito estado	Seca	Perfeito estado	Não existe	R-6a	60 km/h	Dupla	Faixa contínua	Faixa seccionada	Canteiro central
2135	2021-11-25T00:00:00	09:12:00	COM VÍTIMA	FINALIZADA	VÁRZEA	AV CAXANGA	""	""	EM FRENTE AO GOLF CLUBE	VÁRZEA	""	SUBURBIO	COLISÃO COM CICLISTA	0	1	0	1	0	0	0	0	0	1	0	Longo da via	Bom	Não existe	Perfeito estado	Seca	Perfeito estado	Não existe	Outras	60 km/h	Dupla	Faixa contínua	Faixa seccionada	Canteiro central
2136	2021-11-25T00:00:00	16:03:00	COM VÍTIMA	FINALIZADA	PINA	AV BRASILIA FORMOSA	28	""	ESCOLA PENA AZUL	PINA	""	SUBURBIO	COLISÃO FRONTAL	1	1	0	0	0	0	0	0	0	1	0	Longo da via	Bom	Não existe	Perfeito estado	Seca	Perfeito estado	Outros	Outras	""	Dupla	Faixa seccionada	""	""
2137	2021-11-25T00:00:00	16:33:00	COM VÍTIMA	FINALIZADA	SANTO AMARO	AV VISCONDE DE SUASSUNA	4200	RUA DO HOSPICIO	AO LADO DA CAIXA ECONOMICA FEDERAL	SANTO AMARO	31	SUBURBIO	COLISÃO FRONTAL	0	1	0	0	0	0	0	0	1	1	0	Cruzamento	Bom	Sem defeito	Perfeito estado	Seca	Perfeito estado	Faixa de pedestre	R-6a	40 km/h	Única	Faixa seccionada	""	""
2138	2021-11-25T00:00:00	16:34:00	COM VÍTIMA	FINALIZADA	TAMARINEIRA	AV NORTE MIGUEL ARRAES DE ALENCAR	""	""	E/F AO HOTEL NEXOS S/T CID  VT 26 NO LOCAL	TAMARINEIRA	""	""	CAPOTAMENTO	1	0	0	0	0	0	0	0	0	1	0	Longo da via	Bom	Não existe	Perfeito estado	Seca	Perfeito estado	Não existe	Não há placas	""	Única	Faixa seccionada	""	""
2139	2021-11-25T00:00:00	18:13:00	SEM VÍTIMA	CANCELADA	CABANGA	AV SATURNINO DE BRITO	472	""	PRÓX A COMPESA E LOMBADA ELETRONICA DE 60	CABANGA	""	""	COLISÃO LATERAL	1	0	0	0	0	0	1	0	0	0	0	""	""	""	""	""	""	""	""	""	""	""	""	""
2140	2021-11-25T00:00:00	19:05:00	COM VÍTIMA	FINALIZADA	BOA VISTA	AV GOVERNADOR AGAMENON MAGALHAES	""	RUA HENRIQUE DIAS	SEMAFORO 068 / FARMACIA PAGUE MENOS	BOA VISTA	""	""	COLISÃO TRASEIRA	1	1	0	0	0	0	0	0	0	1	0	""	""	""	""	""	""	""	""	""	""	""	""	""
2141	2021-11-25T00:00:00	19:32:00	COM VÍTIMA	FINALIZADA	AREIAS	AV RECIFE	""	""	EM FRENTE AO NÚMERO 53	AREIAS	""	CIDADE	COLISÃO TRASEIRA	2	0	0	0	0	0	0	0	0	1	0	Longo da via	Bom	Não existe	Perfeito estado	Seca	Perfeito estado	""	""	""	Dupla	Faixa seccionada	Canteiro central	""
2142	2021-11-25T00:00:00	21:10:40	COM VÍTIMA	FINALIZADA	BOA VISTA	RUA MIGUEL COUTO	203	AV GOVERNADOR CARLOS DE LIMA CAVALCANTI	AO LADO DO NÚMERO 203	BOA VISTA	""	CIDADE	COLISÃO FRONTAL	0	0	0	0	0	0	0	0	0	1	0	Esquina	Bom	Não existe	Incompleta	Seca	Perfeito estado	Não existe	R-6a	""	Dupla	Não existe	""	""
2143	2021-11-26T00:00:00	00:35:00	COM VÍTIMA	FINALIZADA	TORRE	RUA JOSE BONIFACIO	1210	""	PRÓXIMO AO POSTO SHELL E CARREFOUR	TORRE	""	""	COLISÃO TRANSVERSAL	2	0	0	0	0	0	0	0	0	1	0	""	""	""	""	""	""	""	""	""	""	""	""	""
2144	2021-11-26T00:00:00	06:14:00	SEM VÍTIMA	FINALIZADA	IMBIRIBEIRA	RUA DR TAVARES CORREIA	77	""	EM FRENTE A ZS AUTOS FILIAL	IMBIRIBEIRA	""	SUBURBIO	CHOQUE	1	0	0	0	0	0	0	0	0	0	0	Longo da via	Bom	Não existe	Perfeito estado	Seca	Perfeito estado	Não existe	Não há placas	""	Dupla	Não existe	""	""
2145	2021-11-26T00:00:00	07:05:00	COM VÍTIMA	FINALIZADA	MADALENA	AV VISCONDE DE ALBUQUERQUE	401	""	EM FRENTE A GALERIA MADALENA CENTER	MADALENA	""	ÚNICO	COLISÃO TRANSVERSAL	1	1	0	0	0	0	0	0	0	2	0	Longo da via	Bom	Não existe	Perfeito estado	Seca	Perfeito estado	Não existe	R-24a	""	Única	Faixa contínua	Faixa seccionada	""
2146	2021-11-26T00:00:00	07:41:00	COM VÍTIMA	FINALIZADA	APIPUCOS	AV DEZESSETE DE AGOSTO	""	""	EM FRENTE AO PARQUE DE APIPUCOS	APIPUCOS	""	CIDADE	COLISÃO TRASEIRA	1	1	0	0	0	0	0	0	0	1	0	Longo da via	Bom	Sem defeito	Perfeito estado	Seca	Perfeito estado	Não existe	R-6a	""	Dupla	Faixa contínua	Faixa seccionada	""
2147	2021-11-26T00:00:00	08:05:00	COM VÍTIMA	FINALIZADA	CASA AMARELA	AV NORTE MIGUEL ARRAES DE ALENCAR	423	RUA SOARES MORENO	LADO OPOSTO AO MOTEL NEXUS	CASA AMARELA	""	CIDADE	COLISÃO TRASEIRA	1	1	0	0	0	0	0	0	0	1	0	Longo da via	Bom	Não existe	Perfeito estado	Seca	Perfeito estado	Não existe	Outras	""	Única	Faixa seccionada	Canteiro central	""
2148	2021-11-26T00:00:00	09:53:00	COM VÍTIMA	FINALIZADA	PORTO DA MADEIRA	RUA DALVA DE OLIVEIRA	""	""	EM FRENTE AO SEST Q SENAT	PORTO DA MADEIRA	""	SUBURBIO	COLISÃO TRANSVERSAL	0	0	0	0	0	0	0	0	0	1	0	Longo da via	Bom	Não existe	Perfeito estado	Seca	Perfeito estado	Não existe	Não há placas	30 km/h	Dupla	Faixa contínua	""	""
2149	2021-11-26T00:00:00	16:20:00	SEM VÍTIMA	FINALIZADA	IPUTINGA	RUA PROFESSOR JULIO OLIVEIRA	7770	""	PARAQUIMICA IND. COM. E DISTRIBUIDORA	IPUTINGA	""	CIDADE	""	1	0	0	0	0	0	0	0	0	0	0	Longo da via	Bom	Não existe	Perfeito estado	Seca	Perfeito estado	Não existe	"Placas ""Pare"""	""	Única	Faixa contínua	Faixa seccionada	""
2150	2021-11-26T00:00:00	20:03:00	COM VÍTIMA	FINALIZADA	SAN MARTIN	AV GENERAL SAN MARTIN	2465	RUA FLORA RICA	PRÓXIMO A ESCOLA ADVENTISTA	SAN MARTIN	""	CIDADE	COLISÃO TRANSVERSAL	1	1	0	0	0	0	0	0	0	1	0	Cruzamento	Bom	Não existe	Perfeito estado	Seca	Perfeito estado	Não existe	Outras	""	Dupla	Faixa contínua	""	""
2151	2021-11-26T00:00:00	21:39:40	COM VÍTIMA	FINALIZADA	CORDEIRO	EST DO FORTE DO ARRAIAL N. DO B. JESUS	1081	""	E/F A PRAÇA DO QUINZE	CORDEIRO	""	""	COLISÃO FRONTAL	2	0	0	0	0	0	0	0	0	1	0	Longo da via	Bom	Não existe	Perfeito estado	Seca	Perfeito estado	""	Não há placas	""	Dupla	Faixa contínua	""	""
2152	2021-11-27T00:00:00	01:05:00	COM VÍTIMA	FINALIZADA	ESPINHEIRO	RUA DO ESPINHEIRO	223	RUA SANTO ELIAS	CRUZAMENTO	ESPINHEIRO	""	SUBURBIO	COLISÃO TRANSVERSAL	0	2	0	0	0	0	0	0	0	1	0	Cruzamento	Bom	Não existe	""	Seca	Perfeito estado	Faixa de pedestre	"Placas ""Pare"""	""	Dupla	Não existe	""	""
2153	2021-11-27T00:00:00	06:24:00	COM VÍTIMA	FINALIZADA	ENCRUZILHADA	AV BEBERIBE	""	""	SOB O SEMÁFORO 186	ENCRUZILHADA	186	CIDADE	ATROPELAMENTO DE PESSOA	1	0	0	0	1	0	0	0	0	1	0	Longo da via	Bom	Sem defeito	Perfeito estado	Seca	Perfeito estado	Faixa de pedestre	Não há placas	""	Dupla	Canteiro central	""	""
2154	2021-11-27T00:00:00	06:29:00	COM VÍTIMA	FINALIZADA	IMBIRIBEIRA	AV PROJETADA	""	RUA FRAGATAS	LADO OPOSTO AO AEROPORTO / SENTIDO AFOGADOS // VIA LOCAL	IMBIRIBEIRA	""	CIDADE	CHOQUE	1	0	0	0	0	0	1	0	0	1	0	Longo da via	Bom	Não existe	Não existente	Seca	Perfeito estado	Não existe	Não há placas	""	Única	Faixa seccionada	""	""
2155	2021-11-27T00:00:00	12:15:00	COM VÍTIMA	FINALIZADA	TORRÕES	AV GOVERNADOR AGAMENON MAGALHAES	129	RUA PADRE MIGUELINHO	EDIFICIO TERESA DIAS	TORRÕES	""	SUBURBIO	COLISÃO TRANSVERSAL	1	1	0	0	0	0	0	0	0	1	0	Longo da via	Bom	Não existe	Perfeito estado	Seca	Perfeito estado	Não existe	"Placas ""Pare"""	""	Única	Faixa seccionada	""	""
2156	2021-11-27T00:00:00	13:28:00	SEM VÍTIMA	FINALIZADA	SÃO JOSÉ	C SANTA RITA	""	""	PRÓX AO ARMAZÉM CORAL	SÃO JOSÉ	""	""	COLISÃO FRONTAL	1	0	0	0	0	0	0	1	0	0	0	""	""	""	""	""	""	""	""	""	""	""	""	""
2157	2021-11-27T00:00:00	17:15:00	COM VÍTIMA	FINALIZADA	PINA	AV BOA VIAGEM	""	""	""	PINA	104	""	COLISÃO TRANSVERSAL	1	1	0	0	0	0	0	0	0	1	0	""	""	""	""	""	""	""	""	""	""	""	""	""
2158	2021-11-28T00:00:00	11:30:00	COM VÍTIMA	FINALIZADA	SANTO AMARO	RUA DOS PALMARES	""	""	PRÓXIMO AO COMANDO DA GUARDA DO RECIFE	SANTO AMARO	""	CIDADE	ATROPELAMENTO DE PESSOA	1	0	0	0	1	0	0	0	0	1	0	Longo da via	Bom	Não existe	Perfeito estado	Seca	Perfeito estado	Não existe	Não há placas	""	Dupla	Canteiro central	""	""
2159	2021-11-28T00:00:00	13:10:00	COM VÍTIMA	CANCELADA	AREIAS	AV RECIFE	""	""	APOS O ATACADÃO S/T AEROPORTO	AREIAS	""	""	COLISÃO FRONTAL	2	0	0	0	0	0	0	0	0	1	0	""	""	""	""	""	""	""	""	""	""	""	""	""
2160	2021-11-28T00:00:00	13:35:00	COM VÍTIMA	CANCELADA	CAXANGÁ	AV JOAQUIM RIBEIRO	""	""	APÓS A UPA DA CAXANGA	CAXANGÁ	""	""	COLISÃO TRASEIRA	1	1	0	0	0	0	0	0	0	2	0	""	""	""	""	""	""	""	""	""	""	""	""	""
2161	2021-11-28T00:00:00	18:31:00	COM VÍTIMA	CANCELADA	MACAXEIRA	RUA MARIA AMALIA	423	""	PRÓX AO CAMPO DA UNIÃO	MACAXEIRA	""	""	COLISÃO FRONTAL	0	0	0	0	0	0	0	0	0	1	0	""	""	""	""	""	""	""	""	""	""	""	""	""
2162	2021-11-28T00:00:00	19:14:00	COM VÍTIMA	FINALIZADA	VÁRZEA	AV AFONSO OLINDENSE	1280	""	E/F A ASSEMBLEIA DE DEUS	VÁRZEA	""	SUBURBIO	COLISÃO TRANSVERSAL	1	1	0	0	0	0	0	0	0	1	0	Longo da via	Bom	Não existe	""	Seca	Perfeito estado	Não existe	Outras	""	Dupla	Faixa contínua	""	""
2163	2021-11-28T00:00:00	20:27:00	COM VÍTIMA	FINALIZADA	IBURA	AV DOIS RIOS	""	""	DESCIDA LADEIRA DA COHAB	IBURA	""	CIDADE	COLISÃO TRANSVERSAL	1	1	0	0	0	0	0	0	0	2	0	Longo da via	Bom	Não existe	Perfeito estado	Seca	Perfeito estado	Não existe	Outras	""	Dupla	Não existe	""	""
2164	2021-11-28T00:00:00	21:31:40	SEM VÍTIMA	FINALIZADA	CAXANGÁ	RUA DOUTOR DUSTAN DE CARVALHO SOARES	157	""	PRÓX AO HOTEL TURQUESA	CAXANGÁ	""	""	ENGAVETAMENTO	0	0	0	0	0	0	0	0	0	0	0	""	""	""	""	""	""	""	""	""	""	""	""	""
2165	2021-11-28T00:00:00	22:11:40	SEM VÍTIMA	CANCELADA	ARRUDA	RUA DA REGENERACAO	""	RUA DO MACHADO	PRÓX AO CLUBE DOS IRRESPONSÁVEIS	ARRUDA	""	""	ENGAVETAMENTO	3	0	0	0	0	0	0	0	0	0	0	""	""	""	""	""	""	""	""	""	""	""	""	""
2166	2021-11-29T00:00:00	00:04:00	SEM VÍTIMA	CANCELADA	IPUTINGA	RUA EMILIANO BRAGA	""	""	AO LADO DA INTEGRAÇÃO CDU	IPUTINGA	""	""	COLISÃO LATERAL	3	0	0	0	0	0	0	0	0	0	0	""	""	""	""	""	""	""	""	""	""	""	""	""
2167	2021-11-29T00:00:00	10:12:00	COM VÍTIMA	FINALIZADA	ESPINHEIRO	RUA QUARENTA E OITO	261	RUA DA HORA	E/F AO LABORATÓRIO CERPE	ESPINHEIRO	21	CIDADE	COLISÃO FRONTAL	1	1	0	0	0	0	0	0	0	2	0	Cruzamento	Bom	Sem defeito	Perfeito estado	Seca	Perfeito estado	Faixa de pedestre	Outras	""	Única	Faixa seccionada	""	""
2168	2021-11-29T00:00:00	10:17:00	COM VÍTIMA	FINALIZADA	CABANGA	AV ANTONIO DE GOES	""	""	AO LADO DO CABANGA IAT CLUBE	CABANGA	""	CIDADE	QUEDA	0	1	0	0	0	0	0	0	0	1	0	Longo da via	Bom	Não existe	Não existente	Seca	Perfeito estado	Não existe	Não há placas	60 km/h	""	""	Outros	""
2169	2021-11-29T00:00:00	12:35:00	COM VÍTIMA	FINALIZADA	CABANGA	PRC GOVERNADOR PAULO GUERRA	""	""	AO LADO DO CABANGA IAT CLUBE	CABANGA	""	CIDADE	CHOQUE	0	1	0	0	0	0	0	0	0	1	0	Longo da via	Bom	Não existe	Perfeito estado	Seca	Perfeito estado	Não existe	Outras	60 km/h	Dupla	Faixa contínua	""	""
2170	2021-11-29T00:00:00	13:12:00	COM VÍTIMA	FINALIZADA	BARRO	AV DR JOSE RUFINO	2022	""	LADO OPOSTO A GILBERTO EQUIPADORA	BARRO	""	""	COLISÃO TRASEIRA	1	1	0	0	0	1	0	0	0	1	0	Longo da via	Bom	Não existe	Perfeito estado	Seca	Perfeito estado	Não existe	Não há placas	""	Dupla	Faixa contínua	""	""
2171	2021-11-29T00:00:00	15:01:00	COM VÍTIMA	FINALIZADA	AFLITOS	AV SANTOS DUMONT	377	RUA CARNEIRO VILELA	EM FRENTE AO EDIFICIO MONTE NEGRO	AFLITOS	""	SUBURBIO	CHOQUE	1	0	0	0	0	0	0	0	0	1	0	Longo da via	Bom	Não existe	Perfeito estado	Seca	Perfeito estado	Não existe	R-6a	""	Única	Não existe	""	""
2172	2021-11-29T00:00:00	18:20:00	COM VÍTIMA	FINALIZADA	ÁGUA FRIA	AV BEBERIBE	1359	RUA RAMIZ GALVAO	CRUZAMENTO DO EMÁFORO N° 492	ÁGUA FRIA	492	SUBURBIO	COLISÃO FRONTAL	1	1	0	0	0	0	0	0	0	1	0	Cruzamento	Bom	Sem defeito	Perfeito estado	Seca	Perfeito estado	Faixa de pedestre	Não há placas	60 km/h	Dupla	Faixa contínua	""	""
2173	2021-11-29T00:00:00	18:45:00	COM VÍTIMA	FINALIZADA	IMBIRIBEIRA	RUA JAMAICA	71	""	PROX A BS BLINDAGEM	IMBIRIBEIRA	""	""	COLISÃO LATERAL	2	1	0	0	0	0	0	0	0	1	0	""	""	""	""	""	""	""	""	""	""	""	""	""
2174	2021-11-29T00:00:00	20:26:00	COM VÍTIMA	FINALIZADA	TAMARINEIRA	RUA PADRE ROMA	191	""	EM FRENTE A POLICLINICA ALBERT SABIN	TAMARINEIRA	""	SUBURBIO	COLISÃO TRANSVERSAL	0	2	0	0	0	0	0	0	0	1	0	Longo da via	Bom	Não existe	Perfeito estado	Seca	Perfeito estado	Não existe	Outras	""	Dupla	Faixa seccionada	""	""
2175	2021-11-30T00:00:00	06:52:00	OUTROS	FINALIZADA	GRAÇAS	AV DR MALAQUIAS	145	""	""	GRAÇAS	""	""	OUTROS	0	0	0	0	0	0	1	0	0	0	0	""	""	""	""	""	""	""	""	""	""	""	""	""
2176	2021-11-30T00:00:00	10:02:00	COM VÍTIMA	FINALIZADA	BOA VISTA	RUA JOAO FERNANDES VIEIRA	""	RUA JOAO FERNANDES VIEIRA	EM FRENTE AO AMERICANO BATISTA	BOA VISTA	37	CIDADE	COLISÃO FRONTAL	0	2	0	0	0	0	0	0	0	2	0	Longo da via	Bom	Sem defeito	Perfeito estado	Seca	Perfeito estado	Faixa de pedestre	Não há placas	40 km/h	Única	Faixa seccionada	""	""
2177	2021-11-30T00:00:00	13:20:00	COM VÍTIMA	FINALIZADA	BOA VISTA	AV GOVERNADOR AGAMENON MAGALHAES	""	""	EM FRENTE AO CÍRCULO MILITAR	BOA VISTA	""	CIDADE	COLISÃO TRANSVERSAL	1	1	0	0	0	0	0	0	0	1	0	Longo da via	Bom	Não existe	Perfeito estado	Seca	Perfeito estado	Não existe	Não há placas	60 km/h	Única	Canteiro central	""	""
2178	2021-11-30T00:00:00	14:15:00	COM VÍTIMA	FINALIZADA	IPUTINGA	RUA DR JOSE ANASTACIO DA SILVA GUIMARAES	330	""	EM FRENTE AO N° 330	IPUTINGA	""	CIDADE	COLISÃO FRONTAL	1	1	0	0	0	0	0	0	0	1	0	Longo da via	Bom	Não existe	Não existente	Seca	Perfeito estado	Não existe	Não há placas	""	Dupla	Não existe	""	""
2179	2021-11-30T00:00:00	15:49:00	COM VÍTIMA	FINALIZADA	CAMPO GRANDE	EST DE BELEM	1533	RUA TENENTE GUIMARAES	MERCADINHO TRÊS CORAÇÕES	CAMPO GRANDE	""	CIDADE	COLISÃO FRONTAL	1	1	0	0	0	0	0	0	0	1	0	Longo da via	Bom	Não existe	Perfeito estado	Seca	Perfeito estado	Não existe	R-6a	""	Dupla	Faixa contínua	""	""
2180	2021-11-30T00:00:00	15:57:00	COM VÍTIMA	FINALIZADA	CASA AMARELA	AV NORTE MIGUEL ARRAES DE ALENCAR	5795	""	LADO OPOSTO A AGÊNCIA DE EMPREGO DO RECIFE	CASA AMARELA	""	CIDADE	ATROPELAMENTO DE PESSOA	0	1	0	0	1	0	0	0	0	1	0	Longo da via	Bom	Não existe	Perfeito estado	Seca	Perfeito estado	Não existe	R-6a	""	Dupla	Canteiro central	""	""
2181	2021-11-30T00:00:00	16:04:00	SEM VÍTIMA	FINALIZADA	MADALENA	TUNEL CHICO SCIENCE	""	""	SOB O TUNEL CHICO SCIENCE	MADALENA	""	""	COLISÃO TRASEIRA	2	0	0	0	0	0	0	0	0	0	0	Longo da via	Bom	Não existe	Não existente	Seca	Perfeito estado	Não existe	Não há placas	""	Única	Faixa contínua	""	""