_id	data	hora	natureza_acidente	situacao	bairro	endereco	numero	detalhe_endereco_acidente	complemento	bairro_cruzamento	num_semaforo	sentido_via	tipo	auto	moto	ciclom	ciclista	pedestre	onibus	caminhao	viatura	outros	vitimas	vitimasfatais	acidente_verificado	tempo_clima	situacao_semaforo	sinalizacao	condicao_via	conservacao_via	ponto_controle	situacao_placa	velocidade_max_via	mao_direcao	divisao_via1	divisao_via2	divisao_via3
2314	2021-12-19T00:00:00	16:32:00	COM VÍTIMA	FINALIZADA	IPUTINGA	AV MAURICIO DE NASSAU	""	""	POR TRÁS DO PARQUE DE EXPOSIÇÕES DO CORDEIRO	IPUTINGA	""	SUBURBIO	COLISÃO LATERAL	1	1	0	0	0	0	0	0	0	2	0	Longo da via	Bom	Não existe	Perfeito estado	Seca	Perfeito estado	Não existe	Não há placas	40 km/h	Dupla	Faixa contínua	""	""
2315	2021-12-19T00:00:00	18:43:00	COM VÍTIMA	FINALIZADA	IBURA	AV DOIS RIOS	""	""	E/F A PIZZARIA PRIME	IBURA	""	""	COLISÃO TRANSVERSAL	1	1	0	0	0	0	0	0	0	1	0	Longo da via	Bom	Sem defeito	Perfeito estado	Seca	Perfeito estado	""	R-6a	60 km/h	Dupla	Faixa contínua	""	""
2316	2021-12-19T00:00:00	19:06:00	SEM VÍTIMA	CANCELADA	IPSEP	RUA POTENGI	750	""	E/F A GALERIA MARIA DE LURDES	IPSEP	""	""	COLISÃO TRASEIRA	0	0	0	0	0	0	0	0	0	0	0	""	""	""	""	""	""	""	""	""	""	""	""	""
2317	2021-12-20T00:00:00	03:50:00	COM VÍTIMA	FINALIZADA	TORRÕES	AV ENGENHEIRO ABDIAS DE CARVALHO	40	""	PRÓXIMO A YOKI	TORRÕES	""	SUBURBIO	COLISÃO LATERAL	1	1	0	0	0	0	0	0	0	1	0	Longo da via	Chuvoso	Não existe	Perfeito estado	Molhada	Perfeito estado	Não existe	Não há placas	60 km/h	Dupla	Faixa seccionada	""	""
2318	2021-12-20T00:00:00	05:07:00	SEM VÍTIMA	FINALIZADA	SANTO AMARO	AV CRUZ CABUGA	""	""	EM FRENTE AO SHOPPING TACARUNA	SANTO AMARO	""	SUBURBIO	CHOQUE	0	0	0	0	0	1	0	0	0	0	0	""	""	""	""	""	""	""	""	""	""	""	""	""
2319	2021-12-20T00:00:00	10:35:00	COM VÍTIMA	FINALIZADA	IMBIRIBEIRA	AV GENERAL MAC ARTHUR	285	""	E/F AO EDIFICIO LE PARC	IMBIRIBEIRA	""	SUBURBIO	COLISÃO TRANSVERSAL	1	1	0	0	0	0	0	0	0	1	0	Longo da via	Bom	Não existe	Perfeito estado	Seca	Perfeito estado	Não existe	Não há placas	40 km/h	Única	Não existe	""	""
2320	2021-12-20T00:00:00	11:35:00	COM VÍTIMA	FINALIZADA	IMBIRIBEIRA	RUA JEAN EMILE FAVRE	143	RUA ITAJAI	PRÓX À LIG PEÇAS ATACADO	IMBIRIBEIRA	""	SUBURBIO	COLISÃO TRANSVERSAL	1	1	0	0	0	0	0	0	0	2	0	Cruzamento	Bom	Não existe	Perfeito estado	Seca	Perfeito estado	Não existe	Não há placas	40 km/h	Única	Não existe	""	""
2321	2021-12-20T00:00:00	13:22:00	SEM VÍTIMA	FINALIZADA	SANTO AMARO	AV GOVERNADOR AGAMENON MAGALHAES	3621	""	LADO OPOSTO AO UNICORDIS	SANTO AMARO	378	""	COLISÃO TRASEIRA	2	0	0	0	0	0	0	0	0	0	0	Longo da via	Bom	Sem defeito	Perfeito estado	Seca	Perfeito estado	Faixa de pedestre	R-6c	60 km/h	Dupla	Canal	""	""
2322	2021-12-20T00:00:00	15:56:00	SEM VÍTIMA	FINALIZADA	ENCRUZILHADA	EST DE BELEM	""	""	PRÓX AO BANCO ITAÚ	ENCRUZILHADA	""	""	COLISÃO TRASEIRA	2	0	0	0	0	0	0	0	0	0	0	""	""	""	""	""	""	""	""	""	""	""	""	""
2323	2021-12-20T00:00:00	16:39:00	SEM VÍTIMA	FINALIZADA	SAN MARTIN	RUA JOSE VELOSO	53	RUA APULCRO DE ASSUNCAO	RUA AO LADO DA CAVALARIA	SAN MARTIN	""	""	COLISÃO FRONTAL	1	1	0	0	0	0	0	0	0	0	0	""	""	""	""	""	""	""	""	""	""	""	""	""
2324	2021-12-20T00:00:00	20:38:00	COM VÍTIMA	FINALIZADA	CAMPO GRANDE	RUA PROFESSOR FRANCISCO DA TRINDADE	118	""	PROX AO CLUBE DAS PAES	CAMPO GRANDE	""	SUBURBIO	COLISÃO TRANSVERSAL	1	1	0	0	0	0	0	0	0	1	0	Longo da via	Bom	Não existe	Perfeito estado	Seca	Perfeito estado	""	Não há placas	""	Dupla	Não existe	""	""
2325	2021-12-21T00:00:00	01:54:00	SEM VÍTIMA	FINALIZADA	IMBIRIBEIRA	AV MARECHAL MASCARENHAS DE MORAES	""	""	E/F AO GERALDÃO	IMBIRIBEIRA	""	""	COLISÃO TRANSVERSAL	2	0	0	0	0	0	0	0	0	0	0	""	""	""	""	""	""	""	""	""	""	""	""	""
2326	2021-12-21T00:00:00	09:45:00	COM VÍTIMA	FINALIZADA	CAXANGÁ	AV CAXANGA	653	""	EM FRENTE AO COMPAZ	CAXANGÁ	489	CIDADE	COLISÃO LATERAL	0	2	0	0	0	0	0	0	0	1	0	Longo da via	Bom	Sem defeito	Perfeito estado	Seca	Perfeito estado	Faixa de pedestre	R-6a	60 km/h	Dupla	Canteiro central	Blocos	""
2327	2021-12-21T00:00:00	10:12:00	COM VÍTIMA	FINALIZADA	BOA VIAGEM	RUA DEZ DE JULHO	481	RUA CAMBOIM	EM FRENTE A MAISON CHRISTAL	BOA VIAGEM	""	CIDADE	COLISÃO LATERAL	1	1	0	0	0	0	0	0	0	1	0	Cruzamento	Bom	Não existe	Perfeito estado	Seca	Perfeito estado	Faixa de pedestre	Não há placas	""	Única	Faixa seccionada	""	""
2328	2021-12-21T00:00:00	10:38:00	COM VÍTIMA	FINALIZADA	BOA VIAGEM	RUA PROFESSOR EDUARDO WANDERLEY FILHO	242	RUA FRANCISCO DA CUNHA	EDIFÍCIO STÚDIO BOA VIAGEM	BOA VIAGEM	""	SUBURBIO	COLISÃO LATERAL	1	1	0	0	0	0	0	0	0	1	0	Cruzamento	Bom	Não existe	Perfeito estado	Seca	Perfeito estado	Faixa de retenção	"Placas ""Pare"""	""	Única	Não existe	""	""
2329	2021-12-21T00:00:00	12:22:00	COM VÍTIMA	FINALIZADA	JIQUIÁ	RUA SAO MIGUEL	2159	""	PROX A FABRICA DA IOLANDA POLO NORTE MOTOS	JIQUIÁ	""	CIDADE	COLISÃO LATERAL	0	1	0	0	0	1	0	0	0	1	0	Longo da via	Bom	Não existe	Perfeito estado	Seca	Perfeito estado	Não existe	R-19	60 km/h	Dupla	Faixa contínua	""	""
2330	2021-12-21T00:00:00	16:57:00	COM VÍTIMA	FINALIZADA	MADALENA	RUA BENFICA	""	RUA REAL DA TORRE	PROXIMO AO MUSEU DA ABOLIÇÃO	MADALENA	257	CIDADE	COLISÃO TRANSVERSAL	1	0	0	0	0	1	0	0	0	2	0	Longo da via	Bom	Sem defeito	Perfeito estado	Seca	Perfeito estado	Faixa de pedestre	Não há placas	""	Dupla	Faixa contínua	""	""
2331	2021-12-21T00:00:00	18:42:00	COM VÍTIMA	CANCELADA	TOTÓ	RUA PAPANDUVA	81	""	PRÓX A ASSOCIAÇÃO DOS MORADORES DE TÓTÓ	TOTÓ	""	""	ATROPELAMENTO DE PESSOA	1	0	0	0	1	0	0	0	0	1	0	""	""	""	""	""	""	""	""	""	""	""	""	""
2332	2021-12-21T00:00:00	21:14:40	COM VÍTIMA	FINALIZADA	TORRE	RUA CONDE DE IRAJA	""	RUA JOSE BONIFACIO	SEMÁFORO 191	TORRE	191	SUBURBIO	COLISÃO LATERAL	1	1	0	0	0	0	0	0	0	1	0	Longo da via	Bom	Sem defeito	Perfeito estado	Seca	Perfeito estado	Faixa de pedestre	Outras	""	Única	""	""	""
2333	2021-12-21T00:00:00	23:00:40	COM VÍTIMA	FINALIZADA	BOA VISTA	RUA DO PRINCIPE	114	RUA DO SOSSEGO	NO CRUZAMENTO MESMO	BOA VISTA	""	CIDADE	COLISÃO LATERAL	2	0	0	0	0	0	0	0	0	1	0	Cruzamento	Bom	Não existe	Perfeito estado	Seca	Perfeito estado	Não existe	Não há placas	""	Única	Faixa seccionada	""	""
2334	2021-12-22T00:00:00	05:42:00	SEM VÍTIMA	FINALIZADA	ILHA DO RETIRO	AV ENGENHEIRO ABDIAS DE CARVALHO	""	""	EM FRENTE AO BOB'S	ILHA DO RETIRO	52	CIDADE	COLISÃO TRASEIRA	1	0	0	0	0	1	0	0	0	0	0	Longo da via	Bom	Sem defeito	Perfeito estado	Seca	Perfeito estado	Faixa de pedestre	Outras	60 km/h	Única	Faixa seccionada	Canteiro central	""
2335	2021-12-22T00:00:00	11:54:00	COM VÍTIMA	FINALIZADA	SANTO AMARO	RUA DA AURORA	""	""	PONTE LIMOEIRO E AO LADO DO HOSPITAL	SANTO AMARO	""	SUBURBIO	COLISÃO COM CICLISTA	1	0	0	1	0	0	0	0	0	1	0	Longo da via	Bom	Sem defeito	Perfeito estado	Seca	Perfeito estado	Agente	Não há placas	""	Única	Faixa contínua	""	""
2336	2021-12-22T00:00:00	12:45:00	COM VÍTIMA	FINALIZADA	CORDEIRO	RUA DR MIGUEL VIEIRA FERREIRA	76	""	PROXIMO AO SEMÁFORO 249	CORDEIRO	249	CIDADE	COLISÃO LATERAL	1	1	0	0	0	0	0	0	0	1	0	Cruzamento	Bom	Sem defeito	Perfeito estado	Seca	Perfeito estado	Faixa de pedestre	Não há placas	""	Dupla	Faixa contínua	""	""
2337	2021-12-23T00:00:00	03:15:00	COM VÍTIMA	FINALIZADA	CAMPO GRANDE	EST DE BELEM	""	""	E/F AO COLÉGIO JESUS CRUCIFICADO	CAMPO GRANDE	""	SUBURBIO	CHOQUE	1	0	0	0	0	0	0	0	0	1	0	Longo da via	Chuvoso	Não existe	Perfeito estado	Molhada	Perfeito estado	Não existe	Não há placas	""	Dupla	Faixa contínua	""	""
2338	2021-12-23T00:00:00	09:04:00	COM VÍTIMA	CANCELADA	BOA VISTA	AV CONDE DA BOA VISTA	1460	""	E/F AO CURSO TRANSWORLD	BOA VISTA	""	SUBURBIO	COLISÃO TRASEIRA	1	1	0	0	0	0	0	0	0	1	0	""	""	""	""	""	""	""	""	""	""	""	""	""
2339	2021-12-23T00:00:00	09:39:00	SEM VÍTIMA	FINALIZADA	PRADO	RUA JOAO IVO DA SILVA	""	AV ENGENHEIRO ABDIAS DE CARVALHO	AO LADO DO HABIB'S	PRADO	132	""	""	1	0	0	0	0	0	1	0	0	0	0	Longo da via	Bom	Sem defeito	Perfeito estado	Seca	Perfeito estado	Faixa de pedestre	R-6a	""	Única	Faixa seccionada	Canteiro central	""
2340	2021-12-23T00:00:00	13:53:00	SEM VÍTIMA	FINALIZADA	SANTO AMARO	AV PREFEITO ARTUR LIMA CAVALCANTI	""	""	POR TRÁS DO HOSPITAL NAVAL DO RECIFE	SANTO AMARO	""	SUBURBIO	CAPOTAMENTO	0	0	0	0	0	0	1	0	0	0	0	""	Bom	Não existe	Perfeito estado	Seca	Perfeito estado	Não existe	Não há placas	30 km/h	Dupla	Canteiro central	""	""
2341	2021-12-23T00:00:00	14:32:00	COM VÍTIMA	FINALIZADA	JAQUEIRA	RUA LEONARDO BEZERRA CAVALCANTE	59	""	PRÓX AO HOSPITAL MARIA LUCINDA	JAQUEIRA	""	""	COLISÃO LATERAL	1	1	0	0	0	0	0	0	0	1	0	Longo da via	Bom	Sem defeito	Perfeito estado	Seca	Perfeito estado	Outros	Outras	""	Dupla	Faixa seccionada	""	""
2342	2021-12-23T00:00:00	16:09:00	COM VÍTIMA	FINALIZADA	CORDEIRO	RUA FIRMINO DE BARROS	69	""	EM FRENTE A CENTRO CAR	CORDEIRO	""	""	QUEDA	0	1	0	0	0	0	0	0	0	1	0	Longo da via	Bom	Não existe	Não existente	Seca	Perfeito estado	Não existe	Não há placas	""	Dupla	Não existe	""	""
2343	2021-12-23T00:00:00	16:15:00	COM VÍTIMA	FINALIZADA	CASA AMARELA	AV NORTE MIGUEL ARRAES DE ALENCAR	5027	""	EM FRENTE AO MORADA DA PAZ ESSENCIAL	CASA AMARELA	""	CIDADE	ATROPELAMENTO DE PESSOA	0	1	0	0	1	0	0	0	0	1	0	Longo da via	Chuvoso	Sem defeito	Perfeito estado	Molhada	Perfeito estado	Não existe	Outras	60 km/h	Única	Faixa contínua	""	""
2344	2021-12-24T00:00:00	00:40:00	COM VÍTIMA	FINALIZADA	SANTO AMARO	AV GOVERNADOR AGAMENON MAGALHAES	""	RUA ODORICO MENDES	""	SANTO AMARO	49	CIDADE	COLISÃO TRANSVERSAL	1	1	0	0	0	0	0	0	0	1	0	Cruzamento	Bom	Sem defeito	Perfeito estado	Seca	Perfeito estado	""	""	""	Dupla	Outros	""	""
2345	2021-12-24T00:00:00	07:52:00	OUTROS	FINALIZADA	CAXANGÁ	AV JOAQUIM RIBEIRO	""	""	SENT. CIDADE, NA SUBIDA DA PONTE PROX. A UPA	CAXANGÁ	""	""	OUTROS	1	0	0	0	0	0	0	0	0	0	0	""	""	""	""	""	""	""	""	""	""	""	""	""
2346	2021-12-24T00:00:00	10:01:00	COM VÍTIMA	FINALIZADA	TAMARINEIRA	AV PROFESSOR JOSE DOS ANJOS	1561	""	APÓS O CRUZAMENTO DA ESTRADA VELHA	TAMARINEIRA	""	SESC	QUEDA	0	1	0	0	0	0	0	0	0	1	0	Longo da via	Bom	Não existe	Perfeito estado	Seca	Perfeito estado	Não existe	Não há placas	""	Dupla	Canal	""	""
2347	2021-12-24T00:00:00	12:47:00	COM VÍTIMA	CANCELADA	PINA	AVENIDA CELSO FURTADO (VIA MANGUE)	""	""	PRÓX AO 19° BPM	PINA	""	""	COLISÃO COM CICLISTA	0	1	0	1	0	0	0	0	0	2	0	""	""	""	""	""	""	""	""	""	""	""	""	""
2348	2021-12-24T00:00:00	14:15:00	COM VÍTIMA	FINALIZADA	IPUTINGA	RUA LEAL DE BARROS	""	RUA PEREIRA COUTINHO FILHO	PRÓX AO COLÉGIO EXPOENTE	IPUTINGA	""	SUBURBIO	COLISÃO FRONTAL	1	1	0	0	0	0	0	0	0	1	0	Cruzamento	Bom	Não existe	Não existente	Seca	Perfeito estado	Não existe	Não há placas	40 km/h	Dupla	Faixa contínua	""	""
2349	2021-12-24T00:00:00	17:15:00	COM VÍTIMA	FINALIZADA	AFOGADOS	RUA JACIRA	1714	RUA CINCO DE NOVEMBRO	PRÓXIMO À BIBLIOTECA DE AFOGADOS	AFOGADOS	""	SUBURBIO	COLISÃO TRANSVERSAL	1	1	0	0	0	0	0	0	0	2	0	Cruzamento	Bom	Não existe	Perfeito estado	Seca	Perfeito estado	Não existe	Não há placas	30 km/h	Dupla	Não existe	""	""
2350	2021-12-24T00:00:00	19:12:00	COM VÍTIMA	FINALIZADA	PORTO DA MADEIRA	AV BEBERIBE	3035	""	SEMÁFORO 517	PORTO DA MADEIRA	""	SUBURBIO	COLISÃO TRANSVERSAL	1	1	0	0	0	0	0	0	0	1	0	Longo da via	Bom	Não existe	Não existente	Seca	Mal conservada	Não existe	Não há placas	""	Dupla	Faixa contínua	Faixa seccionada	""
2351	2021-12-25T00:00:00	09:06:00	COM VÍTIMA	FINALIZADA	ESPINHEIRO	RUA CONS PORTELA	852B	""	E/F O BELAS ARTES	ESPINHEIRO	""	SUBURBIO	CHOQUE	0	1	0	0	0	0	0	0	0	1	0	Longo da via	Chuvoso	Não existe	Perfeito estado	Seca	Perfeito estado	Outros	R-6a	""	Única	Faixa seccionada	""	""
2352	2021-12-26T00:00:00	00:59:00	COM VÍTIMA	FINALIZADA	TORRE	RUA MARQUES DE MARICA	214	""	PRÓXIMO Á PRAÇA DA TORRE	TORRE	""	SUBURBIO	ATROPELAMENTO DE PESSOA	1	0	0	0	1	0	0	0	0	1	0	Longo da via	Chuvoso	Não existe	Perfeito estado	Molhada	Perfeito estado	Não existe	Não há placas	""	Única	Faixa seccionada	""	""
2353	2021-12-26T00:00:00	01:12:00	SEM VÍTIMA	FINALIZADA	SANTO AMARO	AV CRUZ CABUGA	""	""	EM FRENTE AO HOSPITAL DO CANCER	SANTO AMARO	""	""	CHOQUE	0	0	0	0	0	0	0	0	0	0	0	""	""	""	""	""	""	""	""	""	""	""	""	""
2354	2021-12-26T00:00:00	02:33:00	COM VÍTIMA	FINALIZADA	BOA VIAGEM	RUA JOSE MARIA DE MIRANDA	""	AV ENGENHEIRO DOMINGOS FERREIRA	APÓS O BANCO DO BRASIL	BOA VIAGEM	484	SUBURBIO	COLISÃO TRANSVERSAL	1	1	0	0	0	0	0	0	0	1	0	Cruzamento	Chuvoso	Sem defeito	Perfeito estado	Molhada	Perfeito estado	Faixa de retenção	Não há placas	60 km/h	Única	Faixa seccionada	Canteiro central	""
2355	2021-12-26T00:00:00	02:47:00	COM VÍTIMA	FINALIZADA	TAMARINEIRA	RUA CONEGO BARATA	""	EST DO ARRAIAL	EM FRENTE A CASAS JOSE ARAUJO	TAMARINEIRA	61	SUBURBIO	COLISÃO TRANSVERSAL	1	0	0	0	0	1	0	0	0	1	0	Cruzamento	Chuvoso	Sem defeito	Perfeito estado	Molhada	Perfeito estado	Faixa de pedestre	Outras	""	Dupla	Canteiro central	""	""
2356	2021-12-26T00:00:00	13:56:00	COM VÍTIMA	FINALIZADA	TOTÓ	RUA PAULINO DE FARIAS	339	""	PROXIMO A ANTIGA ACADEMIA NOVA ERA	TOTÓ	""	SUBURBIO	COLISÃO FRONTAL	1	1	0	0	0	0	0	0	0	1	0	Longo da via	Chuvoso	Não existe	Incompleta	Molhada	Perfeito estado	Não existe	Não há placas	""	Dupla	Não existe	""	""
2357	2021-12-26T00:00:00	19:17:00	COM VÍTIMA	CANCELADA	PORTO DA MADEIRA	AV BEBERIBE	""	RUA CONS BARROS BARRETO	PRÓX AO EDF JP ll	PORTO DA MADEIRA	""	""	COLISÃO LATERAL	0	0	0	0	0	0	0	0	0	1	0	""	""	""	""	""	""	""	""	""	""	""	""	""
2358	2021-12-27T00:00:00	06:06:00	SEM VÍTIMA	FINALIZADA	SANTO ANTÔNIO	RUA FLORIANO PEIXOTO	141	""	EM FRENTE AO SEMÁFORO NÚMERO 668	SANTO ANTÔNIO	668	CIDADE	CHOQUE	0	0	0	0	0	0	0	1	0	0	0	Longo da via	Bom	Sem defeito	Perfeito estado	Seca	Perfeito estado	Faixa de pedestre	R-6a	""	Única	Faixa contínua	Faixa seccionada	""
2359	2021-12-27T00:00:00	08:08:00	SEM VÍTIMA	FINALIZADA	SANTO AMARO	AV CRUZ CABUGA	""	""	EM FRENTE AO HOSPITAL DO CÂNCER	SANTO AMARO	""	SUBURBIO	COLISÃO FRONTAL	1	0	0	0	0	0	0	0	0	0	0	Longo da via	Bom	Não existe	Perfeito estado	Seca	Mal iluminada	Faixa de pedestre	Não há placas	40 km/h	Dupla	Blocos	""	""
2360	2021-12-27T00:00:00	08:50:00	COM VÍTIMA	CANCELADA	MADALENA	EST DOS REMEDIOS	""	AV JOSE GONCALVES DE MEDEIROS	EM FRENTE A POLICLINICA	MADALENA	""	""	COLISÃO LATERAL	2	0	0	0	0	0	0	0	0	1	0	""	""	""	""	""	""	""	""	""	""	""	""	""
2361	2021-12-27T00:00:00	13:49:00	COM VÍTIMA	FINALIZADA	ÁGUA FRIA	AV BEBERIBE	1806	""	EM FRENTE AO ACONCHEGO DECOR	ÁGUA FRIA	""	SUBURBIO	ATROPELAMENTO DE PESSOA	0	0	0	0	1	1	0	0	0	1	0	Longo da via	Bom	Não existe	Perfeito estado	Seca	Perfeito estado	Faixa de pedestre	R-32	""	Dupla	Faixa contínua	""	""
2362	2021-12-27T00:00:00	15:46:00	COM VÍTIMA	FINALIZADA	CORDEIRO	AV MAURICIO DE NASSAU	""	""	PROXIMO AO GOE	CORDEIRO	""	CIDADE	COLISÃO LATERAL	1	1	0	0	0	0	0	0	0	1	0	Longo da via	Bom	Não existe	Perfeito estado	Seca	Perfeito estado	Não existe	Não há placas	60 km/h	Dupla	Faixa contínua	""	""
2363	2021-12-28T00:00:00	01:11:00	SEM VÍTIMA	FINALIZADA	TAMARINEIRA	RUA PADRE ROMA	""	RUA DO FUTURO	""	TAMARINEIRA	""	""	CHOQUE	0	0	0	0	0	0	0	0	0	0	0	""	""	""	""	""	""	""	""	""	""	""	""	""
2364	2021-12-28T00:00:00	08:05:00	COM VÍTIMA	FINALIZADA	SANTO AMARO	AV CRUZ CABUGA	1597	""	EM FRENTE AO HOSPITAL DO CANCER SENT. CIDADE	SANTO AMARO	""	CIDADE	COLISÃO TRASEIRA	1	1	0	0	0	0	0	0	0	1	0	Longo da via	Bom	Sem defeito	Perfeito estado	Seca	Perfeito estado	Não existe	Não há placas	""	Dupla	Blocos	""	""
2365	2021-12-28T00:00:00	11:32:00	COM VÍTIMA	CANCELADA	SAN MARTIN	AV ENGENHEIRO ABDIAS DE CARVALHO	1827	""	PROXIMO DO COMPAZ, SENTIDO CIDADE	SAN MARTIN	""	""	COLISÃO LATERAL	1	1	0	0	0	0	0	0	0	1	0	""	""	""	""	""	""	""	""	""	""	""	""	""
2366	2021-12-28T00:00:00	14:55:00	SEM VÍTIMA	FINALIZADA	SANTO AMARO	AV GOVERNADOR AGAMENON MAGALHAES	""	""	EM FRENTE AO PRÉDIO MINISTÉRIO PÚBLICO FEDERAL	SANTO AMARO	""	CIDADE	COLISÃO TRANSVERSAL	1	0	0	0	0	0	1	0	0	0	0	Longo da via	Bom	Não existe	Perfeito estado	Seca	Perfeito estado	Não existe	Não há placas	60 km/h	Dupla	Não existe	""	""
2367	2021-12-28T00:00:00	17:57:00	COM VÍTIMA	FINALIZADA	AFOGADOS	RUA SAO MIGUEL	133	""	EM FRENTE AO DEPATRI EM FRENTE AO CARTÓRIO DE AFOGADOS	AFOGADOS	""	CIDADE	COLISÃO LATERAL	1	0	0	0	0	1	0	0	0	1	0	Cruzamento	Bom	Não existe	Não existente	Seca	Perfeito estado	Não existe	Não há placas	""	Dupla	""	""	""
2368	2021-12-28T00:00:00	20:43:40	SEM VÍTIMA	FINALIZADA	BREJO DA GUABIRABA	AV VEREADOR OTACILIO AZEVEDO	395	""	PROX A ESCOLA ALVARO LINS	BREJO DA GUABIRABA	""	""	COLISÃO LATERAL	0	2	0	0	0	0	0	0	0	0	0	Longo da via	Bom	Não existe	Perfeito estado	Seca	Perfeito estado	""	Não há placas	""	Dupla	Não existe	""	""
2369	2021-12-29T00:00:00	09:58:00	COM VÍTIMA	FINALIZADA	TORRE	RUA PROFESSOR TRAJANO DE MENDONCA	305	""	AO LADO DA FARMACIA DROGASIL	TORRE	""	AFOGADOS	COLISÃO LATERAL	1	1	0	0	0	0	0	0	0	1	0	Longo da via	Bom	Não existe	Perfeito estado	Seca	Perfeito estado	Não existe	Não há placas	""	Única	Faixa contínua	""	""
2370	2021-12-29T00:00:00	16:50:00	COM VÍTIMA	FINALIZADA	DERBY	AV GOVERNADOR AGAMENON MAGALHAES	""	""	SOB O SEMÁFORO 075	DERBY	75	BOA VIAGEM	COLISÃO COM CICLISTA	0	1	0	1	0	0	0	0	0	1	0	Cruzamento	Bom	Sem defeito	Perfeito estado	Seca	Perfeito estado	Agente	""	60 km/h	Única	Faixa seccionada	Canteiro central	""
2371	2021-12-29T00:00:00	20:34:00	COM VÍTIMA	CANCELADA	SÃO JOSÉ	RUA IMPERIAL	1222	""	PRÓX AO VIADUTO DA IMPERIAL	SÃO JOSÉ	""	""	COLISÃO COM CICLISTA	0	0	0	1	0	0	0	0	0	1	0	""	""	""	""	""	""	""	""	""	""	""	""	""
2372	2021-12-29T00:00:00	22:33:40	COM VÍTIMA	FINALIZADA	JORDÃO	AV MARIA IRENE	1021	""	EM FRENTE À OFICINA FÁBIO MULTIMARCAS	JORDÃO	""	SUBURBIO	COLISÃO LATERAL	1	1	0	0	0	0	0	0	0	2	0	Longo da via	Bom	Não existe	Não existente	Seca	Mal iluminada	Não existe	Não há placas	40 km/h	Dupla	Não existe	""	""
2373	2021-12-30T00:00:00	10:46:00	SEM VÍTIMA	FINALIZADA	BONGI	AV ENGENHEIRO ABDIAS DE CARVALHO	1111	""	EM FRENTE  AO Nº 1111	BONGI	354	SUBURBIO	""	0	0	0	0	0	0	1	1	0	0	0	Longo da via	Bom	Sem defeito	Perfeito estado	Seca	Perfeito estado	Faixa de pedestre	""	""	Dupla	Canteiro central	""	""
2374	2021-12-30T00:00:00	12:34:00	COM VÍTIMA	FINALIZADA	PINA	AV REPUBLICA DO LIBANO	508	RUA BARAO DE SANTO ANGELO	AO LADO  EMPRESARIAL DO RIO MAR	PINA	""	BOA VIAGEM	COLISÃO LATERAL	1	1	0	0	0	0	0	0	0	1	0	Longo da via	Bom	Sem defeito	Perfeito estado	Seca	Perfeito estado	Não existe	Não há placas	60 km/h	Única	Não existe	""	""
2375	2021-12-31T00:00:00	10:13:00	COM VÍTIMA	FINALIZADA	SAN MARTIN	RUA DELMIRO GOUVEIA	333	""	EM FRENTE A CHESF	SAN MARTIN	586	""	COLISÃO COM CICLISTA	1	0	0	1	0	0	0	0	0	1	0	Longo da via	Bom	Sem defeito	Perfeito estado	Seca	Perfeito estado	Não existe	Não há placas	""	Dupla	Não existe	""	""
2376	2021-12-31T00:00:00	11:36:00	COM VÍTIMA	FINALIZADA	ESTÂNCIA	AV RECIFE	673	""	EM FRENTE AO LABORATORIO CERPE	ESTÂNCIA	""	SUBURBIO	COLISÃO TRASEIRA	1	1	0	0	0	0	0	0	0	1	0	Longo da via	Bom	Sem defeito	Perfeito estado	Seca	Perfeito estado	Não existe	R-6a	""	Dupla	Faixa contínua	Faixa seccionada	Canteiro central
2377	2021-12-31T00:00:00	12:56:00	COM VÍTIMA	FINALIZADA	VÁRZEA	RUA GASTAO VIDIGAL	125	""	EM FRENTE AO MOTEL DO NINJA	VÁRZEA	""	CIDADE	COLISÃO FRONTAL	0	1	0	0	0	1	0	0	0	1	0	Cruzamento	Bom	Não existe	Perfeito estado	Seca	Perfeito estado	Não existe	Não há placas	""	Dupla	Faixa seccionada	""	""
2378	2021-12-31T00:00:00	15:00:00	COM VÍTIMA	FINALIZADA	TORREÃO	AV NORTE MIGUEL ARRAES DE ALENCAR	""	RUA NATIVIDADE SALDANHA	ACIDENTE COM VITÍMA NA PRAÇA DA PICANHA / SOLICITADO PELO COORD RICARDO MARIANO	TORREÃO	376	SUBURBIO	COLISÃO TRASEIRA	2	0	0	0	0	0	0	0	0	1	0	Cruzamento	Bom	Sem defeito	Perfeito estado	Seca	Perfeito estado	Faixa de pedestre	Outras	60 km/h	Dupla	Faixa contínua	Faixa seccionada	Canteiro central
2379	2021-12-31T00:00:00	20:44:00	COM VÍTIMA	CANCELADA	PRADO	RUA PANDIA CALOGERAS	""	""	PROX AO HABIBIS	PRADO	""	""	COLISÃO FRONTAL	2	0	0	0	0	0	0	0	0	2	0	""	""	""	""	""	""	""	""	""	""	""	""	""
2380	2021-12-31T00:00:00	20:56:00	COM VÍTIMA	CANCELADA	IPSEP	RUA JEAN EMILE FAVRE	""	""	ENFRENTE A SO MOTO E FARMACIA DIARIAMENTE	IPSEP	""	""	COLISÃO TRASEIRA	2	0	0	0	0	0	0	0	0	1	0	""	""	""	""	""	""	""	""	""	""	""	""	""